2026-10-01T08:27:26.1574153Z Current runner version: '2.337.0'
2026-10-01T08:27:26.1597445Z ##[group]Runner Image Provisioner
2026-10-01T08:27:26.1598294Z Hosted Compute Agent
2026-10-01T08:27:26.1599005Z Version: 20260901.588
2026-10-01T08:27:26.1599628Z Commit: f88ec8081b781fac6c440065ac7ff9e710ce3d0b
2026-10-01T08:27:26.1600841Z Build Date: 2026-09-01T19:56:44Z
2026-10-01T08:27:26.1601562Z Worker ID: {240dba67-64c6-4921-a8fe-dba63486d446}
2026-10-01T08:27:26.1602309Z Azure Region: eastus2
2026-10-01T08:27:26.1602937Z ##[endgroup]
2026-10-01T08:27:26.1605178Z ##[group]Operating System
2026-10-01T08:27:26.1605894Z Ubuntu
2026-10-01T08:27:26.1606441Z 24.04.5
2026-10-01T08:27:26.1606980Z LTS
2026-10-01T08:27:26.1607597Z ##[endgroup]
2026-10-01T08:27:26.1608149Z ##[group]Runner Image
2026-10-01T08:27:26.1608718Z Image: ubuntu-24.04
2026-10-01T08:27:26.1609350Z Version: 20260927.320.1
2026-10-01T08:27:26.1611430Z Included Software: https://github.com/actions/runner-images/blob/ubuntu24/20260927.320/images/ubuntu/Ubuntu2404-Readme.md
2026-10-01T08:27:26.1613141Z Image Release: https://github.com/actions/runner-images/releases/tag/ubuntu24%2F20260927.320
2026-10-01T08:27:26.1614145Z ##[endgroup]
2026-10-01T08:27:26.1615378Z ##[group]GITHUB_TOKEN Permissions
2026-10-01T08:27:26.1617617Z Contents: read
2026-10-01T08:27:26.1618344Z Metadata: read
2026-10-01T08:27:26.1618965Z ##[endgroup]
2026-10-01T08:27:26.1621988Z Secret source: Actions
2026-10-01T08:27:26.1622932Z Cache mode: write
2026-10-01T08:27:26.1623657Z Prepare workflow directory
2026-10-01T08:27:26.1963211Z Prepare all required actions
2026-10-01T08:27:26.2010592Z Getting action download info
2026-10-01T08:27:26.4618910Z Download action repository 'actions/checkout@3d3c42e5aac5ba805825da76410c181273ba90b1' (SHA:3d3c42e5aac5ba805825da76410c181273ba90b1)
2026-10-01T08:27:26.5660064Z Download action repository 'actions/setup-python@ece7cb06caefa5fff74198d8649806c4678c61a1' (SHA:ece7cb06caefa5fff74198d8649806c4678c61a1)
2026-10-01T08:27:26.6398382Z Download action repository 'actions/upload-artifact@043fb46d1a93c77aae656e7c1c64a875d1fc6a0a' (SHA:043fb46d1a93c77aae656e7c1c64a875d1fc6a0a)
2026-10-01T08:27:26.8250352Z Complete job name: Python 3.12 CPU shard 5
2026-10-01T08:27:26.9015186Z ##[group]Run actions/checkout@3d3c42e5aac5ba805825da76410c181273ba90b1
2026-10-01T08:27:26.9016230Z with:
2026-10-01T08:27:26.9016675Z   repository: gonos2k/AD4DVAR-radar
2026-10-01T08:27:26.9020868Z   token: ***
2026-10-01T08:27:26.9021300Z   ssh-strict: true
2026-10-01T08:27:26.9021724Z   ssh-user: git
2026-10-01T08:27:26.9022168Z   persist-credentials: true
2026-10-01T08:27:26.9022647Z   clean: true
2026-10-01T08:27:26.9023080Z   sparse-checkout-cone-mode: true
2026-10-01T08:27:26.9023589Z   fetch-depth: 1
2026-10-01T08:27:26.9024015Z   fetch-tags: false
2026-10-01T08:27:26.9024450Z   show-progress: true
2026-10-01T08:27:26.9024896Z   lfs: false
2026-10-01T08:27:26.9025301Z   submodules: false
2026-10-01T08:27:26.9025742Z   set-safe-directory: true
2026-10-01T08:27:26.9026238Z   allow-unsafe-pr-checkout: false
2026-10-01T08:27:26.9027036Z ##[endgroup]
2026-10-01T08:27:27.0044457Z Syncing repository: gonos2k/AD4DVAR-radar
2026-10-01T08:27:27.0047062Z ##[group]Getting Git version info
2026-10-01T08:27:27.0048326Z Working directory is '/home/runner/work/AD4DVAR-radar/AD4DVAR-radar'
2026-10-01T08:27:27.0050291Z [command]/usr/bin/git version
2026-10-01T08:27:27.0120953Z git version 2.55.0
2026-10-01T08:27:27.0142309Z ##[endgroup]
2026-10-01T08:27:27.0152603Z Temporarily overriding HOME='/home/runner/work/_temp/c8d159fd-cd88-49dd-aabb-a7c3ce61ce29' before making global git config changes
2026-10-01T08:27:27.0154912Z Adding repository directory to the temporary git global config as a safe directory
2026-10-01T08:27:27.0158672Z [command]/usr/bin/git config --global --add safe.directory /home/runner/work/AD4DVAR-radar/AD4DVAR-radar
2026-10-01T08:27:27.0221193Z Deleting the contents of '/home/runner/work/AD4DVAR-radar/AD4DVAR-radar'
2026-10-01T08:27:27.0223637Z ##[group]Determining repository object format
2026-10-01T08:27:27.0225743Z ##[endgroup]
2026-10-01T08:27:27.0227215Z ##[group]Initializing the repository
2026-10-01T08:27:27.0228610Z [command]/usr/bin/git init /home/runner/work/AD4DVAR-radar/AD4DVAR-radar
2026-10-01T08:27:27.0354557Z hint: Using 'master' as the name for the initial branch. This default branch name
2026-10-01T08:27:27.0356481Z hint: will change to "main" in Git 3.0. To configure the initial branch name
2026-10-01T08:27:27.0358728Z hint: to use in all of your new repositories, which will suppress this warning,
2026-10-01T08:27:27.0360598Z hint: call:
2026-10-01T08:27:27.0361280Z hint:
2026-10-01T08:27:27.0361957Z hint: 	git config --global init.defaultBranch <name>
2026-10-01T08:27:27.0363254Z hint:
2026-10-01T08:27:27.0364228Z hint: Names commonly chosen instead of 'master' are 'main', 'trunk' and
2026-10-01T08:27:27.0365332Z hint: 'development'. The just-created branch can be renamed via this command:
2026-10-01T08:27:27.0366193Z hint:
2026-10-01T08:27:27.0366663Z hint: 	git branch -m <name>
2026-10-01T08:27:27.0367226Z hint:
2026-10-01T08:27:27.0368175Z hint: Disable this message with "git config set advice.defaultBranchName false"
2026-10-01T08:27:27.0370037Z Initialized empty Git repository in /home/runner/work/AD4DVAR-radar/AD4DVAR-radar/.git/
2026-10-01T08:27:27.0371810Z [command]/usr/bin/git remote add origin https://github.com/gonos2k/AD4DVAR-radar
2026-10-01T08:27:27.0422545Z ##[endgroup]
2026-10-01T08:27:27.0423754Z ##[group]Disabling automatic garbage collection
2026-10-01T08:27:27.0425710Z [command]/usr/bin/git config --local gc.auto 0
2026-10-01T08:27:27.0459341Z ##[endgroup]
2026-10-01T08:27:27.0460538Z ##[group]Setting up auth
2026-10-01T08:27:27.0461285Z Removing SSH command configuration
2026-10-01T08:27:27.0466335Z [command]/usr/bin/git config --local --name-only --get-regexp core\.sshCommand
2026-10-01T08:27:27.0511062Z [command]/usr/bin/git submodule foreach --recursive sh -c "git config --local --name-only --get-regexp 'core\.sshCommand' && git config --local --unset-all 'core.sshCommand' || :"
2026-10-01T08:27:27.0917712Z Removing HTTP extra header
2026-10-01T08:27:27.0924063Z [command]/usr/bin/git config --local --name-only --get-regexp http\.https\:\/\/github\.com\/\.extraheader
2026-10-01T08:27:27.0960549Z [command]/usr/bin/git submodule foreach --recursive sh -c "git config --local --name-only --get-regexp 'http\.https\:\/\/github\.com\/\.extraheader' && git config --local --unset-all 'http.https://github.com/.extraheader' || :"
2026-10-01T08:27:27.1181410Z Removing includeIf entries pointing to credentials config files
2026-10-01T08:27:27.1185984Z [command]/usr/bin/git config --local --name-only --get-regexp ^includeIf\.gitdir:
2026-10-01T08:27:27.1219716Z [command]/usr/bin/git submodule foreach --recursive git config --local --show-origin --name-only --get-regexp remote.origin.url
2026-10-01T08:27:27.1468395Z [command]/usr/bin/git config --file /home/runner/work/_temp/git-credentials-7bd04aca-f5d3-415a-b116-25a503e379c1.config http.https://github.com/.extraheader AUTHORIZATION: basic ***
2026-10-01T08:27:27.1508001Z [command]/usr/bin/git config --local includeIf.gitdir:/home/runner/work/AD4DVAR-radar/AD4DVAR-radar/.git.path /home/runner/work/_temp/git-credentials-7bd04aca-f5d3-415a-b116-25a503e379c1.config
2026-10-01T08:27:27.1550487Z [command]/usr/bin/git config --local includeIf.gitdir:/home/runner/work/AD4DVAR-radar/AD4DVAR-radar/.git/worktrees/*.path /home/runner/work/_temp/git-credentials-7bd04aca-f5d3-415a-b116-25a503e379c1.config
2026-10-01T08:27:27.1588882Z [command]/usr/bin/git config --local includeIf.gitdir:/github/workspace/.git.path /github/runner_temp/git-credentials-7bd04aca-f5d3-415a-b116-25a503e379c1.config
2026-10-01T08:27:27.1629223Z [command]/usr/bin/git config --local includeIf.gitdir:/github/workspace/.git/worktrees/*.path /github/runner_temp/git-credentials-7bd04aca-f5d3-415a-b116-25a503e379c1.config
2026-10-01T08:27:27.1661989Z ##[endgroup]
2026-10-01T08:27:27.1663328Z ##[group]Fetching the repository
2026-10-01T08:27:27.1669662Z [command]/usr/bin/git -c protocol.version=2 fetch --no-tags --prune --no-recurse-submodules --depth=1 origin +a9e321d15e4f7fc80b4ea494e1c732897fa0ccdf:refs/remotes/origin/agent/full-cpu-package-regression
2026-10-01T08:27:28.4703887Z From https://github.com/gonos2k/AD4DVAR-radar
2026-10-01T08:27:28.4705487Z  * [new ref]         a9e321d15e4f7fc80b4ea494e1c732897fa0ccdf -> origin/agent/full-cpu-package-regression
2026-10-01T08:27:28.4731174Z [command]/usr/bin/git branch --list --remote origin/agent/full-cpu-package-regression
2026-10-01T08:27:28.4760973Z   origin/agent/full-cpu-package-regression
2026-10-01T08:27:28.4764099Z [command]/usr/bin/git rev-parse refs/remotes/origin/agent/full-cpu-package-regression
2026-10-01T08:27:28.4790855Z a9e321d15e4f7fc80b4ea494e1c732897fa0ccdf
2026-10-01T08:27:28.4792900Z ##[endgroup]
2026-10-01T08:27:28.4793730Z ##[group]Determining the checkout info
2026-10-01T08:27:28.4794581Z ##[endgroup]
2026-10-01T08:27:28.4795218Z [command]/usr/bin/git sparse-checkout disable
2026-10-01T08:27:28.4852329Z [command]/usr/bin/git config --local --unset-all extensions.worktreeConfig
2026-10-01T08:27:28.4881998Z ##[group]Checking out the ref
2026-10-01T08:27:28.4892835Z [command]/usr/bin/git checkout --progress --force -B agent/full-cpu-package-regression refs/remotes/origin/agent/full-cpu-package-regression
2026-10-01T08:27:28.6882161Z Switched to a new branch 'agent/full-cpu-package-regression'
2026-10-01T08:27:28.6886660Z branch 'agent/full-cpu-package-regression' set up to track 'origin/agent/full-cpu-package-regression'.
2026-10-01T08:27:28.6910267Z ##[endgroup]
2026-10-01T08:27:28.6960252Z [command]/usr/bin/git log -1 --format=%H
2026-10-01T08:27:28.6988966Z a9e321d15e4f7fc80b4ea494e1c732897fa0ccdf
2026-10-01T08:27:28.7363224Z ##[group]Run actions/setup-python@ece7cb06caefa5fff74198d8649806c4678c61a1
2026-10-01T08:27:28.7365814Z with:
2026-10-01T08:27:28.7367309Z   python-version: 3.12
2026-10-01T08:27:28.7437207Z   cache: pip
2026-10-01T08:27:28.7439610Z   cache-dependency-path: requirements/ci-py312-linux.lock
2026-10-01T08:27:28.7442966Z   check-latest: false
2026-10-01T08:27:28.7457406Z   token: ***
2026-10-01T08:27:28.7458479Z   update-environment: true
2026-10-01T08:27:28.7459591Z   allow-prereleases: false
2026-10-01T08:27:28.7461028Z   freethreaded: false
2026-10-01T08:27:28.7462008Z ##[endgroup]
2026-10-01T08:27:28.8749482Z ##[group]Installed versions
2026-10-01T08:27:28.8841983Z Successfully set up CPython (3.12.14)
2026-10-01T08:27:28.8843950Z ##[endgroup]
2026-10-01T08:27:28.9145057Z [command]/opt/hostedtoolcache/Python/3.12.14/x64/bin/pip cache dir
2026-10-01T08:27:29.2478603Z /home/runner/.cache/pip
2026-10-01T08:27:29.3905898Z Cache hit for restore-key: setup-python-Linux-x64-24.04-Ubuntu-python-3.12.14-pip-f7cee36fe32686215bbb9f8a086817e4840e974b74a211879070eaf02f04bcd8
2026-10-01T08:27:30.4441666Z Received 218103808 of 287618844 (75.8%), 205.9 MBs/sec
2026-10-01T08:27:30.7171678Z Received 287618844 of 287618844 (100.0%), 213.8 MBs/sec
2026-10-01T08:27:30.7172708Z Cache Size: ~274 MB (287618844 B)
2026-10-01T08:27:30.7261377Z [command]/usr/bin/tar -xf /home/runner/work/_temp/204b11eb-7fe9-4f0d-a7ba-677492942f95/cache.tzst -P -C /home/runner/work/AD4DVAR-radar/AD4DVAR-radar --use-compress-program unzstd
2026-10-01T08:27:31.1134751Z Cache restored successfully
2026-10-01T08:27:31.1259549Z Cache restored from key: setup-python-Linux-x64-24.04-Ubuntu-python-3.12.14-pip-f7cee36fe32686215bbb9f8a086817e4840e974b74a211879070eaf02f04bcd8
2026-10-01T08:27:31.1473104Z ##[group]Run python -I -m pip install \
2026-10-01T08:27:31.1473564Z [36;1mpython -I -m pip install \[0m
2026-10-01T08:27:31.1473874Z [36;1m  --require-hashes \[0m
2026-10-01T08:27:31.1474150Z [36;1m  --only-binary=:all: \[0m
2026-10-01T08:27:31.1474587Z [36;1m  --extra-index-url https://download.pytorch.org/whl/cpu \[0m
2026-10-01T08:27:31.1475077Z [36;1m  --requirement requirements/ci-py312-linux.lock[0m
2026-10-01T08:27:31.1746598Z shell: /usr/bin/bash -e {0}
2026-10-01T08:27:31.1746938Z env:
2026-10-01T08:27:31.1747281Z   pythonLocation: /opt/hostedtoolcache/Python/3.12.14/x64
2026-10-01T08:27:31.1748073Z   PKG_CONFIG_PATH: /opt/hostedtoolcache/Python/3.12.14/x64/lib/pkgconfig
2026-10-01T08:27:31.1748590Z   Python_ROOT_DIR: /opt/hostedtoolcache/Python/3.12.14/x64
2026-10-01T08:27:31.1749043Z   Python2_ROOT_DIR: /opt/hostedtoolcache/Python/3.12.14/x64
2026-10-01T08:27:31.1749491Z   Python3_ROOT_DIR: /opt/hostedtoolcache/Python/3.12.14/x64
2026-10-01T08:27:31.1750283Z   LD_LIBRARY_PATH: /opt/hostedtoolcache/Python/3.12.14/x64/lib
2026-10-01T08:27:31.1750684Z ##[endgroup]
2026-10-01T08:27:31.7723826Z Looking in indexes: https://pypi.org/simple, https://download.pytorch.org/whl/cpu
2026-10-01T08:27:32.0457318Z Collecting basedpyright==1.39.9 (from -r requirements/ci-py312-linux.lock (line 5))
2026-10-01T08:27:32.0480738Z   Using cached basedpyright-1.39.9-py3-none-any.whl (13.4 MB)
2026-10-01T08:27:32.1298923Z Collecting boolean-py==5.0 (from -r requirements/ci-py312-linux.lock (line 9))
2026-10-01T08:27:32.1315500Z   Using cached boolean_py-5.0-py3-none-any.whl (26 kB)
2026-10-01T08:27:32.1711017Z Collecting build==1.5.0 (from -r requirements/ci-py312-linux.lock (line 13))
2026-10-01T08:27:32.1728984Z   Using cached build-1.5.0-py3-none-any.whl (26 kB)
2026-10-01T08:27:32.2123795Z Collecting cachecontrol==0.14.4 (from -r requirements/ci-py312-linux.lock (line 17))
2026-10-01T08:27:32.2136137Z   Using cached cachecontrol-0.14.4-py3-none-any.whl (22 kB)
2026-10-01T08:27:32.2445921Z Collecting certifi==2026.7.22 (from -r requirements/ci-py312-linux.lock (line 21))
2026-10-01T08:27:32.2457368Z   Using cached certifi-2026.7.22-py3-none-any.whl (136 kB)
2026-10-01T08:27:32.3687561Z Collecting cffi==2.1.1 (from -r requirements/ci-py312-linux.lock (line 25))
2026-10-01T08:27:32.3699659Z   Using cached cffi-2.1.1-cp312-cp312-manylinux2014_x86_64.manylinux_2_17_x86_64.whl (221 kB)
2026-10-01T08:27:32.4915602Z Collecting charset-normalizer==3.5.1 (from -r requirements/ci-py312-linux.lock (line 127))
2026-10-01T08:27:32.4927862Z   Using cached charset_normalizer-3.5.1-cp312-cp312-manylinux2014_x86_64.manylinux_2_17_x86_64.manylinux_2_28_x86_64.whl (248 kB)
2026-10-01T08:27:32.6736099Z Collecting cryptography==50.0.0 (from -r requirements/ci-py312-linux.lock (line 301))
2026-10-01T08:27:32.6749401Z   Using cached cryptography-50.0.0-cp311-abi3-manylinux_2_34_x86_64.whl (4.7 MB)
2026-10-01T08:27:32.7397369Z Collecting cyclonedx-python-lib==11.12.0 (from -r requirements/ci-py312-linux.lock (line 351))
2026-10-01T08:27:32.7409421Z   Using cached cyclonedx_python_lib-11.12.0-py3-none-any.whl (529 kB)
2026-10-01T08:27:32.7900615Z Collecting defusedxml==0.7.1 (from -r requirements/ci-py312-linux.lock (line 355))
2026-10-01T08:27:32.7914945Z   Using cached defusedxml-0.7.1-py2.py3-none-any.whl (25 kB)
2026-10-01T08:27:32.8398977Z Collecting filelock==3.32.3 (from -r requirements/ci-py312-linux.lock (line 359))
2026-10-01T08:27:32.8411453Z   Using cached filelock-3.32.3-py3-none-any.whl (98 kB)
2026-10-01T08:27:32.8784682Z Collecting fsspec==2026.7.0 (from -r requirements/ci-py312-linux.lock (line 367))
2026-10-01T08:27:32.8796877Z   Using cached fsspec-2026.7.0-py3-none-any.whl (206 kB)
2026-10-01T08:27:32.9206086Z Collecting idna==3.18 (from -r requirements/ci-py312-linux.lock (line 371))
2026-10-01T08:27:32.9218070Z   Using cached idna-3.18-py3-none-any.whl (65 kB)
2026-10-01T08:27:32.9566887Z Collecting iniconfig==2.3.0 (from -r requirements/ci-py312-linux.lock (line 375))
2026-10-01T08:27:32.9579079Z   Using cached iniconfig-2.3.0-py3-none-any.whl (7.5 kB)
2026-10-01T08:27:32.9827578Z Collecting jinja2==3.1.6 (from -r requirements/ci-py312-linux.lock (line 379))
2026-10-01T08:27:32.9839382Z   Using cached jinja2-3.1.6-py3-none-any.whl (134 kB)
2026-10-01T08:27:33.0188854Z Collecting license-expression==30.4.4 (from -r requirements/ci-py312-linux.lock (line 383))
2026-10-01T08:27:33.0200920Z   Using cached license_expression-30.4.4-py3-none-any.whl (120 kB)
2026-10-01T08:27:33.0714880Z Collecting markdown-it-py==4.2.0 (from -r requirements/ci-py312-linux.lock (line 387))
2026-10-01T08:27:33.0728991Z   Using cached markdown_it_py-4.2.0-py3-none-any.whl (91 kB)
2026-10-01T08:27:33.1441784Z Collecting markupsafe==3.0.3 (from -r requirements/ci-py312-linux.lock (line 391))
2026-10-01T08:27:33.1454380Z   Using cached markupsafe-3.0.3-cp312-cp312-manylinux2014_x86_64.manylinux_2_17_x86_64.manylinux_2_28_x86_64.whl (22 kB)
2026-10-01T08:27:33.1754435Z Collecting mdurl==0.1.2 (from -r requirements/ci-py312-linux.lock (line 482))
2026-10-01T08:27:33.1765752Z   Using cached mdurl-0.1.2-py3-none-any.whl (10.0 kB)
2026-10-01T08:27:33.2037802Z Collecting mpmath==1.3.0 (from -r requirements/ci-py312-linux.lock (line 486))
2026-10-01T08:27:33.2049137Z   Using cached mpmath-1.3.0-py3-none-any.whl (536 kB)
2026-10-01T08:27:33.2949427Z Collecting msgpack==1.2.1 (from -r requirements/ci-py312-linux.lock (line 490))
2026-10-01T08:27:33.2961828Z   Using cached msgpack-1.2.1-cp312-cp312-manylinux2014_x86_64.manylinux_2_17_x86_64.manylinux_2_28_x86_64.whl (419 kB)
2026-10-01T08:27:33.3367529Z Collecting networkx==3.6.1 (from -r requirements/ci-py312-linux.lock (line 558))
2026-10-01T08:27:33.3379598Z   Using cached networkx-3.6.1-py3-none-any.whl (2.1 MB)
2026-10-01T08:27:33.4034840Z Collecting nodejs-wheel-binaries==24.16.0 (from -r requirements/ci-py312-linux.lock (line 562))
2026-10-01T08:27:33.4047091Z   Using cached nodejs_wheel_binaries-24.16.0-py2.py3-none-manylinux_2_28_x86_64.whl (60.7 MB)
2026-10-01T08:27:33.9393395Z Collecting numpy==2.2.6 (from -r requirements/ci-py312-linux.lock (line 573))
2026-10-01T08:27:33.9407552Z   Using cached numpy-2.2.6-cp312-cp312-manylinux_2_17_x86_64.manylinux2014_x86_64.whl (16.5 MB)
2026-10-01T08:27:34.0038363Z Collecting packageurl-python==0.17.6 (from -r requirements/ci-py312-linux.lock (line 632))
2026-10-01T08:27:34.0050662Z   Using cached packageurl_python-0.17.6-py3-none-any.whl (36 kB)
2026-10-01T08:27:34.0312021Z Collecting packaging==26.3 (from -r requirements/ci-py312-linux.lock (line 636))
2026-10-01T08:27:34.0324196Z   Using cached packaging-26.3-py3-none-any.whl (129 kB)
2026-10-01T08:27:34.0345847Z Requirement already satisfied: pip==26.2.1 in /opt/hostedtoolcache/Python/3.12.14/x64/lib/python3.12/site-packages (from -r requirements/ci-py312-linux.lock (line 645)) (26.2.1)
2026-10-01T08:27:34.0658111Z Collecting pip-api==0.0.34 (from -r requirements/ci-py312-linux.lock (line 649))
2026-10-01T08:27:34.0670221Z   Using cached pip_api-0.0.34-py3-none-any.whl (120 kB)
2026-10-01T08:27:34.1023803Z Collecting pip-audit==2.10.1 (from -r requirements/ci-py312-linux.lock (line 653))
2026-10-01T08:27:34.1036593Z   Using cached pip_audit-2.10.1-py3-none-any.whl (62 kB)
2026-10-01T08:27:34.1435555Z Collecting pip-requirements-parser==32.0.1 (from -r requirements/ci-py312-linux.lock (line 657))
2026-10-01T08:27:34.1448970Z   Using cached pip_requirements_parser-32.0.1-py3-none-any.whl (35 kB)
2026-10-01T08:27:34.1821009Z Collecting platformdirs==4.11.3 (from -r requirements/ci-py312-linux.lock (line 661))
2026-10-01T08:27:34.1833100Z   Using cached platformdirs-4.11.3-py3-none-any.whl (23 kB)
2026-10-01T08:27:34.2186593Z Collecting pluggy==1.6.0 (from -r requirements/ci-py312-linux.lock (line 665))
2026-10-01T08:27:34.2198761Z   Using cached pluggy-1.6.0-py3-none-any.whl (20 kB)
2026-10-01T08:27:34.2586117Z Collecting py-serializable==2.1.0 (from -r requirements/ci-py312-linux.lock (line 669))
2026-10-01T08:27:34.2597594Z   Using cached py_serializable-2.1.0-py3-none-any.whl (23 kB)
2026-10-01T08:27:34.2899171Z Collecting pycparser==3.0 (from -r requirements/ci-py312-linux.lock (line 673))
2026-10-01T08:27:34.2912161Z   Using cached pycparser-3.0-py3-none-any.whl (48 kB)
2026-10-01T08:27:34.3289420Z Collecting pygments==2.20.0 (from -r requirements/ci-py312-linux.lock (line 677))
2026-10-01T08:27:34.3301356Z   Using cached pygments-2.20.0-py3-none-any.whl (1.2 MB)
2026-10-01T08:27:34.3716297Z Collecting pyparsing==3.3.2 (from -r requirements/ci-py312-linux.lock (line 683))
2026-10-01T08:27:34.3727871Z   Using cached pyparsing-3.3.2-py3-none-any.whl (122 kB)
2026-10-01T08:27:34.4028782Z Collecting pyproject-hooks==1.2.0 (from -r requirements/ci-py312-linux.lock (line 687))
2026-10-01T08:27:34.4040944Z   Using cached pyproject_hooks-1.2.0-py3-none-any.whl (10 kB)
2026-10-01T08:27:34.4559907Z Collecting pytest==9.1.1 (from -r requirements/ci-py312-linux.lock (line 691))
2026-10-01T08:27:34.4571775Z   Using cached pytest-9.1.1-py3-none-any.whl (386 kB)
2026-10-01T08:27:34.4892941Z Collecting requests==2.34.2 (from -r requirements/ci-py312-linux.lock (line 695))
2026-10-01T08:27:34.4904347Z   Using cached requests-2.34.2-py3-none-any.whl (73 kB)
2026-10-01T08:27:34.5374955Z Collecting rich==15.0.0 (from -r requirements/ci-py312-linux.lock (line 701))
2026-10-01T08:27:34.5386251Z   Using cached rich-15.0.0-py3-none-any.whl (310 kB)
2026-10-01T08:27:34.6118312Z Collecting setuptools==84.0.0 (from -r requirements/ci-py312-linux.lock (line 705))
2026-10-01T08:27:34.6129608Z   Using cached setuptools-84.0.0-py3-none-any.whl (818 kB)
2026-10-01T08:27:34.6748573Z Collecting sortedcontainers==2.4.0 (from -r requirements/ci-py312-linux.lock (line 711))
2026-10-01T08:27:34.6759896Z   Using cached sortedcontainers-2.4.0-py2.py3-none-any.whl (29 kB)
2026-10-01T08:27:34.7100972Z Collecting sympy==1.14.0 (from -r requirements/ci-py312-linux.lock (line 715))
2026-10-01T08:27:34.7112394Z   Using cached sympy-1.14.0-py3-none-any.whl (6.3 MB)
2026-10-01T08:27:34.7764777Z Collecting tomli==2.4.1 (from -r requirements/ci-py312-linux.lock (line 719))
2026-10-01T08:27:34.7776998Z   Using cached tomli-2.4.1-cp312-cp312-manylinux2014_x86_64.manylinux_2_17_x86_64.manylinux_2_28_x86_64.whl (253 kB)
2026-10-01T08:27:34.8241534Z Collecting tomli-w==1.2.0 (from -r requirements/ci-py312-linux.lock (line 768))
2026-10-01T08:27:34.8253401Z   Using cached tomli_w-1.2.0-py3-none-any.whl (6.7 kB)
2026-10-01T08:27:34.9778221Z Collecting torch==2.13.0+cpu (from -r requirements/ci-py312-linux.lock (line 772))
2026-10-01T08:27:35.1348889Z   Using cached torch-2.13.0%2Bcpu-cp312-cp312-manylinux_2_28_x86_64.whl (191.8 MB)
2026-10-01T08:27:35.4340786Z Collecting typing-extensions==4.16.0 (from -r requirements/ci-py312-linux.lock (line 807))
2026-10-01T08:27:35.4352583Z   Using cached typing_extensions-4.16.0-py3-none-any.whl (45 kB)
2026-10-01T08:27:35.4670190Z Collecting urllib3==2.8.0 (from -r requirements/ci-py312-linux.lock (line 813))
2026-10-01T08:27:35.4682671Z   Using cached urllib3-2.8.0-py3-none-any.whl (135 kB)
2026-10-01T08:27:35.5062051Z Collecting wheel==0.46.3 (from -r requirements/ci-py312-linux.lock (line 817))
2026-10-01T08:27:35.5074493Z   Using cached wheel-0.46.3-py3-none-any.whl (30 kB)
2026-10-01T08:27:35.8323646Z Installing collected packages: sortedcontainers, mpmath, boolean-py, urllib3, typing-extensions, tomli-w, tomli, sympy, setuptools, pyproject-hooks, pyparsing, pygments, pycparser, pluggy, platformdirs, pip-api, packaging, packageurl-python, numpy, nodejs-wheel-binaries, networkx, msgpack, mdurl, markupsafe, license-expression, iniconfig, idna, fsspec, filelock, defusedxml, charset-normalizer, certifi, wheel, requests, pytest, py-serializable, pip-requirements-parser, markdown-it-py, jinja2, cffi, build, basedpyright, torch, rich, cyclonedx-python-lib, cryptography, cachecontrol, pip-audit
2026-10-01T08:28:02.6882773Z 
2026-10-01T08:28:02.6927890Z Successfully installed basedpyright-1.39.9 boolean-py-5.0 build-1.5.0 cachecontrol-0.14.4 certifi-2026.7.22 cffi-2.1.1 charset-normalizer-3.5.1 cryptography-50.0.0 cyclonedx-python-lib-11.12.0 defusedxml-0.7.1 filelock-3.32.3 fsspec-2026.7.0 idna-3.18 iniconfig-2.3.0 jinja2-3.1.6 license-expression-30.4.4 markdown-it-py-4.2.0 markupsafe-3.0.3 mdurl-0.1.2 mpmath-1.3.0 msgpack-1.2.1 networkx-3.6.1 nodejs-wheel-binaries-24.16.0 numpy-2.2.6 packageurl-python-0.17.6 packaging-26.3 pip-api-0.0.34 pip-audit-2.10.1 pip-requirements-parser-32.0.1 platformdirs-4.11.3 pluggy-1.6.0 py-serializable-2.1.0 pycparser-3.0 pygments-2.20.0 pyparsing-3.3.2 pyproject-hooks-1.2.0 pytest-9.1.1 requests-2.34.2 rich-15.0.0 setuptools-84.0.0 sortedcontainers-2.4.0 sympy-1.14.0 tomli-2.4.1 tomli-w-1.2.0 torch-2.13.0+cpu typing-extensions-4.16.0 urllib3-2.8.0 wheel-0.46.3
2026-10-01T08:28:02.8145299Z ##[group]Run printf '%s\n' 'raise SystemExit("repository module shadowed pip-audit")' > pip_audit.py
2026-10-01T08:28:02.8146029Z [36;1mprintf '%s\n' 'raise SystemExit("repository module shadowed pip-audit")' > pip_audit.py[0m
2026-10-01T08:28:02.8146501Z [36;1mpython -I - <<'PY'[0m
2026-10-01T08:28:02.8146749Z [36;1mimport site[0m
2026-10-01T08:28:02.8146981Z [36;1mfrom pathlib import Path[0m
2026-10-01T08:28:02.8147236Z [36;1m[0m
2026-10-01T08:28:02.8147440Z [36;1mimport pip_audit[0m
2026-10-01T08:28:02.8147676Z [36;1mimport torch[0m
2026-10-01T08:28:02.8147889Z [36;1m[0m
2026-10-01T08:28:02.8148120Z [36;1mmodule = Path(pip_audit.__file__).resolve()[0m
2026-10-01T08:28:02.8148561Z [36;1mroots = tuple(Path(item).resolve() for item in site.getsitepackages())[0m
2026-10-01T08:28:02.8149064Z [36;1massert any(root == module or root in module.parents for root in roots)[0m
2026-10-01T08:28:02.8149486Z [36;1massert torch.version.cuda is None[0m
2026-10-01T08:28:02.8150068Z [36;1mPY[0m
2026-10-01T08:28:02.8150413Z [36;1mpython -I "$GITHUB_WORKSPACE/.github/scripts/check_dependency_locks.py"[0m
2026-10-01T08:28:02.8150831Z [36;1mpython -I -m pip_audit \[0m
2026-10-01T08:28:02.8151105Z [36;1m  --strict \[0m
2026-10-01T08:28:02.8151336Z [36;1m  --disable-pip \[0m
2026-10-01T08:28:02.8151579Z [36;1m  --no-deps \[0m
2026-10-01T08:28:02.8151814Z [36;1m  --requirement "$LOCK_FILE"[0m
2026-10-01T08:28:02.8217519Z shell: /usr/bin/bash -e {0}
2026-10-01T08:28:02.8217771Z env:
2026-10-01T08:28:02.8218041Z   pythonLocation: /opt/hostedtoolcache/Python/3.12.14/x64
2026-10-01T08:28:02.8218491Z   PKG_CONFIG_PATH: /opt/hostedtoolcache/Python/3.12.14/x64/lib/pkgconfig
2026-10-01T08:28:02.8218943Z   Python_ROOT_DIR: /opt/hostedtoolcache/Python/3.12.14/x64
2026-10-01T08:28:02.8219328Z   Python2_ROOT_DIR: /opt/hostedtoolcache/Python/3.12.14/x64
2026-10-01T08:28:02.8219986Z   Python3_ROOT_DIR: /opt/hostedtoolcache/Python/3.12.14/x64
2026-10-01T08:28:02.8220415Z   LD_LIBRARY_PATH: /opt/hostedtoolcache/Python/3.12.14/x64/lib
2026-10-01T08:28:02.8220931Z   LOCK_FILE: /home/runner/work/AD4DVAR-radar/AD4DVAR-radar/requirements/ci-py312-linux.lock
2026-10-01T08:28:02.8221376Z ##[endgroup]
2026-10-01T08:28:04.7277488Z dependency locks: 4 hashed Linux CPU closures are synchronized
2026-10-01T08:28:05.2573475Z WARNING:pip_audit._cli:--no-deps is supported, but users are encouraged to fully hash their pinned dependencies
2026-10-01T08:28:05.2575533Z WARNING:pip_audit._cli:Consider using a tool like `pip-compile`: https://pip-tools.readthedocs.io/en/latest/#using-hashes
2026-10-01T08:28:35.9499514Z No known vulnerabilities found
2026-10-01T08:28:36.0017181Z ##[group]Run python -I -m pip install \
2026-10-01T08:28:36.0017552Z [36;1mpython -I -m pip install \[0m
2026-10-01T08:28:36.0017837Z [36;1m  --no-build-isolation \[0m
2026-10-01T08:28:36.0018107Z [36;1m  --no-deps \[0m
2026-10-01T08:28:36.0018343Z [36;1m  --editable .[0m
2026-10-01T08:28:36.0018612Z [36;1mpython -I -m pip check[0m
2026-10-01T08:28:36.0081924Z shell: /usr/bin/bash -e {0}
2026-10-01T08:28:36.0082179Z env:
2026-10-01T08:28:36.0082457Z   pythonLocation: /opt/hostedtoolcache/Python/3.12.14/x64
2026-10-01T08:28:36.0082917Z   PKG_CONFIG_PATH: /opt/hostedtoolcache/Python/3.12.14/x64/lib/pkgconfig
2026-10-01T08:28:36.0083372Z   Python_ROOT_DIR: /opt/hostedtoolcache/Python/3.12.14/x64
2026-10-01T08:28:36.0083768Z   Python2_ROOT_DIR: /opt/hostedtoolcache/Python/3.12.14/x64
2026-10-01T08:28:36.0084169Z   Python3_ROOT_DIR: /opt/hostedtoolcache/Python/3.12.14/x64
2026-10-01T08:28:36.0084560Z   LD_LIBRARY_PATH: /opt/hostedtoolcache/Python/3.12.14/x64/lib
2026-10-01T08:28:36.0084926Z ##[endgroup]
2026-10-01T08:28:36.3331748Z Obtaining file:///home/runner/work/AD4DVAR-radar/AD4DVAR-radar
2026-10-01T08:28:36.3341935Z   Checking if build backend supports build_editable: started
2026-10-01T08:28:36.5067617Z   Checking if build backend supports build_editable: finished with status 'done'
2026-10-01T08:28:36.5075785Z   Preparing editable metadata (pyproject.toml): started
2026-10-01T08:28:36.7413447Z   Preparing editable metadata (pyproject.toml): finished with status 'done'
2026-10-01T08:28:36.7512759Z Building wheels for collected packages: advar-radar-nowcast
2026-10-01T08:28:36.7520176Z   Building editable for advar-radar-nowcast (pyproject.toml): started
2026-10-01T08:28:37.0341680Z   Building editable for advar-radar-nowcast (pyproject.toml): finished with status 'done'
2026-10-01T08:28:37.0348957Z   Created wheel for advar-radar-nowcast: filename=advar_radar_nowcast-0.114.0-0.editable-py3-none-any.whl size=63186 sha256=098f56d3cbb77008a8a63cfbc0e014d25bb39c95f9aa72e156c3d52385c5718f
2026-10-01T08:28:37.0351170Z   Stored in directory: /tmp/pip-ephem-wheel-cache-agp8864j/wheels/1b/17/88/759e7a703f550adf36506436df8ea413a3c2e2eb8d99fc9f9a
2026-10-01T08:28:37.0441833Z Successfully built advar-radar-nowcast
2026-10-01T08:28:37.0551243Z Installing collected packages: advar-radar-nowcast
2026-10-01T08:28:37.0665598Z Successfully installed advar-radar-nowcast-0.114.0
2026-10-01T08:28:37.3622787Z No broken requirements found.
2026-10-01T08:28:37.3898704Z ##[group]Run python -I .github/scripts/check_basedpyright.py
2026-10-01T08:28:37.3899184Z [36;1mpython -I .github/scripts/check_basedpyright.py[0m
2026-10-01T08:28:37.3963790Z shell: /usr/bin/bash -e {0}
2026-10-01T08:28:37.3964063Z env:
2026-10-01T08:28:37.3964340Z   pythonLocation: /opt/hostedtoolcache/Python/3.12.14/x64
2026-10-01T08:28:37.3964811Z   PKG_CONFIG_PATH: /opt/hostedtoolcache/Python/3.12.14/x64/lib/pkgconfig
2026-10-01T08:28:37.3965260Z   Python_ROOT_DIR: /opt/hostedtoolcache/Python/3.12.14/x64
2026-10-01T08:28:37.3965656Z   Python2_ROOT_DIR: /opt/hostedtoolcache/Python/3.12.14/x64
2026-10-01T08:28:37.3966045Z   Python3_ROOT_DIR: /opt/hostedtoolcache/Python/3.12.14/x64
2026-10-01T08:28:37.3966436Z   LD_LIBRARY_PATH: /opt/hostedtoolcache/Python/3.12.14/x64/lib
2026-10-01T08:28:37.3966765Z ##[endgroup]
2026-10-01T08:28:53.2324372Z basedpyright: 0 errors, 8048 warnings, 0 notes
2026-10-01T08:28:53.2482528Z ##[group]Run python -I .github/scripts/run_cpu_test_shard.py \
2026-10-01T08:28:53.2483405Z [36;1mpython -I .github/scripts/run_cpu_test_shard.py \[0m
2026-10-01T08:28:53.2483985Z [36;1m  --shard-index 5 \[0m
2026-10-01T08:28:53.2484403Z [36;1m  --shard-count 6 \[0m
2026-10-01T08:28:53.2484914Z [36;1m  --record-dir "$RUNNER_TEMP/cpu-shard-records"[0m
2026-10-01T08:28:53.2563795Z shell: /usr/bin/bash -e {0}
2026-10-01T08:28:53.2564123Z env:
2026-10-01T08:28:53.2564431Z   pythonLocation: /opt/hostedtoolcache/Python/3.12.14/x64
2026-10-01T08:28:53.2564904Z   PKG_CONFIG_PATH: /opt/hostedtoolcache/Python/3.12.14/x64/lib/pkgconfig
2026-10-01T08:28:53.2565345Z   Python_ROOT_DIR: /opt/hostedtoolcache/Python/3.12.14/x64
2026-10-01T08:28:53.2565733Z   Python2_ROOT_DIR: /opt/hostedtoolcache/Python/3.12.14/x64
2026-10-01T08:28:53.2566129Z   Python3_ROOT_DIR: /opt/hostedtoolcache/Python/3.12.14/x64
2026-10-01T08:28:53.2566590Z   LD_LIBRARY_PATH: /opt/hostedtoolcache/Python/3.12.14/x64/lib
2026-10-01T08:28:53.2567061Z   OMP_NUM_THREADS: 1
2026-10-01T08:28:53.2567492Z   MKL_NUM_THREADS: 1
2026-10-01T08:28:53.2567960Z ##[endgroup]
2026-10-01T08:29:00.2402591Z ============================= test session starts ==============================
2026-10-01T08:29:00.2403779Z platform linux -- Python 3.12.14, pytest-9.1.1, pluggy-1.6.0 -- /opt/hostedtoolcache/Python/3.12.14/x64/bin/python
2026-10-01T08:29:00.2404767Z cachedir: .pytest_cache
2026-10-01T08:29:00.2405315Z rootdir: /home/runner/work/AD4DVAR-radar/AD4DVAR-radar
2026-10-01T08:29:00.2405960Z configfile: pyproject.toml
2026-10-01T08:29:02.8718281Z collecting ... collected 385 items
2026-10-01T08:29:02.8718644Z 
2026-10-01T08:29:10.1170203Z tests/test_a2_branch.py::test_interior_peak_switch_is_not_certified_by_matching_samples PASSED [  0%]
2026-10-01T08:29:15.8473468Z tests/test_a2_branch.py::test_current_learning_rejects_nonzero_uncertified_p0_path PASSED [  0%]
2026-10-01T08:29:15.8530598Z tests/test_a5_input_defaults.py::SourceAvailabilityDefaultsTests::test_default_quality_matches_explicit_effective_mask 
2026-10-01T08:29:15.8551442Z tests/test_a5_input_defaults.py::SourceAvailabilityDefaultsTests::test_default_quality_matches_explicit_effective_mask PASSED [  0%]
2026-10-01T08:29:15.8598658Z tests/test_a5_input_defaults.py::SourceAvailabilityDefaultsTests::test_explicit_quality_on_an_unavailable_source_remains_invalid PASSED [  1%]
2026-10-01T08:29:15.9020450Z tests/test_a5_input_defaults.py::SourceAvailabilityDefaultsTests::test_public_variational_forecast_uses_same_defaults PASSED [  1%]
2026-10-01T08:29:15.9581908Z tests/test_a5_input_defaults.py::SourceAvailabilityDefaultsTests::test_rehashed_psr_metadata_must_be_floating_scalar 
2026-10-01T08:29:15.9606823Z tests/test_a5_input_defaults.py::SourceAvailabilityDefaultsTests::test_rehashed_psr_metadata_must_be_floating_scalar PASSED [  1%]
2026-10-01T08:29:15.9656601Z tests/test_a5_input_defaults.py::SourceAvailabilityDefaultsTests::test_zero_taylor_probe_is_not_a_linearity_check PASSED [  1%]
2026-10-01T08:29:16.8987897Z tests/test_a5_uncertainty_oracles.py::A5UncertaintyOracleTests::test_m0_whitened_map_and_tile_norm_use_positive_known_std PASSED [  2%]
2026-10-01T08:29:19.2231838Z tests/test_a5_uncertainty_oracles.py::A5UncertaintyOracleTests::test_physical_posterior_metadata_matches_independent_covariance PASSED [  2%]
2026-10-01T08:29:19.2284230Z tests/test_a5_uncertainty_oracles.py::A5UncertaintyOracleTests::test_posterior_saturation_guard_is_two_sided_at_sigma_boundary PASSED [  2%]
2026-10-01T08:29:21.3567051Z tests/test_a5_uncertainty_oracles.py::A5UncertaintyOracleTests::test_retained_linearization_matches_fresh_weighted_and_robust_gradients PASSED [  2%]
2026-10-01T08:29:21.3811405Z tests/test_affine_holdout.py::test_affine_oracle_matches_closed_characteristic_cell_integrals[translation] PASSED [  3%]
2026-10-01T08:29:21.3995041Z tests/test_affine_holdout.py::test_affine_oracle_matches_closed_characteristic_cell_integrals[shear_with_translation] PASSED [  3%]
2026-10-01T08:29:21.4168836Z tests/test_affine_holdout.py::test_affine_oracle_matches_closed_characteristic_cell_integrals[strain] PASSED [  3%]
2026-10-01T08:29:21.4220516Z tests/test_affine_holdout.py::test_affine_streamfunction_flux_matches_integrated_normal_velocity PASSED [  3%]
2026-10-01T08:29:21.4269305Z tests/test_affine_holdout.py::test_trace_check_uses_the_flow_scale PASSED [  4%]
2026-10-01T08:29:21.5078960Z tests/test_affine_holdout.py::test_lead_outflow_uses_a_common_integrating_factor_origin PASSED [  4%]
2026-10-01T08:29:21.5140956Z tests/test_calibration.py::OperationalCalibrationManifestTests::test_algorithm_bundle_digest_tracks_source_content PASSED [  4%]
2026-10-01T08:29:21.5263707Z tests/test_calibration.py::OperationalCalibrationManifestTests::test_load_rejects_noncanonical_json PASSED [  4%]
2026-10-01T08:29:21.5438398Z tests/test_calibration.py::OperationalCalibrationManifestTests::test_manifest_rejects_invalid_lineage PASSED [  5%]
2026-10-01T08:29:21.5752939Z tests/test_calibration.py::OperationalCalibrationManifestTests::test_metrics_and_regimes_are_certified PASSED [  5%]
2026-10-01T08:29:21.6012865Z tests/test_calibration.py::OperationalCalibrationManifestTests::test_operational_p0_run_has_independent_certified_profile PASSED [  5%]
2026-10-01T08:29:21.6358312Z tests/test_calibration.py::OperationalCalibrationManifestTests::test_operational_p1_run_requires_matching_approved_manifest PASSED [  5%]
2026-10-01T08:29:21.6393750Z tests/test_calibration.py::OperationalCalibrationManifestTests::test_operational_radar_source_identity_round_trips 
2026-10-01T08:29:21.6420064Z tests/test_calibration.py::OperationalCalibrationManifestTests::test_operational_radar_source_identity_round_trips PASSED [  6%]
2026-10-01T08:29:21.6498958Z tests/test_calibration.py::OperationalCalibrationManifestTests::test_p0_runtime_profile_excludes_p1_only_settings PASSED [  6%]
2026-10-01T08:29:21.6564155Z tests/test_calibration.py::OperationalCalibrationManifestTests::test_recursive_algorithm_manifest_covers_subpackages PASSED [  6%]
2026-10-01T08:29:21.6684709Z tests/test_calibration.py::OperationalCalibrationManifestTests::test_round_trip_is_canonical_and_content_addressed PASSED [  7%]
2026-10-01T08:29:21.6801903Z tests/test_calibration.py::OperationalCalibrationManifestTests::test_training_and_validation_periods_cannot_overlap PASSED [  7%]
2026-10-01T08:29:21.6881125Z tests/test_ensemble_sensitivity.py::EnsembleFSOTests::test_beneficial_fraction_excludes_zero_localization_support PASSED [  7%]
2026-10-01T08:29:21.6952612Z tests/test_ensemble_sensitivity.py::EnsembleFSOTests::test_computes_direct_ensemble_observation_impact PASSED [  7%]
2026-10-01T08:29:21.7028488Z tests/test_ensemble_sensitivity.py::EnsembleFSOTests::test_full_r_approval_cannot_be_reused_for_another_spd_operator PASSED [  8%]
2026-10-01T08:29:21.7087566Z tests/test_ensemble_sensitivity.py::EnsembleFSOTests::test_full_r_factory_rejects_an_unverified_precision_vector PASSED [  8%]
2026-10-01T08:29:21.7163848Z tests/test_ensemble_sensitivity.py::EnsembleFSOTests::test_full_r_factory_requires_root_approved_operator PASSED [  8%]
2026-10-01T08:29:21.7239210Z tests/test_ensemble_sensitivity.py::EnsembleFSOTests::test_full_r_factory_verifies_the_precision_solve PASSED [  8%]
2026-10-01T08:29:21.7306811Z tests/test_ensemble_sensitivity.py::EnsembleFSOTests::test_full_r_operator_mutation_is_detected_before_use PASSED [  9%]
2026-10-01T08:29:21.7365561Z tests/test_ensemble_sensitivity.py::EnsembleFSOTests::test_full_r_rejects_an_indefinite_covariance PASSED [  9%]
2026-10-01T08:29:21.7427199Z tests/test_ensemble_sensitivity.py::EnsembleFSOTests::test_full_r_rejects_dense_resource_and_condition_budgets PASSED [  9%]
2026-10-01T08:29:21.7503845Z tests/test_ensemble_sensitivity.py::EnsembleFSOTests::test_localization_and_inputs_are_content_addressed PASSED [  9%]
2026-10-01T08:29:21.7577403Z tests/test_ensemble_sensitivity.py::EnsembleFSOTests::test_localization_mutation_is_rejected PASSED [ 10%]
2026-10-01T08:29:21.7648340Z tests/test_ensemble_sensitivity.py::EnsembleFSOTests::test_member_and_observation_ordering_must_match PASSED [ 10%]
2026-10-01T08:29:21.7725766Z tests/test_ensemble_sensitivity.py::EnsembleFSOTests::test_member_jackknife_uncertainty_is_reported PASSED [ 10%]
2026-10-01T08:29:21.7795598Z tests/test_ensemble_sensitivity.py::EnsembleFSOTests::test_nested_precision_mutation_is_rejected PASSED [ 10%]
2026-10-01T08:29:21.7867716Z tests/test_ensemble_sensitivity.py::EnsembleFSOTests::test_rejects_uncentered_ensemble PASSED [ 11%]
2026-10-01T08:29:22.0554272Z tests/test_fv86_execution.py::test_resource_guard_terminates_child[0.05-2147483648-wall_time_limit] PASSED [ 11%]
2026-10-01T08:29:22.0714480Z tests/test_fv86_execution.py::test_resource_guard_terminates_child[5-1-rss_limit] PASSED [ 11%]
2026-10-01T08:29:22.3371134Z tests/test_fv86_execution.py::test_resource_guard_records_normal_exit PASSED [ 11%]
2026-10-01T08:29:22.6039113Z tests/test_fv86_execution.py::test_resource_guard_cancels_only_the_requested_child PASSED [ 12%]
2026-10-01T08:29:22.6105381Z tests/test_fv86_execution.py::test_numerical_refusal_categories_preserve_distinctions[operator must be symmetric positive definite-nonpositive_curvature] PASSED [ 12%]
2026-10-01T08:29:22.6170809Z tests/test_fv86_execution.py::test_numerical_refusal_categories_preserve_distinctions[matrix-free adjoint PCG did not converge-linear_budget_exhausted] PASSED [ 12%]
2026-10-01T08:29:22.6234935Z tests/test_fv86_execution.py::test_numerical_refusal_categories_preserve_distinctions[matrix-free Newton PCG true residual exceeds tolerance-linear_residual_failed] PASSED [ 12%]
2026-10-01T08:29:22.6301092Z tests/test_fv86_execution.py::test_numerical_refusal_categories_preserve_distinctions[stationarity refinement iteration budget exhausted-stationarity_not_met] PASSED [ 13%]
2026-10-01T08:29:22.6368119Z tests/test_fv86_execution.py::test_numerical_refusal_categories_preserve_distinctions[scaled minmod branch identity mismatch-branch_uncertified] PASSED [ 13%]
2026-10-01T08:29:22.6436950Z tests/test_fv86_execution.py::test_numerical_refusal_categories_preserve_distinctions[unexpected callback defect-unclassified_refusal] PASSED [ 13%]
2026-10-01T08:29:22.7092341Z tests/test_fv_external_background_phase1.py::test_background_uses_only_first_observation_and_is_bounded PASSED [ 14%]
2026-10-01T08:29:22.7157415Z tests/test_fv_external_background_phase1.py::test_saved_phase1_chain_and_reload_evidence PASSED [ 14%]
2026-10-01T08:29:22.8695756Z tests/test_fv_minmod_matrix_free_probe.py::test_research_adapter_rejects_unsupported_inputs[donorcell] PASSED [ 14%]
2026-10-01T08:29:22.8768245Z tests/test_fv_minmod_matrix_free_probe.py::test_research_adapter_rejects_unsupported_inputs[missing] PASSED [ 14%]
2026-10-01T08:29:22.8860261Z tests/test_fv_minmod_matrix_free_probe.py::test_research_adapter_rejects_unsupported_inputs[boundary] PASSED [ 15%]
2026-10-01T08:29:22.8934536Z tests/test_fv_minmod_matrix_free_probe.py::test_research_adapter_rejects_unsupported_inputs[pattern] PASSED [ 15%]
2026-10-01T08:29:22.9926424Z tests/test_fv_minmod_matrix_free_probe.py::test_branch_guard_rejects_changed_signature_and_transform_floor PASSED [ 15%]
2026-10-01T08:29:23.0008923Z tests/test_fv_minmod_matrix_free_probe.py::test_archived_sources_relocate_without_basename_collision PASSED [ 15%]
2026-10-01T08:29:23.0084030Z tests/test_fv_minmod_matrix_free_probe.py::test_archived_sources_reject_outside_root PASSED [ 16%]
2026-10-01T08:29:23.4231513Z tests/test_fv_minmod_matrix_free_probe.py::test_actual_archived_gn_result_is_rejected_before_adjoint PASSED [ 16%]
2026-10-01T08:32:58.8481575Z tests/test_fv_neural_observation_path.py::test_neural_feature_path_matches_reanalysis_without_changing_raw_observations PASSED [ 16%]
2026-10-01T08:32:58.8552813Z tests/test_fv_partial_face_geometry.py::test_diagnostic_cannot_write_inside_raw_archive PASSED [ 16%]
2026-10-01T08:32:58.8632304Z tests/test_fv_partial_face_geometry.py::test_diagnostic_cannot_overwrite_existing_temporary_symlink PASSED [ 17%]
2026-10-01T08:32:58.8755401Z tests/test_fv_partial_face_geometry.py::test_changed_transport_source_is_not_attributed_to_archived_geometry PASSED [ 17%]
2026-10-01T08:32:59.1573410Z tests/test_fv_partial_face_geometry.py::test_archived_seed_face_sign_and_ratio_are_recomputed_from_production_map PASSED [ 17%]
2026-10-01T08:32:59.8536484Z tests/test_fv_partial_sector_root.py::test_current_source_preflight_preserves_frozen_tensors_but_versions_identity FAILED [ 17%]
2026-10-01T08:32:59.8605206Z tests/test_fv_partial_sector_root.py::test_changed_sector_gets_explicit_measured_merit_decision PASSED [ 18%]
2026-10-01T08:32:59.8694443Z tests/test_fv_partial_sector_root.py::test_parent_distinguishes_root_refusal_and_resource[root_margin_qualified-None-completed] PASSED [ 18%]
2026-10-01T08:32:59.8780049Z tests/test_fv_partial_sector_root.py::test_parent_distinguishes_root_refusal_and_resource[root_margin_qualified-valid_switch-completed] PASSED [ 18%]
2026-10-01T08:32:59.8864939Z tests/test_fv_partial_sector_root.py::test_parent_distinguishes_root_refusal_and_resource[root_margin_qualified-wrong_switch_merit-failed] PASSED [ 18%]
2026-10-01T08:32:59.8950599Z tests/test_fv_partial_sector_root.py::test_parent_distinguishes_root_refusal_and_resource[root_low_margin-None-completed] PASSED [ 19%]
2026-10-01T08:32:59.9034273Z tests/test_fv_partial_sector_root.py::test_parent_distinguishes_root_refusal_and_resource[root_refused-None-completed] PASSED [ 19%]
2026-10-01T08:32:59.9120901Z tests/test_fv_partial_sector_root.py::test_parent_distinguishes_root_refusal_and_resource[seed_branch_refused-None-completed] PASSED [ 19%]
2026-10-01T08:32:59.9206499Z tests/test_fv_partial_sector_root.py::test_parent_distinguishes_root_refusal_and_resource[seed_branch_refused-wrong_seed_hash-failed] PASSED [ 20%]
2026-10-01T08:32:59.9292762Z tests/test_fv_partial_sector_root.py::test_parent_distinguishes_root_refusal_and_resource[seed_branch_refused-unrecognized_seed_reason-failed] PASSED [ 20%]
2026-10-01T08:32:59.9376838Z tests/test_fv_partial_sector_root.py::test_parent_distinguishes_root_refusal_and_resource[seed_branch_refused-admitted_seed-failed] PASSED [ 20%]
2026-10-01T08:32:59.9463308Z tests/test_fv_partial_sector_root.py::test_parent_distinguishes_root_refusal_and_resource[seed_branch_refused-seed_curvature_present-failed] PASSED [ 20%]
2026-10-01T08:32:59.9548609Z tests/test_fv_partial_sector_root.py::test_parent_distinguishes_root_refusal_and_resource[seed_branch_refused-final_gradient_present-failed] PASSED [ 21%]
2026-10-01T08:32:59.9635090Z tests/test_fv_partial_sector_root.py::test_parent_distinguishes_root_refusal_and_resource[seed_branch_refused-response_data_present-failed] PASSED [ 21%]
2026-10-01T08:32:59.9720938Z tests/test_fv_partial_sector_root.py::test_parent_distinguishes_root_refusal_and_resource[seed_branch_refused-final_curvature_hash_present-failed] PASSED [ 21%]
2026-10-01T08:32:59.9808194Z tests/test_fv_partial_sector_root.py::test_parent_distinguishes_root_refusal_and_resource[seed_branch_refused-nested_gn_response-failed] PASSED [ 21%]
2026-10-01T08:32:59.9895541Z tests/test_fv_partial_sector_root.py::test_parent_distinguishes_root_refusal_and_resource[seed_branch_refused-nested_branch_final-failed] PASSED [ 22%]
2026-10-01T08:32:59.9983721Z tests/test_fv_partial_sector_root.py::test_parent_distinguishes_root_refusal_and_resource[seed_branch_refused-adjoint_solve_phase-failed] PASSED [ 22%]
2026-10-01T08:33:00.0071549Z tests/test_fv_partial_sector_root.py::test_parent_distinguishes_root_refusal_and_resource[seed_branch_refused-wrong_exit-failed] PASSED [ 22%]
2026-10-01T08:33:00.0160884Z tests/test_fv_partial_sector_root.py::test_parent_distinguishes_root_refusal_and_resource[seed_branch_refused-resource_limited-failed] PASSED [ 22%]
2026-10-01T08:33:00.0250192Z tests/test_fv_partial_sector_root.py::test_parent_distinguishes_root_refusal_and_resource[seed_curvature_refused-None-completed] PASSED [ 23%]
2026-10-01T08:33:00.0341930Z tests/test_fv_partial_sector_root.py::test_parent_distinguishes_root_refusal_and_resource[root_margin_qualified-wrong_final_hash-failed] PASSED [ 23%]
2026-10-01T08:33:00.0432649Z tests/test_fv_partial_sector_root.py::test_parent_distinguishes_root_refusal_and_resource[root_margin_qualified-missing_final_trace-failed] PASSED [ 23%]
2026-10-01T08:33:00.0523672Z tests/test_fv_partial_sector_root.py::test_parent_distinguishes_root_refusal_and_resource[root_margin_qualified-missing_seed_trace-failed] PASSED [ 23%]
2026-10-01T08:33:00.0615162Z tests/test_fv_partial_sector_root.py::test_parent_distinguishes_root_refusal_and_resource[root_margin_qualified-wrong_seed_curvature_hash-failed] PASSED [ 24%]
2026-10-01T08:33:00.0707675Z tests/test_fv_partial_sector_root.py::test_parent_distinguishes_root_refusal_and_resource[root_margin_qualified-missing_trials-failed] PASSED [ 24%]
2026-10-01T08:33:00.0800847Z tests/test_fv_partial_sector_root.py::test_parent_distinguishes_root_refusal_and_resource[root_margin_qualified-wrong_accepted_hash-failed] PASSED [ 24%]
2026-10-01T08:33:00.0893568Z tests/test_fv_partial_sector_root.py::test_parent_distinguishes_root_refusal_and_resource[root_margin_qualified-wrong_true_residual-failed] PASSED [ 24%]
2026-10-01T08:33:00.0987128Z tests/test_fv_partial_sector_root.py::test_parent_distinguishes_root_refusal_and_resource[root_margin_qualified-wrong_pcg_iterations-failed] PASSED [ 25%]
2026-10-01T08:33:00.1081099Z tests/test_fv_partial_sector_root.py::test_parent_distinguishes_root_refusal_and_resource[root_margin_qualified-unproved_switch-failed] PASSED [ 25%]
2026-10-01T08:33:00.1176824Z tests/test_fv_partial_sector_root.py::test_parent_distinguishes_root_refusal_and_resource[root_margin_qualified-fake_armijo-failed] PASSED [ 25%]
2026-10-01T08:33:00.1272905Z tests/test_fv_partial_sector_root.py::test_parent_distinguishes_root_refusal_and_resource[root_low_margin-false_high_margin-failed] PASSED [ 25%]
2026-10-01T08:33:00.1366965Z tests/test_fv_partial_sector_root.py::test_parent_distinguishes_root_refusal_and_resource[root_refused-wrong_exit-failed] PASSED [ 26%]
2026-10-01T08:33:00.1462337Z tests/test_fv_partial_sector_root.py::test_parent_distinguishes_root_refusal_and_resource[root_refused-resource_limited-failed] PASSED [ 26%]
2026-10-01T08:33:00.8454171Z tests/test_fv_partial_sector_root.py::test_callback_failure_is_not_scientific_refusal[RefinementNumericalRefusal-root_refused] FAILED [ 26%]
2026-10-01T08:33:01.5438398Z tests/test_fv_partial_sector_root.py::test_callback_failure_is_not_scientific_refusal[RefinementCallbackError-running] FAILED [ 27%]
2026-10-01T08:33:01.5618024Z tests/test_fv_partial_sector_root.py::test_branch_error_has_explicit_seed_and_candidate_classification[False-ValueError-unexpected malformed observer-execution_error] PASSED [ 27%]
2026-10-01T08:33:01.5982339Z tests/test_fv_partial_sector_root.py::test_branch_error_has_explicit_seed_and_candidate_classification[False-ValueError-minmod joint oracle left its strict smooth branch-root_refused] PASSED [ 27%]
2026-10-01T08:33:01.6088686Z tests/test_fv_partial_sector_root.py::test_branch_error_has_explicit_seed_and_candidate_classification[True-ValueError-minmod joint oracle left its strict smooth branch-seed_branch_refused] PASSED [ 27%]
2026-10-01T08:33:01.6196570Z tests/test_fv_partial_sector_root.py::test_branch_error_has_explicit_seed_and_candidate_classification[True-ValueError-unexpected malformed observer-execution_error] PASSED [ 28%]
2026-10-01T08:33:01.6304135Z tests/test_fv_partial_sector_root.py::test_branch_error_has_explicit_seed_and_candidate_classification[True-ValueError-malformed-summary-execution_error] PASSED [ 28%]
2026-10-01T08:33:01.6412017Z tests/test_fv_partial_sector_root.py::test_branch_error_has_explicit_seed_and_candidate_classification[True-RuntimeError-unexpected oracle runtime-execution_error] PASSED [ 28%]
2026-10-01T08:33:02.3384656Z tests/test_fv_partial_sector_root.py::test_nonfinite_candidate_is_recorded_without_invalid_json FAILED [ 28%]
2026-10-01T08:33:02.3472791Z tests/test_fv_point_3h_first_branch_probe.py::test_classifier_keeps_strict_predicate_order_and_counts_simultaneous_failures PASSED [ 29%]
2026-10-01T08:33:02.3564497Z tests/test_fv_point_3h_first_branch_probe.py::test_classifier_reports_active_limiter_tie_before_flux_with_global_cell_index PASSED [ 29%]
2026-10-01T08:33:02.3653309Z tests/test_fv_point_3h_first_branch_probe.py::test_classifier_reports_y_predicate_after_all_x_predicates_pass PASSED [ 29%]
2026-10-01T08:33:02.3742047Z tests/test_fv_point_3h_first_branch_probe.py::test_classifier_reports_first_zero_flux_face_and_full_face_index PASSED [ 29%]
2026-10-01T08:33:02.3831205Z tests/test_fv_point_3h_first_branch_probe.py::test_classifier_passes_only_when_all_strict_predicates_hold PASSED [ 30%]
2026-10-01T08:33:02.3930421Z tests/test_fv_point_3h_first_branch_probe.py::test_invalid_field_scale_is_first_and_stops_dependent_predicates PASSED [ 30%]
2026-10-01T08:33:02.4018323Z tests/test_fv_point_3h_first_branch_probe.py::test_nonfinite_field_scale_can_be_serialized_as_failure_evidence PASSED [ 30%]
2026-10-01T08:33:02.4109494Z tests/test_fv_point_3h_first_branch_probe.py::test_first_failure_stops_forecast_after_observer_callback PASSED [ 30%]
2026-10-01T08:33:02.4199340Z tests/test_fv_point_3h_first_branch_probe.py::test_global_stage_context_maps_analysis_and_forecast_intervals[359-analysis_replay-None-89-1] PASSED [ 31%]
2026-10-01T08:33:02.4288632Z tests/test_fv_point_3h_first_branch_probe.py::test_global_stage_context_maps_analysis_and_forecast_intervals[360-future_forecast-1-0-0] PASSED [ 31%]
2026-10-01T08:33:02.4378842Z tests/test_fv_point_3h_first_branch_probe.py::test_global_stage_context_maps_analysis_and_forecast_intervals[539-future_forecast-1-89-1] PASSED [ 31%]
2026-10-01T08:33:02.4470242Z tests/test_fv_point_3h_first_branch_probe.py::test_global_stage_context_maps_analysis_and_forecast_intervals[3599-future_forecast-18-89-1] PASSED [ 31%]
2026-10-01T08:33:02.4673898Z tests/test_fv_point_3h_first_branch_probe.py::test_refused_branch_is_a_completed_diagnostic_when_child_and_guard_succeed PASSED [ 32%]
2026-10-01T08:33:02.4773288Z tests/test_fv_point_3h_first_branch_probe.py::test_parent_rejects_wrong_child_exit_even_if_refusal_report_is_valid PASSED [ 32%]
2026-10-01T08:33:02.4868373Z tests/test_fv_point_3h_merit_continuation.py::test_transpose_check_accepts_exact_quadratic_jvp_and_vjp PASSED [ 32%]
2026-10-01T08:33:02.4958153Z tests/test_fv_point_3h_merit_continuation.py::test_transpose_check_refuses_mismatch_and_nonfinite_products PASSED [ 32%]
2026-10-01T08:33:02.5052293Z tests/test_fv_point_3h_merit_continuation.py::test_strict_endpoint_uses_one_complete_oracle_call PASSED [ 33%]
2026-10-01T08:33:02.5148076Z tests/test_fv_point_3h_merit_continuation.py::test_pinned_seed_checks_raw_report_and_control_tensor_sha PASSED [ 33%]
2026-10-01T08:33:02.5268546Z tests/test_fv_point_3h_merit_continuation.py::test_tail_policy_pins_pr223_refused_epoch_endpoint_without_fv PASSED [ 33%]
2026-10-01T08:33:02.5360060Z tests/test_fv_point_3h_merit_continuation.py::test_default_policy_preserves_historical_numeric_gates_and_cli_defaults PASSED [ 34%]
2026-10-01T08:33:02.5450446Z tests/test_fv_point_3h_merit_continuation.py::test_epoch_link_requires_seed_or_immediately_prior_accepted_point PASSED [ 34%]
2026-10-01T08:33:02.5542429Z tests/test_fv_point_3h_merit_continuation.py::test_internal_budget_and_total_trial_cap_are_hard_limits PASSED [ 34%]
2026-10-01T08:33:02.6407878Z tests/test_fv_point_3h_merit_continuation.py::test_analytic_two_epoch_relinearizes_after_branch_switch PASSED [ 34%]
2026-10-01T08:33:02.6500892Z tests/test_fv_point_3h_merit_continuation.py::test_candidate_gate_requires_dual_decrease_and_only_same_branch_armijo PASSED [ 35%]
2026-10-01T08:33:02.6802976Z tests/test_fv_point_3h_merit_continuation.py::test_fake_guard_failure_is_reported_without_child_reconstruction PASSED [ 35%]
2026-10-01T08:33:02.7373667Z tests/test_fv_point_centered_prior_response.py::test_independent_result_gate_rejects_false_success[None] PASSED [ 35%]
2026-10-01T08:33:02.7932134Z tests/test_fv_point_centered_prior_response.py::test_independent_result_gate_rejects_false_success[bad_control_hash] PASSED [ 35%]
2026-10-01T08:33:02.8487802Z tests/test_fv_point_centered_prior_response.py::test_independent_result_gate_rejects_false_success[bad_parameter_hash] PASSED [ 36%]
2026-10-01T08:33:02.9043414Z tests/test_fv_point_centered_prior_response.py::test_independent_result_gate_rejects_false_success[bad_gradient] PASSED [ 36%]
2026-10-01T08:33:02.9590479Z tests/test_fv_point_centered_prior_response.py::test_independent_result_gate_rejects_false_success[bad_branch] PASSED [ 36%]
2026-10-01T08:33:03.0142073Z tests/test_fv_point_centered_prior_response.py::test_independent_result_gate_rejects_false_success[bad_adjoint_residual] PASSED [ 36%]
2026-10-01T08:33:03.0700832Z tests/test_fv_point_centered_prior_response.py::test_independent_result_gate_rejects_false_success[bad_pair] PASSED [ 37%]
2026-10-01T08:33:03.1250431Z tests/test_fv_point_centered_prior_response.py::test_independent_result_gate_rejects_false_success[forged_projection_limit] PASSED [ 37%]
2026-10-01T08:33:03.1801182Z tests/test_fv_point_centered_prior_response.py::test_independent_result_gate_rejects_false_success[forged_direct_scalar] PASSED [ 37%]
2026-10-01T08:33:03.2354913Z tests/test_fv_point_centered_prior_response.py::test_independent_result_gate_rejects_false_success[self_consistent_forged_scores] PASSED [ 37%]
2026-10-01T08:33:03.2501817Z tests/test_fv_point_centered_prior_response.py::test_independent_result_gate_rejects_false_success[missing_adjoint] PASSED [ 38%]
2026-10-01T08:33:03.3050797Z tests/test_fv_point_centered_prior_response.py::test_independent_result_gate_rejects_false_success[forged_adjoint] PASSED [ 38%]
2026-10-01T08:33:03.3603129Z tests/test_fv_point_centered_prior_response.py::test_independent_result_gate_rejects_false_success[forged_indirect_vector] PASSED [ 38%]
2026-10-01T08:33:03.4158490Z tests/test_fv_point_centered_prior_response.py::test_independent_result_gate_rejects_false_success[forged_tangent] PASSED [ 38%]
2026-10-01T08:33:03.4259090Z tests/test_fv_point_centered_prior_response.py::test_projection_limit_has_absolute_fallback_near_zero PASSED [ 39%]
2026-10-01T08:33:03.5248491Z tests/test_fv_point_centered_prior_response.py::test_small_score_offsets_cannot_flip_recomputed_pair_decision PASSED [ 39%]
2026-10-01T08:33:03.6351329Z tests/test_fv_point_centered_prior_response.py::test_parent_requires_clean_exit_and_source_identity PASSED [ 39%]
2026-10-01T08:33:03.7350619Z tests/test_fv_point_centered_prior_response.py::test_validation_failure_is_distinct_from_execution_failure PASSED [ 40%]
2026-10-01T08:33:04.1058938Z tests/test_fv_point_core_strict_root.py::test_locked_seed_and_prior_report_still_match_current_problem PASSED [ 40%]
2026-10-01T08:33:04.1165698Z tests/test_fv_point_core_strict_root.py::test_core_gate_is_distinct_from_final_response_margin[54-5e-05-5e-05-True] PASSED [ 40%]
2026-10-01T08:33:04.1270924Z tests/test_fv_point_core_strict_root.py::test_core_gate_is_distinct_from_final_response_margin[53-5e-05-5e-05-False] PASSED [ 40%]
2026-10-01T08:33:04.1375838Z tests/test_fv_point_core_strict_root.py::test_core_gate_is_distinct_from_final_response_margin[54-0.0-5e-05-False] PASSED [ 41%]
2026-10-01T08:33:04.1480698Z tests/test_fv_point_core_strict_root.py::test_core_gate_is_distinct_from_final_response_margin[54-nan-5e-05-False] PASSED [ 41%]
2026-10-01T08:33:04.1585186Z tests/test_fv_point_core_strict_root.py::test_core_gate_is_distinct_from_final_response_margin[54-5e-05-nan-False] PASSED [ 41%]
2026-10-01T08:33:04.1701423Z tests/test_fv_point_core_strict_root.py::test_runner_separates_execution_root_and_response_margin[core_strict_root_margin_qualified-None-completed] PASSED [ 41%]
2026-10-01T08:33:04.1817358Z tests/test_fv_point_core_strict_root.py::test_runner_separates_execution_root_and_response_margin[core_strict_root_low_margin-None-completed] PASSED [ 42%]
2026-10-01T08:33:04.1933448Z tests/test_fv_point_core_strict_root.py::test_runner_separates_execution_root_and_response_margin[seed_curvature_refused-None-completed] PASSED [ 42%]
2026-10-01T08:33:04.2050048Z tests/test_fv_point_core_strict_root.py::test_runner_separates_execution_root_and_response_margin[root_refused-None-completed] PASSED [ 42%]
2026-10-01T08:33:04.2175885Z tests/test_fv_point_core_strict_root.py::test_runner_separates_execution_root_and_response_margin[root_refused-final_curvature_phase-completed] PASSED [ 42%]
2026-10-01T08:33:04.2292795Z tests/test_fv_point_core_strict_root.py::test_runner_separates_execution_root_and_response_margin[root_refused-wrong_exit-failed] PASSED [ 43%]
2026-10-01T08:33:04.2409460Z tests/test_fv_point_core_strict_root.py::test_runner_separates_execution_root_and_response_margin[root_refused-wall_overrun-failed] PASSED [ 43%]
2026-10-01T08:33:04.2529683Z tests/test_fv_point_core_strict_root.py::test_runner_separates_execution_root_and_response_margin[core_strict_root_margin_qualified-missing_final_curvature-failed] PASSED [ 43%]
2026-10-01T08:33:04.2647880Z tests/test_fv_point_core_strict_root.py::test_runner_separates_execution_root_and_response_margin[core_strict_root_margin_qualified-wrong_plan_hash-failed] PASSED [ 43%]
2026-10-01T08:33:04.2765393Z tests/test_fv_point_core_strict_root.py::test_runner_separates_execution_root_and_response_margin[core_strict_root_margin_qualified-wrong_preflight_plan_hash-failed] PASSED [ 44%]
2026-10-01T08:33:04.2884933Z tests/test_fv_point_core_strict_root.py::test_runner_separates_execution_root_and_response_margin[core_strict_root_low_margin-false_high_margin_flag-failed] PASSED [ 44%]
2026-10-01T08:33:04.2990395Z tests/test_fv_process_response.py::test_worker_and_runner_bind_the_same_sources PASSED [ 44%]
2026-10-01T08:33:04.3111677Z tests/test_fv_process_response.py::test_worker_attempt_id_is_provenance_only_and_legacy_reports_omit_it PASSED [ 44%]
2026-10-01T08:33:04.3226402Z tests/test_fv_process_response.py::test_worker_rejects_noncanonical_attempt_id_in_run[123E4567-E89B-42D3-A456-426614174000] PASSED [ 45%]
2026-10-01T08:33:04.3340869Z tests/test_fv_process_response.py::test_worker_rejects_noncanonical_attempt_id_in_run[{123e4567-e89b-42d3-a456-426614174000}] PASSED [ 45%]
2026-10-01T08:33:04.3455278Z tests/test_fv_process_response.py::test_worker_rejects_noncanonical_attempt_id_in_run[123e4567-e89b-12d3-a456-426614174000] PASSED [ 45%]
2026-10-01T08:33:04.3569325Z tests/test_fv_process_response.py::test_worker_rejects_noncanonical_attempt_id_in_run[123e4567-e89b-42d3-0456-426614174000] PASSED [ 45%]
2026-10-01T08:33:04.3682946Z tests/test_fv_process_response.py::test_worker_rejects_noncanonical_attempt_id_in_run[123e4567e89b42d3a456426614174000] PASSED [ 46%]
2026-10-01T08:33:05.8177118Z tests/test_fv_process_response.py::test_worker_rejects_invalid_attempt_id_in_cli PASSED [ 46%]
2026-10-01T08:33:06.1073291Z tests/test_fv_process_response.py::test_case_archives_direction_branch_and_nominal_gradient_without_pcg[_small_case-archive_names0-direction_slice0-54] FAILED [ 46%]
2026-10-01T08:33:06.4185398Z tests/test_fv_process_response.py::test_case_archives_direction_branch_and_nominal_gradient_without_pcg[_large_case-archive_names1-direction_slice1-108] FAILED [ 47%]
2026-10-01T08:33:06.4327495Z tests/test_fv_process_response.py::test_runner_requires_two_complete_independent_children_and_both_overlaps PASSED [ 47%]
2026-10-01T08:33:06.4464925Z tests/test_fv_process_response.py::test_runner_fails_closed_on_child_or_overlap_failures[nonzero_exit] PASSED [ 47%]
2026-10-01T08:33:06.4599906Z tests/test_fv_process_response.py::test_runner_fails_closed_on_child_or_overlap_failures[malformed_child] PASSED [ 47%]
2026-10-01T08:33:06.4735956Z tests/test_fv_process_response.py::test_runner_fails_closed_on_child_or_overlap_failures[source_change] PASSED [ 48%]
2026-10-01T08:33:06.4872289Z tests/test_fv_process_response.py::test_runner_fails_closed_on_child_or_overlap_failures[missing_identity] PASSED [ 48%]
2026-10-01T08:33:06.5008529Z tests/test_fv_process_response.py::test_runner_fails_closed_on_child_or_overlap_failures[missing_response_fields] PASSED [ 48%]
2026-10-01T08:33:06.5146907Z tests/test_fv_process_response.py::test_runner_fails_closed_on_child_or_overlap_failures[response_no_overlap] PASSED [ 48%]
2026-10-01T08:33:06.5285370Z tests/test_fv_process_response.py::test_runner_fails_closed_on_child_or_overlap_failures[hvp_no_overlap] PASSED [ 49%]
2026-10-01T08:33:06.5424561Z tests/test_fv_process_response.py::test_runner_fails_closed_on_child_or_overlap_failures[over_wall_limit] PASSED [ 49%]
2026-10-01T08:33:06.5563972Z tests/test_fv_process_response.py::test_runner_fails_closed_on_child_or_overlap_failures[resource_wall] PASSED [ 49%]
2026-10-01T08:33:06.5702836Z tests/test_fv_process_response.py::test_runner_fails_closed_on_child_or_overlap_failures[resource_rss] PASSED [ 49%]
2026-10-01T08:33:06.5842228Z tests/test_fv_process_response.py::test_runner_fails_closed_on_child_or_overlap_failures[monitor_error] PASSED [ 50%]
2026-10-01T08:33:06.5982180Z tests/test_fv_process_response.py::test_runner_fails_closed_on_child_or_overlap_failures[zero_samples] PASSED [ 50%]
2026-10-01T08:33:06.6121565Z tests/test_fv_process_response.py::test_runner_fails_closed_on_child_or_overlap_failures[rss_over] PASSED [ 50%]
2026-10-01T08:33:06.6262023Z tests/test_fv_process_response.py::test_runner_fails_closed_on_child_or_overlap_failures[pid_mismatch] PASSED [ 50%]
2026-10-01T08:33:06.6405111Z tests/test_fv_process_response.py::test_runner_fails_closed_on_child_or_overlap_failures[bad_hvp_interval] PASSED [ 51%]
2026-10-01T08:33:10.2064614Z tests/test_fv_research_partial_observation.py::test_missing_middle_and_last_observations_are_masked_in_objective_and_whitener PASSED [ 51%]
2026-10-01T08:33:10.9177280Z tests/test_fv_research_partial_observation.py::test_partial_observations_keep_two_lead_time_and_branch_contract PASSED [ 51%]
2026-10-01T08:33:11.0857227Z tests/test_fv_research_partial_observation.py::test_research_binding_rejects_invalid_data_outside_genuine_later_missing[first_frame_missing-fully known initial active support] PASSED [ 51%]
2026-10-01T08:33:11.3818287Z tests/test_fv_research_partial_observation.py::test_research_binding_rejects_invalid_data_outside_genuine_later_missing[qc_rejected-research minmod] PASSED [ 52%]
2026-10-01T08:33:11.6792958Z tests/test_fv_research_partial_observation.py::test_research_binding_rejects_invalid_data_outside_genuine_later_missing[censored-research minmod] PASSED [ 52%]
2026-10-01T08:33:11.9742581Z tests/test_fv_research_partial_observation.py::test_research_binding_rejects_invalid_data_outside_genuine_later_missing[zero_quality-research minmod] PASSED [ 52%]
2026-10-01T08:33:11.9871245Z tests/test_fv_response_job_reconcile.py::test_missing_and_empty_job_report_no_observed_artifacts PASSED [ 52%]
2026-10-01T08:33:12.0001750Z tests/test_fv_response_job_reconcile.py::test_raw_resource_crash_window_without_publication_needs_reconciliation PASSED [ 53%]
2026-10-01T08:33:12.0168684Z tests/test_fv_response_job_reconcile.py::test_publication_without_lifecycle_needs_reconciliation PASSED [ 53%]
2026-10-01T08:33:12.3453056Z tests/test_fv_response_job_reconcile.py::test_consistent_terminal_lifecycle_allows_candidate_and_is_idempotent FAILED [ 53%]
2026-10-01T08:33:12.5462315Z tests/test_fv_response_job_reconcile.py::test_fully_bound_v2_artifacts_allow_only_unauthenticated_candidate FAILED [ 54%]
2026-10-01T08:33:12.7195113Z tests/test_fv_response_job_reconcile.py::test_any_v2_marker_disables_legacy_fallback[attempt.json] PASSED [ 54%]
2026-10-01T08:33:12.7424356Z tests/test_fv_response_job_reconcile.py::test_any_v2_marker_disables_legacy_fallback[attempt_id] PASSED [ 54%]
2026-10-01T08:33:12.7645385Z tests/test_fv_response_job_reconcile.py::test_any_v2_marker_disables_legacy_fallback[manifest_digest] PASSED [ 54%]
2026-10-01T08:33:12.7864923Z tests/test_fv_response_job_reconcile.py::test_any_v2_marker_disables_legacy_fallback[resource_digest] PASSED [ 55%]
2026-10-01T08:33:12.8084592Z tests/test_fv_response_job_reconcile.py::test_any_v2_marker_disables_legacy_fallback[schema2] PASSED [ 55%]
2026-10-01T08:33:12.8300160Z tests/test_fv_response_job_reconcile.py::test_v2_marker_in_worker_log_disables_legacy_fallback PASSED [ 55%]
2026-10-01T08:33:13.0358569Z tests/test_fv_response_job_reconcile.py::test_v2_binding_tampering_and_missing_chain_fail_closed[manifest] FAILED [ 55%]
2026-10-01T08:33:13.2356099Z tests/test_fv_response_job_reconcile.py::test_v2_binding_tampering_and_missing_chain_fail_closed[raw_id] FAILED [ 56%]
2026-10-01T08:33:13.4450794Z tests/test_fv_response_job_reconcile.py::test_v2_binding_tampering_and_missing_chain_fail_closed[resource_id] FAILED [ 56%]
2026-10-01T08:33:13.6448504Z tests/test_fv_response_job_reconcile.py::test_v2_binding_tampering_and_missing_chain_fail_closed[resource_digest] FAILED [ 56%]
2026-10-01T08:33:13.8534126Z tests/test_fv_response_job_reconcile.py::test_v2_binding_tampering_and_missing_chain_fail_closed[publication_digest] FAILED [ 56%]
2026-10-01T08:33:14.0537466Z tests/test_fv_response_job_reconcile.py::test_v2_binding_tampering_and_missing_chain_fail_closed[lifecycle_id] FAILED [ 57%]
2026-10-01T08:33:14.2543728Z tests/test_fv_response_job_reconcile.py::test_v2_binding_tampering_and_missing_chain_fail_closed[job_path] FAILED [ 57%]
2026-10-01T08:33:14.4674412Z tests/test_fv_response_job_reconcile.py::test_v2_binding_tampering_and_missing_chain_fail_closed[source_drift] FAILED [ 57%]
2026-10-01T08:33:14.6677174Z tests/test_fv_response_job_reconcile.py::test_v2_binding_tampering_and_missing_chain_fail_closed[input_drift] FAILED [ 57%]
2026-10-01T08:33:15.0008820Z tests/test_fv_response_job_reconcile.py::test_v2_binding_tampering_and_missing_chain_fail_closed[command] FAILED [ 58%]
2026-10-01T08:33:15.2021201Z tests/test_fv_response_job_reconcile.py::test_v2_copied_job_path_is_unresolved FAILED [ 58%]
2026-10-01T08:33:15.4132964Z tests/test_fv_response_job_reconcile.py::test_v2_manifest_from_different_current_source_snapshot_is_unresolved FAILED [ 58%]
2026-10-01T08:33:15.6146166Z tests/test_fv_response_job_reconcile.py::test_artifact_swap_after_snapshot_never_yields_candidate[worker.raw.json] FAILED [ 58%]
2026-10-01T08:33:15.8183477Z tests/test_fv_response_job_reconcile.py::test_artifact_swap_after_snapshot_never_yields_candidate[worker.resource.json] FAILED [ 59%]
2026-10-01T08:33:15.8360933Z tests/test_fv_response_job_reconcile.py::test_missing_worker_record_is_not_recovered[worker.raw.json] PASSED [ 59%]
2026-10-01T08:33:15.8537763Z tests/test_fv_response_job_reconcile.py::test_missing_worker_record_is_not_recovered[worker.resource.json] PASSED [ 59%]
2026-10-01T08:33:15.8678235Z tests/test_fv_response_job_reconcile.py::test_partial_raw_and_cancelled_without_publication_need_reconciliation PASSED [ 60%]
2026-10-01T08:33:15.8964370Z tests/test_fv_response_job_reconcile.py::test_contradictory_publication_or_worker_is_rejected[sha] PASSED [ 60%]
2026-10-01T08:33:15.9143213Z tests/test_fv_response_job_reconcile.py::test_contradictory_publication_or_worker_is_rejected[pid] PASSED [ 60%]
2026-10-01T08:33:15.9323065Z tests/test_fv_response_job_reconcile.py::test_contradictory_publication_or_worker_is_rejected[request] PASSED [ 60%]
2026-10-01T08:33:15.9501139Z tests/test_fv_response_job_reconcile.py::test_contradictory_publication_or_worker_is_rejected[case] PASSED [ 61%]
2026-10-01T08:33:15.9680243Z tests/test_fv_response_job_reconcile.py::test_contradictory_publication_or_worker_is_rejected[scope] PASSED [ 61%]
2026-10-01T08:33:15.9859844Z tests/test_fv_response_job_reconcile.py::test_contradictory_publication_or_worker_is_rejected[input] PASSED [ 61%]
2026-10-01T08:33:16.0043408Z tests/test_fv_response_job_reconcile.py::test_contradictory_publication_or_worker_is_rejected[response] PASSED [ 61%]
2026-10-01T08:33:16.0224284Z tests/test_fv_response_job_reconcile.py::test_contradictory_publication_or_worker_is_rejected[boolean_direct] PASSED [ 62%]
2026-10-01T08:33:16.0405765Z tests/test_fv_response_job_reconcile.py::test_contradictory_publication_or_worker_is_rejected[nan_direct] PASSED [ 62%]
2026-10-01T08:33:16.0589429Z tests/test_fv_response_job_reconcile.py::test_contradictory_publication_or_worker_is_rejected[time] PASSED [ 62%]
2026-10-01T08:33:16.0777726Z tests/test_fv_response_job_reconcile.py::test_contradictory_publication_or_worker_is_rejected[source] PASSED [ 62%]
2026-10-01T08:33:16.0966639Z tests/test_fv_response_job_reconcile.py::test_contradictory_publication_or_worker_is_rejected[archive] PASSED [ 63%]
2026-10-01T08:33:16.1208223Z tests/test_fv_response_job_reconcile.py::test_temporary_unexpected_symlink_and_malformed_records_are_rejected PASSED [ 63%]
2026-10-01T08:33:16.3061943Z tests/test_fv_response_job_reconcile.py::test_lifecycle_contradiction_forces_reconciliation[execution_status-cancelled] FAILED [ 63%]
2026-10-01T08:33:16.4921106Z tests/test_fv_response_job_reconcile.py::test_lifecycle_contradiction_forces_reconciliation[physical_validation-passed] FAILED [ 63%]
2026-10-01T08:33:16.6760247Z tests/test_fv_response_job_reconcile.py::test_lifecycle_contradiction_forces_reconciliation[runner_error-unexpected failure] FAILED [ 64%]
2026-10-01T08:33:16.8608750Z tests/test_fv_response_job_reconcile.py::test_lifecycle_contradiction_forces_reconciliation[raw_child_read_error-malformed raw report] FAILED [ 64%]
2026-10-01T08:33:17.0364663Z tests/test_fv_response_job_reconcile.py::test_copied_legacy_relative_worker_command_is_unresolved FAILED [ 64%]
2026-10-01T08:33:17.2217968Z tests/test_fv_response_job_reconcile.py::test_changed_resource_exit_is_unresolved_even_when_lifecycle_copy_agrees FAILED [ 64%]
2026-10-01T08:33:17.4056667Z tests/test_fv_response_job_reconcile.py::test_current_fixed_archive_drift_is_unresolved FAILED [ 65%]
2026-10-01T08:33:17.5912856Z tests/test_fv_response_job_reconcile.py::test_lifecycle_source_snapshot_must_match_current_sources FAILED [ 65%]
2026-10-01T08:33:17.7763762Z tests/test_fv_response_job_reconcile.py::test_two_inspectors_contend_on_shared_lock FAILED [ 65%]
2026-10-01T08:33:17.9605093Z tests/test_fv_response_job_reconcile.py::test_parent_path_aliases_use_the_same_lock_and_classification FAILED [ 65%]
2026-10-01T08:33:17.9750134Z tests/test_fv_response_job_reconcile.py::test_invalid_request_id_does_not_inspect_or_create_job_artifacts PASSED [ 66%]
2026-10-01T08:33:17.9960296Z tests/test_fv_rotation_demo.py::test_missing_candidate_does_not_shrink_large_demo_score_domain PASSED [ 66%]
2026-10-01T08:33:18.0102375Z tests/test_fv_rotation_demo.py::test_analysis_and_forecast_support_have_distinct_time_extents PASSED [ 66%]
2026-10-01T08:33:41.8855282Z tests/test_fv_stationarity_verification.py::test_explicit_verification_checks_residual_jvps_without_legacy_promotion PASSED [ 67%]
2026-10-01T08:33:41.9463804Z tests/test_fv_stationarity_verification.py::test_verification_rejects_nonstationary_control PASSED [ 67%]
2026-10-01T08:33:42.2644124Z tests/test_fv_stationarity_verification.py::test_verification_catches_a_wrong_residual_derivative PASSED [ 67%]
2026-10-01T08:33:42.2791343Z tests/test_fv_stationarity_verification.py::test_verification_rejects_missing_observations PASSED [ 67%]
2026-10-01T08:33:42.3507552Z tests/test_fv_stationarity_verification.py::test_verification_rejects_stale_trajectory_components[support_frames] PASSED [ 68%]
2026-10-01T08:33:42.4226015Z tests/test_fv_stationarity_verification.py::test_verification_rejects_stale_trajectory_components[psi_coefficients] PASSED [ 68%]
2026-10-01T08:33:42.4937533Z tests/test_fv_stationarity_verification.py::test_verification_rejects_stale_trajectory_components[log_growth_per_step] PASSED [ 68%]
2026-10-01T08:33:42.5140911Z tests/test_fv_stationary_sensitivity.py::test_polish_uses_gradient_merit_when_cost_change_is_unresolvable PASSED [ 68%]
2026-10-01T08:33:43.6505685Z tests/test_fv_stationary_sensitivity.py::test_polish_does_not_accept_a_zero_gradient_saddle PASSED [ 69%]
2026-10-01T08:33:43.6671853Z tests/test_fv_stationary_sensitivity.py::test_dense_hessian_rejects_nonsymmetric_and_nonfinite_derivatives PASSED [ 69%]
2026-10-01T08:33:43.6818383Z tests/test_fv_stationary_sensitivity.py::test_polish_rejects_infinite_cost_even_with_zero_gradient PASSED [ 69%]
2026-10-01T08:33:43.6985140Z tests/test_fv_stationary_sensitivity.py::test_polish_checks_every_trial_branch PASSED [ 69%]
2026-10-01T08:33:43.7193550Z tests/test_fv_stationary_sensitivity.py::test_stationary_sensitivity_scalar_quadratic_has_the_right_sign PASSED [ 70%]
2026-10-01T08:33:43.7346113Z tests/test_fv_stationary_sensitivity.py::test_stationary_sensitivity_rejects_a_nonstationary_point PASSED [ 70%]
2026-10-01T08:33:43.8086840Z tests/test_fv_stationary_sensitivity.py::test_face_signs_distinguishes_structural_and_sensitive_zero_faces PASSED [ 70%]
2026-10-01T08:33:43.9314141Z tests/test_fv_stationary_sensitivity.py::test_prepare_analysis_full_detected_domain_uses_perturbed_first_frame PASSED [ 70%]
2026-10-01T08:33:43.9460866Z tests/test_fv_stationary_sensitivity.py::test_dense_hessian_oracle_has_a_small_control_cap PASSED [ 71%]
2026-10-01T08:33:44.0214350Z tests/test_fv_stationary_sensitivity.py::test_face_box_rejects_possible_crossing_despite_matching_endpoints PASSED [ 71%]
2026-10-01T08:33:44.0365469Z tests/test_fv_stationary_sensitivity.py::test_nan_stationarity_is_not_accepted PASSED [ 71%]
2026-10-01T08:38:45.0868136Z tests/test_fv_stationary_sensitivity.py::test_fv_total_observation_sensitivity_matches_stationary_reanalysis PASSED [ 71%]
2026-10-01T08:38:45.1627950Z tests/test_fv_stationary_sensitivity.py::test_face_margin_accounts_for_cancellation_in_backend_vertex_sums PASSED [ 72%]
2026-10-01T08:38:45.2198645Z tests/test_fv_support_matrix.py::test_stratified_inventory_preserves_refusal_and_unmeasured_validation FAILED [ 72%]
2026-10-01T08:38:45.2353444Z tests/test_fv_support_matrix.py::test_validation_fraction_remains_null_until_an_attempt_exists PASSED [ 72%]
2026-10-01T08:38:45.2527935Z tests/test_fv_support_matrix.py::test_manifest_mismatch_refuses_a_changed_measurement PASSED [ 72%]
2026-10-01T08:38:45.4147876Z tests/test_initial_field_lab.py::InitialFieldLabTest::test_age_changes_metadata_without_aging_the_background PASSED [ 73%]
2026-10-01T08:38:45.4925376Z tests/test_initial_field_lab.py::InitialFieldLabTest::test_background_can_be_removed_or_visibly_changed PASSED [ 73%]
2026-10-01T08:38:45.5084186Z tests/test_initial_field_lab.py::InitialFieldLabTest::test_comparison_rejects_different_valid_times PASSED [ 73%]
2026-10-01T08:38:45.5258359Z tests/test_initial_field_lab.py::InitialFieldLabTest::test_comparison_uses_fixed_reference_and_domain PASSED [ 74%]
2026-10-01T08:38:45.5417211Z tests/test_initial_field_lab.py::InitialFieldLabTest::test_comparison_without_reference_domain_has_no_score PASSED [ 74%]
2026-10-01T08:38:45.6304696Z tests/test_initial_field_lab.py::InitialFieldLabTest::test_default_experiment_runs_the_p0_nowcast PASSED [ 74%]
2026-10-01T08:38:45.6404039Z tests/test_initial_field_lab.py::InitialFieldLabTest::test_numeric_settings_reject_huge_integers_and_nonfinite_values 
2026-10-01T08:38:45.6481173Z tests/test_initial_field_lab.py::InitialFieldLabTest::test_numeric_settings_reject_huge_integers_and_nonfinite_values PASSED [ 74%]
2026-10-01T08:38:45.6637691Z tests/test_initial_field_lab.py::InitialFieldLabTest::test_request_rejects_an_unsupported_lead_time PASSED [ 75%]
2026-10-01T08:38:45.9285021Z tests/test_initial_field_lab.py::InitialFieldLabTest::test_run_comparison_keeps_a_when_background_b_changes PASSED [ 75%]
2026-10-01T08:38:46.0205513Z tests/test_initial_field_lab.py::InitialFieldLabTest::test_scored_pixels_exclude_missing_persistence_on_valid_forecast PASSED [ 75%]
2026-10-01T08:38:46.0365718Z tests/test_integrate_fv_demo.py::test_integration_preserves_history_and_replaces_only_its_entries PASSED [ 75%]
2026-10-01T08:38:46.0525916Z tests/test_integrate_fv_demo.py::test_mismatched_method_leads_are_not_silently_truncated PASSED [ 76%]
2026-10-01T08:38:46.0684153Z tests/test_integrate_fv_demo.py::test_mismatched_comparison_contract_is_rejected[change0] PASSED [ 76%]
2026-10-01T08:38:46.0842017Z tests/test_integrate_fv_demo.py::test_mismatched_comparison_contract_is_rejected[change1] PASSED [ 76%]
2026-10-01T08:38:46.1021335Z tests/test_integrate_fv_demo.py::test_motion_diagnostics_use_each_methods_actual_saved_field PASSED [ 76%]
2026-10-01T08:38:46.1125732Z tests/test_ledger.py::ModelContractTests::test_digest_changes_when_any_contract_field_changes 
2026-10-01T08:38:46.1205509Z tests/test_ledger.py::ModelContractTests::test_digest_changes_when_any_contract_field_changes PASSED [ 77%]
2026-10-01T08:38:46.2180110Z tests/test_ledger.py::ModelContractTests::test_episode_rejects_config_digest_mismatch PASSED [ 77%]
2026-10-01T08:38:46.3157662Z tests/test_ledger.py::ModelContractTests::test_episode_rejects_grid_digest_mismatch PASSED [ 77%]
2026-10-01T08:38:46.4833345Z tests/test_ledger.py::EpisodeLedgerTests::test_analysis_provenance_sql_requires_prepared_immutable_rows PASSED [ 77%]
2026-10-01T08:38:46.5878378Z tests/test_ledger.py::EpisodeLedgerTests::test_append_load_verify_and_reopen_computed_snapshot PASSED [ 78%]
2026-10-01T08:38:46.6612925Z tests/test_ledger.py::EpisodeLedgerTests::test_append_uses_one_owned_tensor_snapshot PASSED [ 78%]
2026-10-01T08:38:47.1503546Z tests/test_ledger.py::EpisodeLedgerTests::test_backdated_decision_cannot_be_recorded_after_issue PASSED [ 78%]
2026-10-01T08:38:47.2253002Z tests/test_ledger.py::EpisodeLedgerTests::test_complete_verification_lineage_round_trips PASSED [ 78%]
2026-10-01T08:38:47.2798477Z tests/test_ledger.py::EpisodeLedgerTests::test_distinct_certificate_requests_form_one_linear_chain PASSED [ 79%]
2026-10-01T08:38:47.3564532Z tests/test_ledger.py::EpisodeLedgerTests::test_duplicate_episode_id_is_rejected PASSED [ 79%]
2026-10-01T08:38:47.4064568Z tests/test_ledger.py::EpisodeLedgerTests::test_executor_public_key_store_must_not_be_world_writable PASSED [ 79%]
2026-10-01T08:38:47.6966255Z tests/test_ledger.py::EpisodeLedgerTests::test_extended_context_schemas_remain_verifiable 
2026-10-01T08:38:47.7060099Z tests/test_ledger.py::EpisodeLedgerTests::test_extended_context_schemas_remain_verifiable PASSED [ 80%]
2026-10-01T08:38:47.7707269Z tests/test_ledger.py::EpisodeLedgerTests::test_file_corruption_is_detected PASSED [ 80%]
2026-10-01T08:38:47.8506584Z tests/test_ledger.py::EpisodeLedgerTests::test_forecast_run_digest_is_validated_independently_of_contract PASSED [ 80%]
2026-10-01T08:38:47.9014405Z tests/test_ledger.py::EpisodeLedgerTests::test_forecast_run_identity_does_not_change_contract_compatibility PASSED [ 80%]
2026-10-01T08:38:48.1136048Z tests/test_ledger.py::EpisodeLedgerTests::test_holdout_plan_rechecks_clock_before_commit 
2026-10-01T08:38:48.1232252Z tests/test_ledger.py::EpisodeLedgerTests::test_holdout_plan_rechecks_clock_before_commit PASSED [ 81%]
2026-10-01T08:38:48.2077248Z tests/test_ledger.py::EpisodeLedgerTests::test_holdout_plans_v33_through_v36_load_as_cold_audit_fixtures 
2026-10-01T08:38:48.2214396Z tests/test_ledger.py::EpisodeLedgerTests::test_holdout_plans_v33_through_v36_load_as_cold_audit_fixtures PASSED [ 81%]
2026-10-01T08:38:48.2615901Z tests/test_ledger.py::EpisodeLedgerTests::test_invalid_and_traversal_episode_ids_are_rejected 
2026-10-01T08:38:48.2708500Z tests/test_ledger.py::EpisodeLedgerTests::test_invalid_and_traversal_episode_ids_are_rejected PASSED [ 81%]
2026-10-01T08:38:48.3115811Z tests/test_ledger.py::EpisodeLedgerTests::test_invalid_snapshot_forecast_run_digest_is_rejected 
2026-10-01T08:38:48.3208775Z tests/test_ledger.py::EpisodeLedgerTests::test_invalid_snapshot_forecast_run_digest_is_rejected PASSED [ 81%]
2026-10-01T08:38:48.3968484Z tests/test_ledger.py::EpisodeLedgerTests::test_legacy_holdout_plan_loads_as_read_only_audit PASSED [ 82%]
2026-10-01T08:38:48.4595875Z tests/test_ledger.py::EpisodeLedgerTests::test_legacy_learning_approval_remains_loadable PASSED [ 82%]
2026-10-01T08:38:48.5184729Z tests/test_ledger.py::EpisodeLedgerTests::test_legacy_v2_prospective_receipt_loads_as_signed_audit PASSED [ 82%]
2026-10-01T08:38:48.5724697Z tests/test_ledger.py::EpisodeLedgerTests::test_malformed_or_contradictory_snapshot_is_rejected PASSED [ 82%]
2026-10-01T08:38:48.6927020Z tests/test_ledger.py::EpisodeLedgerTests::test_operational_raw_resolution_history_is_append_only PASSED [ 83%]
2026-10-01T08:38:48.7422969Z tests/test_ledger.py::EpisodeLedgerTests::test_operator_public_key_store_must_not_be_world_writable PASSED [ 83%]
2026-10-01T08:38:48.8406627Z tests/test_ledger.py::EpisodeLedgerTests::test_pr140_generations_load_as_audit_only PASSED [ 83%]
2026-10-01T08:38:48.8999036Z tests/test_ledger.py::EpisodeLedgerTests::test_pr141_promotion_v31_loads_from_the_ledger_as_audit_only PASSED [ 83%]
2026-10-01T08:38:48.9904074Z tests/test_ledger.py::EpisodeLedgerTests::test_pr141_scientific_generations_load_as_audit_only PASSED [ 84%]
2026-10-01T08:38:49.1111513Z tests/test_ledger.py::EpisodeLedgerTests::test_previous_scalar_schema_is_migrated PASSED [ 84%]
2026-10-01T08:38:49.9334071Z tests/test_ledger.py::EpisodeLedgerTests::test_prospective_decision_and_executor_receipt_round_trip PASSED [ 84%]
2026-10-01T08:38:49.9934399Z tests/test_ledger.py::EpisodeLedgerTests::test_replay_v19_through_v26_preserve_frozen_tensor_roles 
2026-10-01T08:38:50.0029808Z tests/test_ledger.py::EpisodeLedgerTests::test_replay_v19_through_v26_preserve_frozen_tensor_roles PASSED [ 84%]
2026-10-01T08:38:50.0583932Z tests/test_ledger.py::EpisodeLedgerTests::test_retrospective_replay_is_a_separate_audit_record PASSED [ 85%]
2026-10-01T08:38:50.1446601Z tests/test_ledger.py::EpisodeLedgerTests::test_same_id_concurrent_append_commits_once PASSED [ 85%]
2026-10-01T08:38:50.2406790Z tests/test_ledger.py::EpisodeLedgerTests::test_schema_fifteen_evidence_contract_remains_verifiable PASSED [ 85%]
2026-10-01T08:38:50.3312324Z tests/test_ledger.py::EpisodeLedgerTests::test_schema_five_conflict_context_remains_verifiable PASSED [ 85%]
2026-10-01T08:38:50.4217807Z tests/test_ledger.py::EpisodeLedgerTests::test_schema_four_context_contract_remains_verifiable PASSED [ 86%]
2026-10-01T08:38:50.5151255Z tests/test_ledger.py::EpisodeLedgerTests::test_schema_one_episode_remains_verifiable PASSED [ 86%]
2026-10-01T08:38:50.6113019Z tests/test_ledger.py::EpisodeLedgerTests::test_schema_three_episode_without_run_identity_remains_verifiable PASSED [ 86%]
2026-10-01T08:38:50.6776698Z tests/test_ledger.py::EpisodeLedgerTests::test_sqlite_rows_cannot_be_updated_or_deleted 
2026-10-01T08:38:50.6904935Z tests/test_ledger.py::EpisodeLedgerTests::test_sqlite_rows_cannot_be_updated_or_deleted PASSED [ 87%]
2026-10-01T08:38:51.8126319Z tests/test_ledger.py::EpisodeLedgerTests::test_typed_actions_plan_times_and_global_radius_fail_closed PASSED [ 87%]
2026-10-01T08:38:51.8817071Z tests/test_ledger.py::EpisodeLedgerTests::test_unavailable_optional_arrays_are_omitted PASSED [ 87%]
2026-10-01T08:38:51.9435791Z tests/test_ledger.py::EpisodeLedgerTests::test_untracked_episode_file_is_detected PASSED [ 87%]
2026-10-01T08:38:52.0025419Z tests/test_ledger.py::EpisodeLedgerTests::test_v29_holdout_plan_loads_as_byte_audit_only PASSED [ 88%]
2026-10-01T08:38:52.0833170Z tests/test_ledger.py::EpisodeLedgerTests::test_v2_layout_cannot_claim_schema_one PASSED [ 88%]
2026-10-01T08:38:52.1386249Z tests/test_ledger.py::EpisodeLedgerTests::test_v30_holdout_plan_loads_as_byte_audit_only PASSED [ 88%]
2026-10-01T08:38:52.1989521Z tests/test_ledger.py::EpisodeLedgerTests::test_v3_promotion_and_pre_full_input_manifest_load_audit_only PASSED [ 88%]
2026-10-01T08:38:52.2574842Z tests/test_ledger.py::EpisodeLedgerTests::test_v5_promotion_and_pre_probability_manifest_load_audit_only PASSED [ 89%]
2026-10-01T08:38:52.3201209Z tests/test_ledger.py::EpisodeLedgerTests::test_v6_promotion_and_v7_evaluation_load_audit_only PASSED [ 89%]
2026-10-01T08:38:52.3746416Z tests/test_ledger.py::EpisodeLedgerTests::test_v7_promotion_and_v4_manifest_load_audit_only PASSED [ 89%]
2026-10-01T08:38:52.4321280Z tests/test_ledger.py::EpisodeLedgerTests::test_v8_promotion_loads_as_pre_classifier_audit PASSED [ 89%]
2026-10-01T08:38:52.4710945Z tests/test_recomputed_transport.py::test_recompute_tuple_with_unused_output_and_shared_input PASSED [ 90%]
2026-10-01T08:38:52.5321223Z tests/test_recomputed_transport.py::test_recompute_scalar_three_block_gradgrad_and_hvp_match_plain PASSED [ 90%]
2026-10-01T08:38:53.5821388Z tests/test_recomputed_transport.py::test_recomputed_fv_three_blocks_match_plain_value_jvp_vjp_and_mixed PASSED [ 90%]
2026-10-01T08:38:53.9110339Z tests/test_recomputed_transport.py::test_recomputed_fv_zero_flow_tie_matches_plain_first_order_only PASSED [ 90%]
2026-10-01T08:38:53.9316159Z tests/test_review_promotion_contracts.py::test_current_input_plan_contract_rejects_v1_and_arbitrary_tags PASSED [ 91%]
2026-10-01T08:38:53.9523733Z tests/test_review_promotion_contracts.py::test_current_input_plan_requires_three_strictly_ordered_times[valid_times0] PASSED [ 91%]
2026-10-01T08:38:53.9727611Z tests/test_review_promotion_contracts.py::test_current_input_plan_requires_three_strictly_ordered_times[valid_times1] PASSED [ 91%]
2026-10-01T08:38:53.9933596Z tests/test_review_promotion_contracts.py::test_current_input_plan_requires_three_strictly_ordered_times[valid_times2] PASSED [ 91%]
2026-10-01T08:38:54.0143605Z tests/test_review_promotion_contracts.py::test_current_input_plan_requires_three_strictly_ordered_times[valid_times3] PASSED [ 92%]
2026-10-01T08:38:54.0351304Z tests/test_review_promotion_contracts.py::test_operational_issuance_domain_rejects_bogus_source_kind PASSED [ 92%]
2026-10-01T08:38:54.0556184Z tests/test_review_promotion_contracts.py::test_physical_event_track_allows_valid_constant_velocity PASSED [ 92%]
2026-10-01T08:38:54.0770268Z tests/test_review_promotion_contracts.py::test_physical_event_track_preserves_subsecond_intervals[constant-velocity] PASSED [ 92%]
2026-10-01T08:38:54.0986497Z tests/test_review_promotion_contracts.py::test_physical_event_track_preserves_subsecond_intervals[acceleration-below-limit] PASSED [ 93%]
2026-10-01T08:38:54.1196626Z tests/test_review_promotion_contracts.py::test_physical_event_track_rejects_subsecond_acceleration_in_constructor PASSED [ 93%]
2026-10-01T08:38:54.1407781Z tests/test_review_promotion_contracts.py::test_physical_event_track_validator_rejects_rehashed_acceleration_tamper PASSED [ 93%]
2026-10-01T08:38:54.1618316Z tests/test_review_promotion_contracts.py::test_range_band_evaluation_rejects_impossible_cross_field_evidence[kwargs0] PASSED [ 94%]
2026-10-01T08:38:54.1839230Z tests/test_review_promotion_contracts.py::test_range_band_evaluation_rejects_impossible_cross_field_evidence[kwargs1] PASSED [ 94%]
2026-10-01T08:38:54.2056424Z tests/test_review_promotion_contracts.py::test_range_band_evaluation_rejects_impossible_cross_field_evidence[kwargs2] PASSED [ 94%]
2026-10-01T08:38:54.2278535Z tests/test_review_promotion_contracts.py::test_range_band_evaluation_rejects_impossible_cross_field_evidence[kwargs3] PASSED [ 94%]
2026-10-01T08:38:54.2498783Z tests/test_review_promotion_contracts.py::test_range_band_evaluation_rejects_impossible_cross_field_evidence[kwargs4] PASSED [ 95%]
2026-10-01T08:38:54.2726129Z tests/test_review_promotion_contracts.py::test_range_band_evaluation_rejects_impossible_cross_field_evidence[kwargs5] PASSED [ 95%]
2026-10-01T08:38:54.2949011Z tests/test_review_promotion_contracts.py::test_range_band_evaluation_preserves_valid_set_difference_transitions[kwargs0] PASSED [ 95%]
2026-10-01T08:38:54.3173168Z tests/test_review_promotion_contracts.py::test_range_band_evaluation_preserves_valid_set_difference_transitions[kwargs1] PASSED [ 95%]
2026-10-01T08:38:54.3400754Z tests/test_review_promotion_contracts.py::test_range_band_evaluation_preserves_valid_set_difference_transitions[kwargs2] PASSED [ 96%]
2026-10-01T08:38:54.3636642Z tests/test_review_promotion_contracts.py::test_range_band_evaluation_preserves_valid_set_difference_transitions[kwargs3] PASSED [ 96%]
2026-10-01T08:38:54.3767308Z tests/test_review_run_identity.py::RunIdentityReviewTests::test_affine_conversion_preserves_float32_and_float64_paths 
2026-10-01T08:38:54.3873657Z tests/test_review_run_identity.py::RunIdentityReviewTests::test_affine_conversion_preserves_float32_and_float64_paths PASSED [ 96%]
2026-10-01T08:38:54.4095111Z tests/test_review_run_identity.py::RunIdentityReviewTests::test_affine_conversion_rejects_integer_inputs PASSED [ 96%]
2026-10-01T08:38:54.4337483Z tests/test_review_run_identity.py::RunIdentityReviewTests::test_current_background_digest_requires_presence_match PASSED [ 97%]
2026-10-01T08:38:54.4472494Z tests/test_review_run_identity.py::RunIdentityReviewTests::test_current_bundle_builder_and_validator_accept_both_background_states 
2026-10-01T08:38:54.4578756Z tests/test_review_run_identity.py::RunIdentityReviewTests::test_current_bundle_builder_and_validator_accept_both_background_states PASSED [ 97%]
2026-10-01T08:38:54.4803735Z tests/test_review_run_identity.py::RunIdentityReviewTests::test_current_run_rejects_direct_input_bundle_tamper PASSED [ 97%]
2026-10-01T08:38:54.6128751Z tests/test_review_run_identity.py::RunIdentityReviewTests::test_reduced_v42_artifact_keeps_legacy_background_migration PASSED [ 97%]
2026-10-01T08:38:54.6365161Z tests/test_transport_numerical_diffusion.py::test_single_remap_variance_and_fourier_damping[-8.3] PASSED [ 98%]
2026-10-01T08:38:54.6597792Z tests/test_transport_numerical_diffusion.py::test_single_remap_variance_and_fourier_damping[-0.5] PASSED [ 98%]
2026-10-01T08:38:54.6819367Z tests/test_transport_numerical_diffusion.py::test_single_remap_variance_and_fourier_damping[0.0] PASSED [ 98%]
2026-10-01T08:38:54.7044505Z tests/test_transport_numerical_diffusion.py::test_single_remap_variance_and_fourier_damping[0.3] PASSED [ 98%]
2026-10-01T08:38:54.7274456Z tests/test_transport_numerical_diffusion.py::test_single_remap_variance_and_fourier_damping[0.5] PASSED [ 99%]
2026-10-01T08:38:54.7516352Z tests/test_transport_numerical_diffusion.py::test_single_remap_variance_and_fourier_damping[8.75] PASSED [ 99%]
2026-10-01T08:38:54.7870923Z tests/test_transport_numerical_diffusion.py::test_forecast_does_not_accumulate_repeated_interpolation_diffusion PASSED [ 99%]
2026-10-01T08:38:54.8311610Z tests/test_transport_numerical_diffusion.py::test_smooth_cell_average_error_decreases_under_grid_refinement PASSED [100%]
2026-10-01T08:38:54.8312780Z 
2026-10-01T08:38:54.8313157Z =================================== FAILURES ===================================
2026-10-01T08:38:54.8314171Z _ test_current_source_preflight_preserves_frozen_tensors_but_versions_identity _
2026-10-01T08:38:54.8314878Z 
2026-10-01T08:38:54.8315391Z     def test_current_source_preflight_preserves_frozen_tensors_but_versions_identity():
2026-10-01T08:38:54.8316809Z         assert probe._sha(probe.PLAN) == probe.PLAN_SHA256
2026-10-01T08:38:54.8317520Z >       frozen = probe._preflight_identity()
2026-10-01T08:38:54.8318103Z                  ^^^^^^^^^^^^^^^^^^^^^^^^^^^
2026-10-01T08:38:54.8318429Z 
2026-10-01T08:38:54.8318573Z tests/test_fv_partial_sector_root.py:32: 
2026-10-01T08:38:54.8319020Z _ _ _ _ _ _ _ _ _ _ _ _ _ _ _ _ _ _ _ _ _ _ _ _ _ _ _ _ _ _ _ _ _ _ _ _ _ _ _ _ 
2026-10-01T08:38:54.8319340Z 
2026-10-01T08:38:54.8319532Z     def _preflight_identity() -> dict[str, Any]:
2026-10-01T08:38:54.8320450Z         if (_sha(HISTORICAL_PREFLIGHT) != HISTORICAL_PREFLIGHT_SHA256
2026-10-01T08:38:54.8321037Z                 or _sha(HISTORICAL_MANIFEST) != HISTORICAL_MANIFEST_SHA256):
2026-10-01T08:38:54.8321673Z             raise ValueError("historical two-hole preflight or manifest changed")
2026-10-01T08:38:54.8322285Z         archived = json.loads(HISTORICAL_PREFLIGHT.read_text())
2026-10-01T08:38:54.8322753Z         current = preflight.run()
2026-10-01T08:38:54.8323300Z         if (archived["problem_identity"]["fixed_problem_sha256"] != HISTORICAL_PROBLEM_SHA256
2026-10-01T08:38:54.8324069Z                 or current["problem_identity"]["fixed_problem_sha256"] != CURRENT_PROBLEM_SHA256
2026-10-01T08:38:54.8324792Z                 or any(archived[name] != current[name] for name in COMPARED_PREFLIGHT_FIELDS)
2026-10-01T08:38:54.8325379Z                 or current.get("status") != "preflight_only"
2026-10-01T08:38:54.8326106Z                 or current.get("numerical_solver_runs") != 0):
2026-10-01T08:38:54.8327202Z >           raise ValueError("current-source two-hole input differs from declared fixed tensors")
2026-10-01T08:38:54.8328332Z E           ValueError: current-source two-hole input differs from declared fixed tensors
2026-10-01T08:38:54.8328952Z 
2026-10-01T08:38:54.8329331Z examples/weather_scenarios/fv_partial_sector_root_probe.py:105: ValueError
2026-10-01T08:38:54.8330916Z _ test_callback_failure_is_not_scientific_refusal[RefinementNumericalRefusal-root_refused] _
2026-10-01T08:38:54.8331632Z 
2026-10-01T08:38:54.8332015Z monkeypatch = <_pytest.monkeypatch.MonkeyPatch object at 0x7faf7891b2f0>
2026-10-01T08:38:54.8332809Z tmp_path = PosixPath('/tmp/pytest-of-runner/pytest-0/test_callback_failure_is_not_s0')
2026-10-01T08:38:54.8333376Z error_type = <class 'advar.local_refinement.RefinementNumericalRefusal'>
2026-10-01T08:38:54.8333786Z expected_status = 'root_refused'
2026-10-01T08:38:54.8333957Z 
2026-10-01T08:38:54.8334130Z     @pytest.mark.parametrize("error_type,expected_status", [
2026-10-01T08:38:54.8334524Z         (RefinementNumericalRefusal, "root_refused"),
2026-10-01T08:38:54.8334867Z         (RefinementCallbackError, "running"),
2026-10-01T08:38:54.8335143Z     ])
2026-10-01T08:38:54.8335387Z     def test_callback_failure_is_not_scientific_refusal(
2026-10-01T08:38:54.8335756Z         monkeypatch, tmp_path, error_type, expected_status,
2026-10-01T08:38:54.8336074Z     ):
2026-10-01T08:38:54.8336368Z         monkeypatch.setattr(probe.basin, "_hessian_audit", lambda *_: {
2026-10-01T08:38:54.8336781Z             "hvp_columns": 26, "symmetry_relative": 0.0,
2026-10-01T08:38:54.8337143Z             "lambda_min": 1.0, "lambda_max": 2.0, "lambda_ratio": 0.5,
2026-10-01T08:38:54.8337465Z         })
2026-10-01T08:38:54.8337705Z         def fake_gn(_observations, _contract, *, control):
2026-10-01T08:38:54.8338109Z             return SimpleNamespace(control=control.clone(), reason="test",
2026-10-01T08:38:54.8338523Z                                    outer_iterations=0, pcg_iterations=0,
2026-10-01T08:38:54.8338901Z                                    initial_objective=0.0, final_objective=0.0)
2026-10-01T08:38:54.8339336Z         monkeypatch.setattr(probe.variational, "solve_analysis", fake_gn)
2026-10-01T08:38:54.8339714Z         def fail(*_args, **_kwargs):
2026-10-01T08:38:54.8340300Z             raise error_type("injected sentinel")
2026-10-01T08:38:54.8340664Z         monkeypatch.setattr(probe, "refine_stationary", fail)
2026-10-01T08:38:54.8341194Z         output = tmp_path / "child.json"
2026-10-01T08:38:54.8341528Z         if error_type is RefinementCallbackError:
2026-10-01T08:38:54.8342336Z             with pytest.raises(RefinementCallbackError, match="injected sentinel"):
2026-10-01T08:38:54.8343049Z                 probe.run(output)
2026-10-01T08:38:54.8343463Z         else:
2026-10-01T08:38:54.8343809Z >           result = probe.run(output)
2026-10-01T08:38:54.8344255Z                      ^^^^^^^^^^^^^^^^^
2026-10-01T08:38:54.8344545Z 
2026-10-01T08:38:54.8344733Z tests/test_fv_partial_sector_root.py:286: 
2026-10-01T08:38:54.8345318Z _ _ _ _ _ _ _ _ _ _ _ _ _ _ _ _ _ _ _ _ _ _ _ _ _ _ _ _ _ _ _ _ _ _ _ _ _ _ _ _ 
2026-10-01T08:38:54.8346022Z examples/weather_scenarios/fv_partial_sector_root_probe.py:137: in run
2026-10-01T08:38:54.8346452Z     input_before = _preflight_identity()
2026-10-01T08:38:54.8346733Z                    ^^^^^^^^^^^^^^^^^^^^^
2026-10-01T08:38:54.8347060Z _ _ _ _ _ _ _ _ _ _ _ _ _ _ _ _ _ _ _ _ _ _ _ _ _ _ _ _ _ _ _ _ _ _ _ _ _ _ _ _ 
2026-10-01T08:38:54.8347303Z 
2026-10-01T08:38:54.8347426Z     def _preflight_identity() -> dict[str, Any]:
2026-10-01T08:38:54.8347793Z         if (_sha(HISTORICAL_PREFLIGHT) != HISTORICAL_PREFLIGHT_SHA256
2026-10-01T08:38:54.8348215Z                 or _sha(HISTORICAL_MANIFEST) != HISTORICAL_MANIFEST_SHA256):
2026-10-01T08:38:54.8348676Z             raise ValueError("historical two-hole preflight or manifest changed")
2026-10-01T08:38:54.8349127Z         archived = json.loads(HISTORICAL_PREFLIGHT.read_text())
2026-10-01T08:38:54.8349471Z         current = preflight.run()
2026-10-01T08:38:54.8350165Z         if (archived["problem_identity"]["fixed_problem_sha256"] != HISTORICAL_PROBLEM_SHA256
2026-10-01T08:38:54.8350739Z                 or current["problem_identity"]["fixed_problem_sha256"] != CURRENT_PROBLEM_SHA256
2026-10-01T08:38:54.8351274Z                 or any(archived[name] != current[name] for name in COMPARED_PREFLIGHT_FIELDS)
2026-10-01T08:38:54.8351883Z                 or current.get("status") != "preflight_only"
2026-10-01T08:38:54.8352328Z                 or current.get("numerical_solver_runs") != 0):
2026-10-01T08:38:54.8353438Z >           raise ValueError("current-source two-hole input differs from declared fixed tensors")
2026-10-01T08:38:54.8354312Z E           ValueError: current-source two-hole input differs from declared fixed tensors
2026-10-01T08:38:54.8354653Z 
2026-10-01T08:38:54.8354865Z examples/weather_scenarios/fv_partial_sector_root_probe.py:105: ValueError
2026-10-01T08:38:54.8355403Z _ test_callback_failure_is_not_scientific_refusal[RefinementCallbackError-running] _
2026-10-01T08:38:54.8355743Z 
2026-10-01T08:38:54.8355941Z monkeypatch = <_pytest.monkeypatch.MonkeyPatch object at 0x7faf77f9df40>
2026-10-01T08:38:54.8356480Z tmp_path = PosixPath('/tmp/pytest-of-runner/pytest-0/test_callback_failure_is_not_s1')
2026-10-01T08:38:54.8357006Z error_type = <class 'advar.local_refinement.RefinementCallbackError'>
2026-10-01T08:38:54.8357393Z expected_status = 'running'
2026-10-01T08:38:54.8357551Z 
2026-10-01T08:38:54.8357712Z     @pytest.mark.parametrize("error_type,expected_status", [
2026-10-01T08:38:54.8358097Z         (RefinementNumericalRefusal, "root_refused"),
2026-10-01T08:38:54.8358426Z         (RefinementCallbackError, "running"),
2026-10-01T08:38:54.8358699Z     ])
2026-10-01T08:38:54.8358941Z     def test_callback_failure_is_not_scientific_refusal(
2026-10-01T08:38:54.8359310Z         monkeypatch, tmp_path, error_type, expected_status,
2026-10-01T08:38:54.8359613Z     ):
2026-10-01T08:38:54.8360293Z         monkeypatch.setattr(probe.basin, "_hessian_audit", lambda *_: {
2026-10-01T08:38:54.8361054Z             "hvp_columns": 26, "symmetry_relative": 0.0,
2026-10-01T08:38:54.8361736Z             "lambda_min": 1.0, "lambda_max": 2.0, "lambda_ratio": 0.5,
2026-10-01T08:38:54.8362307Z         })
2026-10-01T08:38:54.8362557Z         def fake_gn(_observations, _contract, *, control):
2026-10-01T08:38:54.8363251Z             return SimpleNamespace(control=control.clone(), reason="test",
2026-10-01T08:38:54.8363674Z                                    outer_iterations=0, pcg_iterations=0,
2026-10-01T08:38:54.8364049Z                                    initial_objective=0.0, final_objective=0.0)
2026-10-01T08:38:54.8364482Z         monkeypatch.setattr(probe.variational, "solve_analysis", fake_gn)
2026-10-01T08:38:54.8364861Z         def fail(*_args, **_kwargs):
2026-10-01T08:38:54.8365155Z             raise error_type("injected sentinel")
2026-10-01T08:38:54.8365521Z         monkeypatch.setattr(probe, "refine_stationary", fail)
2026-10-01T08:38:54.8366201Z         output = tmp_path / "child.json"
2026-10-01T08:38:54.8366725Z         if error_type is RefinementCallbackError:
2026-10-01T08:38:54.8367477Z             with pytest.raises(RefinementCallbackError, match="injected sentinel"):
2026-10-01T08:38:54.8368190Z >               probe.run(output)
2026-10-01T08:38:54.8368479Z 
2026-10-01T08:38:54.8368676Z tests/test_fv_partial_sector_root.py:284: 
2026-10-01T08:38:54.8369258Z _ _ _ _ _ _ _ _ _ _ _ _ _ _ _ _ _ _ _ _ _ _ _ _ _ _ _ _ _ _ _ _ _ _ _ _ _ _ _ _ 
2026-10-01T08:38:54.8370135Z examples/weather_scenarios/fv_partial_sector_root_probe.py:137: in run
2026-10-01T08:38:54.8370545Z     input_before = _preflight_identity()
2026-10-01T08:38:54.8370824Z                    ^^^^^^^^^^^^^^^^^^^^^
2026-10-01T08:38:54.8371131Z _ _ _ _ _ _ _ _ _ _ _ _ _ _ _ _ _ _ _ _ _ _ _ _ _ _ _ _ _ _ _ _ _ _ _ _ _ _ _ _ 
2026-10-01T08:38:54.8371377Z 
2026-10-01T08:38:54.8371506Z     def _preflight_identity() -> dict[str, Any]:
2026-10-01T08:38:54.8371877Z         if (_sha(HISTORICAL_PREFLIGHT) != HISTORICAL_PREFLIGHT_SHA256
2026-10-01T08:38:54.8372301Z                 or _sha(HISTORICAL_MANIFEST) != HISTORICAL_MANIFEST_SHA256):
2026-10-01T08:38:54.8372777Z             raise ValueError("historical two-hole preflight or manifest changed")
2026-10-01T08:38:54.8373230Z         archived = json.loads(HISTORICAL_PREFLIGHT.read_text())
2026-10-01T08:38:54.8373586Z         current = preflight.run()
2026-10-01T08:38:54.8374140Z         if (archived["problem_identity"]["fixed_problem_sha256"] != HISTORICAL_PROBLEM_SHA256
2026-10-01T08:38:54.8374723Z                 or current["problem_identity"]["fixed_problem_sha256"] != CURRENT_PROBLEM_SHA256
2026-10-01T08:38:54.8375261Z                 or any(archived[name] != current[name] for name in COMPARED_PREFLIGHT_FIELDS)
2026-10-01T08:38:54.8375703Z                 or current.get("status") != "preflight_only"
2026-10-01T08:38:54.8376053Z                 or current.get("numerical_solver_runs") != 0):
2026-10-01T08:38:54.8376533Z >           raise ValueError("current-source two-hole input differs from declared fixed tensors")
2026-10-01T08:38:54.8377119Z E           ValueError: current-source two-hole input differs from declared fixed tensors
2026-10-01T08:38:54.8377452Z 
2026-10-01T08:38:54.8377658Z examples/weather_scenarios/fv_partial_sector_root_probe.py:105: ValueError
2026-10-01T08:38:54.8378187Z __________ test_nonfinite_candidate_is_recorded_without_invalid_json ___________
2026-10-01T08:38:54.8378624Z 
2026-10-01T08:38:54.8379017Z monkeypatch = <_pytest.monkeypatch.MonkeyPatch object at 0x7faf7818ca10>
2026-10-01T08:38:54.8380134Z tmp_path = PosixPath('/tmp/pytest-of-runner/pytest-0/test_nonfinite_candidate_is_re0')
2026-10-01T08:38:54.8380750Z 
2026-10-01T08:38:54.8381189Z     def test_nonfinite_candidate_is_recorded_without_invalid_json(monkeypatch, tmp_path):
2026-10-01T08:38:54.8382126Z         monkeypatch.setattr(probe.basin, "_hessian_audit", lambda *_: {
2026-10-01T08:38:54.8382839Z             "hvp_columns": 26, "symmetry_relative": 0.0,
2026-10-01T08:38:54.8383243Z             "lambda_min": 1.0, "lambda_max": 2.0, "lambda_ratio": 0.5,
2026-10-01T08:38:54.8383563Z         })
2026-10-01T08:38:54.8384067Z         monkeypatch.setattr(probe.variational, "solve_analysis", lambda _, __, *, control: SimpleNamespace(
2026-10-01T08:38:54.8384694Z             control=control.clone(), reason="test", outer_iterations=0, pcg_iterations=0,
2026-10-01T08:38:54.8385309Z             initial_objective=0.0, final_objective=0.0,
2026-10-01T08:38:54.8385599Z         ))
2026-10-01T08:38:54.8385850Z         def nonfinite_trial(*_args, trial_observer, **_kwargs):
2026-10-01T08:38:54.8386269Z             trial_observer({"iteration": 1, "backtrack": 0, "accepted": False,
2026-10-01T08:38:54.8386665Z                             "rejection": "nonfinite_candidate",
2026-10-01T08:38:54.8387012Z                             "candidate_control": [float("inf")] * 26})
2026-10-01T08:38:54.8387424Z             raise RefinementNumericalRefusal("declared numerical refusal")
2026-10-01T08:38:54.8387889Z         monkeypatch.setattr(probe, "refine_stationary", nonfinite_trial)
2026-10-01T08:38:54.8388291Z >       report = probe.run(tmp_path / "child.json")
2026-10-01T08:38:54.8388601Z                  ^^^^^^^^^^^^^^^^^^^^^^^^^^^^^^^^^^
2026-10-01T08:38:54.8388782Z 
2026-10-01T08:38:54.8388899Z tests/test_fv_partial_sector_root.py:365: 
2026-10-01T08:38:54.8389239Z _ _ _ _ _ _ _ _ _ _ _ _ _ _ _ _ _ _ _ _ _ _ _ _ _ _ _ _ _ _ _ _ _ _ _ _ _ _ _ _ 
2026-10-01T08:38:54.8389669Z examples/weather_scenarios/fv_partial_sector_root_probe.py:137: in run
2026-10-01T08:38:54.8390388Z     input_before = _preflight_identity()
2026-10-01T08:38:54.8390662Z                    ^^^^^^^^^^^^^^^^^^^^^
2026-10-01T08:38:54.8390968Z _ _ _ _ _ _ _ _ _ _ _ _ _ _ _ _ _ _ _ _ _ _ _ _ _ _ _ _ _ _ _ _ _ _ _ _ _ _ _ _ 
2026-10-01T08:38:54.8391215Z 
2026-10-01T08:38:54.8391340Z     def _preflight_identity() -> dict[str, Any]:
2026-10-01T08:38:54.8391710Z         if (_sha(HISTORICAL_PREFLIGHT) != HISTORICAL_PREFLIGHT_SHA256
2026-10-01T08:38:54.8392136Z                 or _sha(HISTORICAL_MANIFEST) != HISTORICAL_MANIFEST_SHA256):
2026-10-01T08:38:54.8392599Z             raise ValueError("historical two-hole preflight or manifest changed")
2026-10-01T08:38:54.8393062Z         archived = json.loads(HISTORICAL_PREFLIGHT.read_text())
2026-10-01T08:38:54.8393406Z         current = preflight.run()
2026-10-01T08:38:54.8393944Z         if (archived["problem_identity"]["fixed_problem_sha256"] != HISTORICAL_PROBLEM_SHA256
2026-10-01T08:38:54.8394514Z                 or current["problem_identity"]["fixed_problem_sha256"] != CURRENT_PROBLEM_SHA256
2026-10-01T08:38:54.8395057Z                 or any(archived[name] != current[name] for name in COMPARED_PREFLIGHT_FIELDS)
2026-10-01T08:38:54.8395499Z                 or current.get("status") != "preflight_only"
2026-10-01T08:38:54.8395851Z                 or current.get("numerical_solver_runs") != 0):
2026-10-01T08:38:54.8396333Z >           raise ValueError("current-source two-hole input differs from declared fixed tensors")
2026-10-01T08:38:54.8396921Z E           ValueError: current-source two-hole input differs from declared fixed tensors
2026-10-01T08:38:54.8397252Z 
2026-10-01T08:38:54.8397462Z examples/weather_scenarios/fv_partial_sector_root_probe.py:105: ValueError
2026-10-01T08:38:54.8398651Z _ test_case_archives_direction_branch_and_nominal_gradient_without_pcg[_small_case-archive_names0-direction_slice0-54] _
2026-10-01T08:38:54.8399511Z 
2026-10-01T08:38:54.8399872Z monkeypatch = <_pytest.monkeypatch.MonkeyPatch object at 0x7faf7baf3fb0>
2026-10-01T08:38:54.8400315Z case_factory = <function _small_case at 0x7faf7bb07380>
2026-10-01T08:38:54.8400757Z archive_names = ('minmod_middle_time_bias_final.json', 'minmod_parameter_vjp.json')
2026-10-01T08:38:54.8401237Z direction_slice = slice(20, 40, None), expected_stages = 54
2026-10-01T08:38:54.8401476Z 
2026-10-01T08:38:54.8401583Z     @pytest.mark.parametrize(
2026-10-01T08:38:54.8401942Z         ("case_factory", "archive_names", "direction_slice", "expected_stages"),
2026-10-01T08:38:54.8402303Z         [
2026-10-01T08:38:54.8402488Z             (
2026-10-01T08:38:54.8402696Z                 shared._small_case,
2026-10-01T08:38:54.8403055Z                 ("minmod_middle_time_bias_final.json", "minmod_parameter_vjp.json"),
2026-10-01T08:38:54.8403437Z                 slice(20, 40),
2026-10-01T08:38:54.8403838Z                 54,
2026-10-01T08:38:54.8404036Z             ),
2026-10-01T08:38:54.8404222Z             (
2026-10-01T08:38:54.8404415Z                 shared._large_case,
2026-10-01T08:38:54.8404710Z                 ("fv86_seed_a.json", "fv86_reanalysis.json"),
2026-10-01T08:38:54.8405013Z                 slice(80, 160),
2026-10-01T08:38:54.8405241Z                 108,
2026-10-01T08:38:54.8405436Z             ),
2026-10-01T08:38:54.8405618Z         ],
2026-10-01T08:38:54.8405799Z     )
2026-10-01T08:38:54.8406125Z     def test_case_archives_direction_branch_and_nominal_gradient_without_pcg(
2026-10-01T08:38:54.8406644Z         monkeypatch, case_factory, archive_names, direction_slice, expected_stages
2026-10-01T08:38:54.8407028Z     ):
2026-10-01T08:38:54.8407339Z         # Case construction and the stationarity/branch preflight must stay outside
2026-10-01T08:38:54.8407745Z         # the local-response PCG/HVP path.
2026-10-01T08:38:54.8408046Z         def unexpected_pcg(*args, **kwargs):
2026-10-01T08:38:54.8408400Z             raise AssertionError("preflight must not enter PCG")
2026-10-01T08:38:54.8408713Z     
2026-10-01T08:38:54.8408992Z         monkeypatch.setattr(shared.matrix_free, "pcg", unexpected_pcg)
2026-10-01T08:38:54.8409341Z     
2026-10-01T08:38:54.8409531Z         for name in archive_names:
2026-10-01T08:38:54.8410014Z             assert shared._hash(shared.EVIDENCE / name) == shared.ARCHIVED[name]
2026-10-01T08:38:54.8410371Z     
2026-10-01T08:38:54.8410643Z >       problem, control, parameters, direction, _ = case_factory()
2026-10-01T08:38:54.8411008Z                                                      ^^^^^^^^^^^^^^
2026-10-01T08:38:54.8411214Z 
2026-10-01T08:38:54.8411326Z tests/test_fv_process_response.py:149: 
2026-10-01T08:38:54.8411665Z _ _ _ _ _ _ _ _ _ _ _ _ _ _ _ _ _ _ _ _ _ _ _ _ _ _ _ _ _ _ _ _ _ _ _ _ _ _ _ _ 
2026-10-01T08:38:54.8411913Z 
2026-10-01T08:38:54.8412137Z     def _small_case() -> tuple[FVResearchProblem, Tensor, Tensor, Tensor, float]:
2026-10-01T08:38:54.8412736Z         saved = _archive("minmod_middle_time_bias_final.json")
2026-10-01T08:38:54.8413508Z         archived_response = _archive("minmod_parameter_vjp.json")
2026-10-01T08:38:54.8414381Z         observations, frozen, future_echo, future_support = small_fixture.make_spatial_case()
2026-10-01T08:38:54.8414895Z         future_support = cast(BoundarySchedule, future_support)
2026-10-01T08:38:54.8415346Z         control = torch.tensor(saved["nominal_control"], dtype=torch.float64)
2026-10-01T08:38:54.8415904Z         parameters = torch.cat((observations.dbz.flatten(), observations.dbz.new_tensor([0.02])))
2026-10-01T08:38:54.8416457Z         if (_bytes_hash(control) != saved["input_identity"]["control_sha256"]
2026-10-01T08:38:54.8416952Z                 or _bytes_hash(parameters) != saved["input_identity"]["parameters_sha256"]):
2026-10-01T08:38:54.8417460Z >           raise ValueError("4x5 archived stationary input identity mismatch")
2026-10-01T08:38:54.8417922Z E           ValueError: 4x5 archived stationary input identity mismatch
2026-10-01T08:38:54.8418205Z 
2026-10-01T08:38:54.8418418Z examples/weather_scenarios/fv_concurrent_response_probe.py:79: ValueError
2026-10-01T08:38:54.8419078Z _ test_case_archives_direction_branch_and_nominal_gradient_without_pcg[_large_case-archive_names1-direction_slice1-108] _
2026-10-01T08:38:54.8419543Z 
2026-10-01T08:38:54.8419908Z monkeypatch = <_pytest.monkeypatch.MonkeyPatch object at 0x7faf77f2b6e0>
2026-10-01T08:38:54.8420398Z case_factory = <function _large_case at 0x7faf7bb07420>
2026-10-01T08:38:54.8420785Z archive_names = ('fv86_seed_a.json', 'fv86_reanalysis.json')
2026-10-01T08:38:54.8421190Z direction_slice = slice(80, 160, None), expected_stages = 108
2026-10-01T08:38:54.8421438Z 
2026-10-01T08:38:54.8421543Z     @pytest.mark.parametrize(
2026-10-01T08:38:54.8421904Z         ("case_factory", "archive_names", "direction_slice", "expected_stages"),
2026-10-01T08:38:54.8422269Z         [
2026-10-01T08:38:54.8422450Z             (
2026-10-01T08:38:54.8422801Z                 shared._small_case,
2026-10-01T08:38:54.8423174Z                 ("minmod_middle_time_bias_final.json", "minmod_parameter_vjp.json"),
2026-10-01T08:38:54.8423567Z                 slice(20, 40),
2026-10-01T08:38:54.8423796Z                 54,
2026-10-01T08:38:54.8423992Z             ),
2026-10-01T08:38:54.8424182Z             (
2026-10-01T08:38:54.8424379Z                 shared._large_case,
2026-10-01T08:38:54.8424666Z                 ("fv86_seed_a.json", "fv86_reanalysis.json"),
2026-10-01T08:38:54.8424970Z                 slice(80, 160),
2026-10-01T08:38:54.8425204Z                 108,
2026-10-01T08:38:54.8425402Z             ),
2026-10-01T08:38:54.8425586Z         ],
2026-10-01T08:38:54.8425763Z     )
2026-10-01T08:38:54.8426070Z     def test_case_archives_direction_branch_and_nominal_gradient_without_pcg(
2026-10-01T08:38:54.8426589Z         monkeypatch, case_factory, archive_names, direction_slice, expected_stages
2026-10-01T08:38:54.8426972Z     ):
2026-10-01T08:38:54.8427297Z         # Case construction and the stationarity/branch preflight must stay outside
2026-10-01T08:38:54.8427715Z         # the local-response PCG/HVP path.
2026-10-01T08:38:54.8428015Z         def unexpected_pcg(*args, **kwargs):
2026-10-01T08:38:54.8428363Z             raise AssertionError("preflight must not enter PCG")
2026-10-01T08:38:54.8428682Z     
2026-10-01T08:38:54.8428966Z         monkeypatch.setattr(shared.matrix_free, "pcg", unexpected_pcg)
2026-10-01T08:38:54.8429317Z     
2026-10-01T08:38:54.8429513Z         for name in archive_names:
2026-10-01T08:38:54.8430046Z             assert shared._hash(shared.EVIDENCE / name) == shared.ARCHIVED[name]
2026-10-01T08:38:54.8430417Z     
2026-10-01T08:38:54.8430683Z >       problem, control, parameters, direction, _ = case_factory()
2026-10-01T08:38:54.8431050Z                                                      ^^^^^^^^^^^^^^
2026-10-01T08:38:54.8431257Z 
2026-10-01T08:38:54.8431366Z tests/test_fv_process_response.py:149: 
2026-10-01T08:38:54.8431824Z _ _ _ _ _ _ _ _ _ _ _ _ _ _ _ _ _ _ _ _ _ _ _ _ _ _ _ _ _ _ _ _ _ _ _ _ _ _ _ _ 
2026-10-01T08:38:54.8432073Z 
2026-10-01T08:38:54.8432289Z     def _large_case() -> tuple[FVResearchProblem, Tensor, Tensor, Tensor, float]:
2026-10-01T08:38:54.8432696Z         saved = _archive("fv86_seed_a.json")
2026-10-01T08:38:54.8432985Z         case = large_fixture.make_case()
2026-10-01T08:38:54.8433378Z         control = torch.tensor(saved["workflow"]["control"], dtype=torch.float64)
2026-10-01T08:38:54.8433779Z         parameters = case.parameters
2026-10-01T08:38:54.8434144Z         if (_bytes_hash(parameters) != saved["input_identity"]["parameters"]
2026-10-01T08:38:54.8434653Z                 or _bytes_hash(case.verification) != saved["input_identity"]["verification"]):
2026-10-01T08:38:54.8435184Z >           raise ValueError("8x10 archived input/verification identity mismatch")
2026-10-01T08:38:54.8435662Z E           ValueError: 8x10 archived input/verification identity mismatch
2026-10-01T08:38:54.8435945Z 
2026-10-01T08:38:54.8436156Z examples/weather_scenarios/fv_concurrent_response_probe.py:110: ValueError
2026-10-01T08:38:54.8436668Z ____ test_consistent_terminal_lifecycle_allows_candidate_and_is_idempotent _____
2026-10-01T08:38:54.8436989Z 
2026-10-01T08:38:54.8437239Z tmp_path = PosixPath('/tmp/pytest-of-runner/pytest-0/test_consistent_terminal_lifec0')
2026-10-01T08:38:54.8437576Z 
2026-10-01T08:38:54.8437823Z     def test_consistent_terminal_lifecycle_allows_candidate_and_is_idempotent(tmp_path):
2026-10-01T08:38:54.8438260Z         job_dir = tmp_path / "published"
2026-10-01T08:38:54.8438553Z         _make_job(job_dir, lifecycle=True)
2026-10-01T08:38:54.8438927Z         before = {path.name: path.read_bytes() for path in job_dir.iterdir()}
2026-10-01T08:38:54.8439308Z         first = _inspect(job_dir)
2026-10-01T08:38:54.8439570Z         second = _inspect(job_dir)
2026-10-01T08:38:54.8440081Z         after = {path.name: path.read_bytes() for path in job_dir.iterdir()}
2026-10-01T08:38:54.8440574Z         assert first == second
2026-10-01T08:38:54.8440866Z >       assert first["state"] == "publication_candidate"
2026-10-01T08:38:54.8441294Z E       AssertionError: assert 'needs_reconciliation' == 'publication_candidate'
2026-10-01T08:38:54.8441682Z E         
2026-10-01T08:38:54.8441885Z E         - publication_candidate
2026-10-01T08:38:54.8442142Z E         + needs_reconciliation
2026-10-01T08:38:54.8442307Z 
2026-10-01T08:38:54.8442466Z tests/test_fv_response_job_reconcile.py:174: AssertionError
2026-10-01T08:38:54.8442926Z ______ test_fully_bound_v2_artifacts_allow_only_unauthenticated_candidate ______
2026-10-01T08:38:54.8443229Z 
2026-10-01T08:38:54.8443471Z tmp_path = PosixPath('/tmp/pytest-of-runner/pytest-0/test_fully_bound_v2_artifacts_0')
2026-10-01T08:38:54.8443805Z 
2026-10-01T08:38:54.8444030Z     def test_fully_bound_v2_artifacts_allow_only_unauthenticated_candidate(tmp_path):
2026-10-01T08:38:54.8444446Z         job_dir = tmp_path / "v2"
2026-10-01T08:38:54.8444701Z >       _make_v2_job(job_dir)
2026-10-01T08:38:54.8444858Z 
2026-10-01T08:38:54.8444987Z tests/test_fv_response_job_reconcile.py:182: 
2026-10-01T08:38:54.8445331Z _ _ _ _ _ _ _ _ _ _ _ _ _ _ _ _ _ _ _ _ _ _ _ _ _ _ _ _ _ _ _ _ _ _ _ _ _ _ _ _ 
2026-10-01T08:38:54.8445727Z tests/test_fv_response_job_reconcile.py:81: in _make_v2_job
2026-10-01T08:38:54.8446089Z     identity, expected_total = jobs._identity()
2026-10-01T08:38:54.8446384Z                                ^^^^^^^^^^^^^^^^
2026-10-01T08:38:54.8446763Z examples/weather_scenarios/fv_response_job_lifecycle.py:57: in _identity
2026-10-01T08:38:54.8447263Z     problem, control, parameters, direction, expected = shared._small_case()
2026-10-01T08:38:54.8447678Z                                                         ^^^^^^^^^^^^^^^^^^^^
2026-10-01T08:38:54.8448028Z _ _ _ _ _ _ _ _ _ _ _ _ _ _ _ _ _ _ _ _ _ _ _ _ _ _ _ _ _ _ _ _ _ _ _ _ _ _ _ _ 
2026-10-01T08:38:54.8448266Z 
2026-10-01T08:38:54.8448474Z     def _small_case() -> tuple[FVResearchProblem, Tensor, Tensor, Tensor, float]:
2026-10-01T08:38:54.8449053Z         saved = _archive("minmod_middle_time_bias_final.json")
2026-10-01T08:38:54.8449458Z         archived_response = _archive("minmod_parameter_vjp.json")
2026-10-01T08:38:54.8450079Z         observations, frozen, future_echo, future_support = small_fixture.make_spatial_case()
2026-10-01T08:38:54.8450588Z         future_support = cast(BoundarySchedule, future_support)
2026-10-01T08:38:54.8451027Z         control = torch.tensor(saved["nominal_control"], dtype=torch.float64)
2026-10-01T08:38:54.8451581Z         parameters = torch.cat((observations.dbz.flatten(), observations.dbz.new_tensor([0.02])))
2026-10-01T08:38:54.8452121Z         if (_bytes_hash(control) != saved["input_identity"]["control_sha256"]
2026-10-01T08:38:54.8452618Z                 or _bytes_hash(parameters) != saved["input_identity"]["parameters_sha256"]):
2026-10-01T08:38:54.8453123Z >           raise ValueError("4x5 archived stationary input identity mismatch")
2026-10-01T08:38:54.8453579Z E           ValueError: 4x5 archived stationary input identity mismatch
2026-10-01T08:38:54.8453857Z 
2026-10-01T08:38:54.8454062Z examples/weather_scenarios/fv_concurrent_response_probe.py:79: ValueError
2026-10-01T08:38:54.8454569Z ______ test_v2_binding_tampering_and_missing_chain_fail_closed[manifest] _______
2026-10-01T08:38:54.8454867Z 
2026-10-01T08:38:54.8455114Z tmp_path = PosixPath('/tmp/pytest-of-runner/pytest-0/test_v2_binding_tampering_and_0')
2026-10-01T08:38:54.8455536Z tamper = 'manifest'
2026-10-01T08:38:54.8455667Z 
2026-10-01T08:38:54.8455784Z     @pytest.mark.parametrize("tamper", [
2026-10-01T08:38:54.8456174Z         "manifest", "raw_id", "resource_id", "resource_digest", "publication_digest",
2026-10-01T08:38:54.8456644Z         "lifecycle_id", "job_path", "source_drift", "input_drift", "command",
2026-10-01T08:38:54.8456994Z     ])
2026-10-01T08:38:54.8457316Z     def test_v2_binding_tampering_and_missing_chain_fail_closed(tmp_path, tamper):
2026-10-01T08:38:54.8457727Z         job_dir = tmp_path / "tampered-v2"
2026-10-01T08:38:54.8458136Z >       _make_v2_job(job_dir)
2026-10-01T08:38:54.8458296Z 
2026-10-01T08:38:54.8458414Z tests/test_fv_response_job_reconcile.py:223: 
2026-10-01T08:38:54.8458762Z _ _ _ _ _ _ _ _ _ _ _ _ _ _ _ _ _ _ _ _ _ _ _ _ _ _ _ _ _ _ _ _ _ _ _ _ _ _ _ _ 
2026-10-01T08:38:54.8459152Z tests/test_fv_response_job_reconcile.py:81: in _make_v2_job
2026-10-01T08:38:54.8459512Z     identity, expected_total = jobs._identity()
2026-10-01T08:38:54.8459934Z                                ^^^^^^^^^^^^^^^^
2026-10-01T08:38:54.8460313Z examples/weather_scenarios/fv_response_job_lifecycle.py:57: in _identity
2026-10-01T08:38:54.8460804Z     problem, control, parameters, direction, expected = shared._small_case()
2026-10-01T08:38:54.8461220Z                                                         ^^^^^^^^^^^^^^^^^^^^
2026-10-01T08:38:54.8461570Z _ _ _ _ _ _ _ _ _ _ _ _ _ _ _ _ _ _ _ _ _ _ _ _ _ _ _ _ _ _ _ _ _ _ _ _ _ _ _ _ 
2026-10-01T08:38:54.8461810Z 
2026-10-01T08:38:54.8462033Z     def _small_case() -> tuple[FVResearchProblem, Tensor, Tensor, Tensor, float]:
2026-10-01T08:38:54.8462484Z         saved = _archive("minmod_middle_time_bias_final.json")
2026-10-01T08:38:54.8462880Z         archived_response = _archive("minmod_parameter_vjp.json")
2026-10-01T08:38:54.8463380Z         observations, frozen, future_echo, future_support = small_fixture.make_spatial_case()
2026-10-01T08:38:54.8463878Z         future_support = cast(BoundarySchedule, future_support)
2026-10-01T08:38:54.8464314Z         control = torch.tensor(saved["nominal_control"], dtype=torch.float64)
2026-10-01T08:38:54.8464861Z         parameters = torch.cat((observations.dbz.flatten(), observations.dbz.new_tensor([0.02])))
2026-10-01T08:38:54.8465405Z         if (_bytes_hash(control) != saved["input_identity"]["control_sha256"]
2026-10-01T08:38:54.8465891Z                 or _bytes_hash(parameters) != saved["input_identity"]["parameters_sha256"]):
2026-10-01T08:38:54.8466394Z >           raise ValueError("4x5 archived stationary input identity mismatch")
2026-10-01T08:38:54.8466986Z E           ValueError: 4x5 archived stationary input identity mismatch
2026-10-01T08:38:54.8467254Z 
2026-10-01T08:38:54.8467460Z examples/weather_scenarios/fv_concurrent_response_probe.py:79: ValueError
2026-10-01T08:38:54.8467957Z _______ test_v2_binding_tampering_and_missing_chain_fail_closed[raw_id] ________
2026-10-01T08:38:54.8468260Z 
2026-10-01T08:38:54.8468498Z tmp_path = PosixPath('/tmp/pytest-of-runner/pytest-0/test_v2_binding_tampering_and_1')
2026-10-01T08:38:54.8468919Z tamper = 'raw_id'
2026-10-01T08:38:54.8469042Z 
2026-10-01T08:38:54.8469158Z     @pytest.mark.parametrize("tamper", [
2026-10-01T08:38:54.8469545Z         "manifest", "raw_id", "resource_id", "resource_digest", "publication_digest",
2026-10-01T08:38:54.8470190Z         "lifecycle_id", "job_path", "source_drift", "input_drift", "command",
2026-10-01T08:38:54.8470543Z     ])
2026-10-01T08:38:54.8470860Z     def test_v2_binding_tampering_and_missing_chain_fail_closed(tmp_path, tamper):
2026-10-01T08:38:54.8471280Z         job_dir = tmp_path / "tampered-v2"
2026-10-01T08:38:54.8471554Z >       _make_v2_job(job_dir)
2026-10-01T08:38:54.8471710Z 
2026-10-01T08:38:54.8471833Z tests/test_fv_response_job_reconcile.py:223: 
2026-10-01T08:38:54.8472169Z _ _ _ _ _ _ _ _ _ _ _ _ _ _ _ _ _ _ _ _ _ _ _ _ _ _ _ _ _ _ _ _ _ _ _ _ _ _ _ _ 
2026-10-01T08:38:54.8472556Z tests/test_fv_response_job_reconcile.py:81: in _make_v2_job
2026-10-01T08:38:54.8472921Z     identity, expected_total = jobs._identity()
2026-10-01T08:38:54.8473212Z                                ^^^^^^^^^^^^^^^^
2026-10-01T08:38:54.8473584Z examples/weather_scenarios/fv_response_job_lifecycle.py:57: in _identity
2026-10-01T08:38:54.8474072Z     problem, control, parameters, direction, expected = shared._small_case()
2026-10-01T08:38:54.8474487Z                                                         ^^^^^^^^^^^^^^^^^^^^
2026-10-01T08:38:54.8474844Z _ _ _ _ _ _ _ _ _ _ _ _ _ _ _ _ _ _ _ _ _ _ _ _ _ _ _ _ _ _ _ _ _ _ _ _ _ _ _ _ 
2026-10-01T08:38:54.8475223Z 
2026-10-01T08:38:54.8475434Z     def _small_case() -> tuple[FVResearchProblem, Tensor, Tensor, Tensor, float]:
2026-10-01T08:38:54.8475882Z         saved = _archive("minmod_middle_time_bias_final.json")
2026-10-01T08:38:54.8476286Z         archived_response = _archive("minmod_parameter_vjp.json")
2026-10-01T08:38:54.8476777Z         observations, frozen, future_echo, future_support = small_fixture.make_spatial_case()
2026-10-01T08:38:54.8477277Z         future_support = cast(BoundarySchedule, future_support)
2026-10-01T08:38:54.8477717Z         control = torch.tensor(saved["nominal_control"], dtype=torch.float64)
2026-10-01T08:38:54.8478269Z         parameters = torch.cat((observations.dbz.flatten(), observations.dbz.new_tensor([0.02])))
2026-10-01T08:38:54.8478815Z         if (_bytes_hash(control) != saved["input_identity"]["control_sha256"]
2026-10-01T08:38:54.8479307Z                 or _bytes_hash(parameters) != saved["input_identity"]["parameters_sha256"]):
2026-10-01T08:38:54.8479972Z >           raise ValueError("4x5 archived stationary input identity mismatch")
2026-10-01T08:38:54.8480428Z E           ValueError: 4x5 archived stationary input identity mismatch
2026-10-01T08:38:54.8480696Z 
2026-10-01T08:38:54.8480898Z examples/weather_scenarios/fv_concurrent_response_probe.py:79: ValueError
2026-10-01T08:38:54.8481400Z _____ test_v2_binding_tampering_and_missing_chain_fail_closed[resource_id] _____
2026-10-01T08:38:54.8481708Z 
2026-10-01T08:38:54.8481951Z tmp_path = PosixPath('/tmp/pytest-of-runner/pytest-0/test_v2_binding_tampering_and_2')
2026-10-01T08:38:54.8482374Z tamper = 'resource_id'
2026-10-01T08:38:54.8482514Z 
2026-10-01T08:38:54.8482622Z     @pytest.mark.parametrize("tamper", [
2026-10-01T08:38:54.8483013Z         "manifest", "raw_id", "resource_id", "resource_digest", "publication_digest",
2026-10-01T08:38:54.8483483Z         "lifecycle_id", "job_path", "source_drift", "input_drift", "command",
2026-10-01T08:38:54.8483828Z     ])
2026-10-01T08:38:54.8484269Z     def test_v2_binding_tampering_and_missing_chain_fail_closed(tmp_path, tamper):
2026-10-01T08:38:54.8484693Z         job_dir = tmp_path / "tampered-v2"
2026-10-01T08:38:54.8484969Z >       _make_v2_job(job_dir)
2026-10-01T08:38:54.8485121Z 
2026-10-01T08:38:54.8485244Z tests/test_fv_response_job_reconcile.py:223: 
2026-10-01T08:38:54.8485583Z _ _ _ _ _ _ _ _ _ _ _ _ _ _ _ _ _ _ _ _ _ _ _ _ _ _ _ _ _ _ _ _ _ _ _ _ _ _ _ _ 
2026-10-01T08:38:54.8485976Z tests/test_fv_response_job_reconcile.py:81: in _make_v2_job
2026-10-01T08:38:54.8486337Z     identity, expected_total = jobs._identity()
2026-10-01T08:38:54.8486631Z                                ^^^^^^^^^^^^^^^^
2026-10-01T08:38:54.8487006Z examples/weather_scenarios/fv_response_job_lifecycle.py:57: in _identity
2026-10-01T08:38:54.8487499Z     problem, control, parameters, direction, expected = shared._small_case()
2026-10-01T08:38:54.8487914Z                                                         ^^^^^^^^^^^^^^^^^^^^
2026-10-01T08:38:54.8488267Z _ _ _ _ _ _ _ _ _ _ _ _ _ _ _ _ _ _ _ _ _ _ _ _ _ _ _ _ _ _ _ _ _ _ _ _ _ _ _ _ 
2026-10-01T08:38:54.8488509Z 
2026-10-01T08:38:54.8488719Z     def _small_case() -> tuple[FVResearchProblem, Tensor, Tensor, Tensor, float]:
2026-10-01T08:38:54.8489170Z         saved = _archive("minmod_middle_time_bias_final.json")
2026-10-01T08:38:54.8489566Z         archived_response = _archive("minmod_parameter_vjp.json")
2026-10-01T08:38:54.8490183Z         observations, frozen, future_echo, future_support = small_fixture.make_spatial_case()
2026-10-01T08:38:54.8490687Z         future_support = cast(BoundarySchedule, future_support)
2026-10-01T08:38:54.8491125Z         control = torch.tensor(saved["nominal_control"], dtype=torch.float64)
2026-10-01T08:38:54.8491674Z         parameters = torch.cat((observations.dbz.flatten(), observations.dbz.new_tensor([0.02])))
2026-10-01T08:38:54.8492216Z         if (_bytes_hash(control) != saved["input_identity"]["control_sha256"]
2026-10-01T08:38:54.8492709Z                 or _bytes_hash(parameters) != saved["input_identity"]["parameters_sha256"]):
2026-10-01T08:38:54.8493337Z >           raise ValueError("4x5 archived stationary input identity mismatch")
2026-10-01T08:38:54.8493795Z E           ValueError: 4x5 archived stationary input identity mismatch
2026-10-01T08:38:54.8494062Z 
2026-10-01T08:38:54.8494267Z examples/weather_scenarios/fv_concurrent_response_probe.py:79: ValueError
2026-10-01T08:38:54.8494768Z ___ test_v2_binding_tampering_and_missing_chain_fail_closed[resource_digest] ___
2026-10-01T08:38:54.8495073Z 
2026-10-01T08:38:54.8495317Z tmp_path = PosixPath('/tmp/pytest-of-runner/pytest-0/test_v2_binding_tampering_and_3')
2026-10-01T08:38:54.8495742Z tamper = 'resource_digest'
2026-10-01T08:38:54.8495891Z 
2026-10-01T08:38:54.8496003Z     @pytest.mark.parametrize("tamper", [
2026-10-01T08:38:54.8496390Z         "manifest", "raw_id", "resource_id", "resource_digest", "publication_digest",
2026-10-01T08:38:54.8496855Z         "lifecycle_id", "job_path", "source_drift", "input_drift", "command",
2026-10-01T08:38:54.8497208Z     ])
2026-10-01T08:38:54.8497532Z     def test_v2_binding_tampering_and_missing_chain_fail_closed(tmp_path, tamper):
2026-10-01T08:38:54.8497942Z         job_dir = tmp_path / "tampered-v2"
2026-10-01T08:38:54.8498218Z >       _make_v2_job(job_dir)
2026-10-01T08:38:54.8498373Z 
2026-10-01T08:38:54.8498493Z tests/test_fv_response_job_reconcile.py:223: 
2026-10-01T08:38:54.8498835Z _ _ _ _ _ _ _ _ _ _ _ _ _ _ _ _ _ _ _ _ _ _ _ _ _ _ _ _ _ _ _ _ _ _ _ _ _ _ _ _ 
2026-10-01T08:38:54.8499224Z tests/test_fv_response_job_reconcile.py:81: in _make_v2_job
2026-10-01T08:38:54.8499585Z     identity, expected_total = jobs._identity()
2026-10-01T08:38:54.8500018Z                                ^^^^^^^^^^^^^^^^
2026-10-01T08:38:54.8500394Z examples/weather_scenarios/fv_response_job_lifecycle.py:57: in _identity
2026-10-01T08:38:54.8500880Z     problem, control, parameters, direction, expected = shared._small_case()
2026-10-01T08:38:54.8501294Z                                                         ^^^^^^^^^^^^^^^^^^^^
2026-10-01T08:38:54.8501776Z _ _ _ _ _ _ _ _ _ _ _ _ _ _ _ _ _ _ _ _ _ _ _ _ _ _ _ _ _ _ _ _ _ _ _ _ _ _ _ _ 
2026-10-01T08:38:54.8502014Z 
2026-10-01T08:38:54.8502222Z     def _small_case() -> tuple[FVResearchProblem, Tensor, Tensor, Tensor, float]:
2026-10-01T08:38:54.8502671Z         saved = _archive("minmod_middle_time_bias_final.json")
2026-10-01T08:38:54.8503065Z         archived_response = _archive("minmod_parameter_vjp.json")
2026-10-01T08:38:54.8503559Z         observations, frozen, future_echo, future_support = small_fixture.make_spatial_case()
2026-10-01T08:38:54.8504058Z         future_support = cast(BoundarySchedule, future_support)
2026-10-01T08:38:54.8504491Z         control = torch.tensor(saved["nominal_control"], dtype=torch.float64)
2026-10-01T08:38:54.8505038Z         parameters = torch.cat((observations.dbz.flatten(), observations.dbz.new_tensor([0.02])))
2026-10-01T08:38:54.8505582Z         if (_bytes_hash(control) != saved["input_identity"]["control_sha256"]
2026-10-01T08:38:54.8506081Z                 or _bytes_hash(parameters) != saved["input_identity"]["parameters_sha256"]):
2026-10-01T08:38:54.8506587Z >           raise ValueError("4x5 archived stationary input identity mismatch")
2026-10-01T08:38:54.8507049Z E           ValueError: 4x5 archived stationary input identity mismatch
2026-10-01T08:38:54.8507310Z 
2026-10-01T08:38:54.8507517Z examples/weather_scenarios/fv_concurrent_response_probe.py:79: ValueError
2026-10-01T08:38:54.8508030Z _ test_v2_binding_tampering_and_missing_chain_fail_closed[publication_digest] __
2026-10-01T08:38:54.8508342Z 
2026-10-01T08:38:54.8508581Z tmp_path = PosixPath('/tmp/pytest-of-runner/pytest-0/test_v2_binding_tampering_and_4')
2026-10-01T08:38:54.8509017Z tamper = 'publication_digest'
2026-10-01T08:38:54.8509177Z 
2026-10-01T08:38:54.8509291Z     @pytest.mark.parametrize("tamper", [
2026-10-01T08:38:54.8509678Z         "manifest", "raw_id", "resource_id", "resource_digest", "publication_digest",
2026-10-01T08:38:54.8510496Z         "lifecycle_id", "job_path", "source_drift", "input_drift", "command",
2026-10-01T08:38:54.8510844Z     ])
2026-10-01T08:38:54.8511165Z     def test_v2_binding_tampering_and_missing_chain_fail_closed(tmp_path, tamper):
2026-10-01T08:38:54.8511581Z         job_dir = tmp_path / "tampered-v2"
2026-10-01T08:38:54.8511863Z >       _make_v2_job(job_dir)
2026-10-01T08:38:54.8512013Z 
2026-10-01T08:38:54.8512141Z tests/test_fv_response_job_reconcile.py:223: 
2026-10-01T08:38:54.8512480Z _ _ _ _ _ _ _ _ _ _ _ _ _ _ _ _ _ _ _ _ _ _ _ _ _ _ _ _ _ _ _ _ _ _ _ _ _ _ _ _ 
2026-10-01T08:38:54.8512900Z tests/test_fv_response_job_reconcile.py:81: in _make_v2_job
2026-10-01T08:38:54.8513263Z     identity, expected_total = jobs._identity()
2026-10-01T08:38:54.8513555Z                                ^^^^^^^^^^^^^^^^
2026-10-01T08:38:54.8513926Z examples/weather_scenarios/fv_response_job_lifecycle.py:57: in _identity
2026-10-01T08:38:54.8514413Z     problem, control, parameters, direction, expected = shared._small_case()
2026-10-01T08:38:54.8514841Z                                                         ^^^^^^^^^^^^^^^^^^^^
2026-10-01T08:38:54.8515192Z _ _ _ _ _ _ _ _ _ _ _ _ _ _ _ _ _ _ _ _ _ _ _ _ _ _ _ _ _ _ _ _ _ _ _ _ _ _ _ _ 
2026-10-01T08:38:54.8515428Z 
2026-10-01T08:38:54.8515634Z     def _small_case() -> tuple[FVResearchProblem, Tensor, Tensor, Tensor, float]:
2026-10-01T08:38:54.8516092Z         saved = _archive("minmod_middle_time_bias_final.json")
2026-10-01T08:38:54.8516492Z         archived_response = _archive("minmod_parameter_vjp.json")
2026-10-01T08:38:54.8516985Z         observations, frozen, future_echo, future_support = small_fixture.make_spatial_case()
2026-10-01T08:38:54.8517483Z         future_support = cast(BoundarySchedule, future_support)
2026-10-01T08:38:54.8517927Z         control = torch.tensor(saved["nominal_control"], dtype=torch.float64)
2026-10-01T08:38:54.8518479Z         parameters = torch.cat((observations.dbz.flatten(), observations.dbz.new_tensor([0.02])))
2026-10-01T08:38:54.8519144Z         if (_bytes_hash(control) != saved["input_identity"]["control_sha256"]
2026-10-01T08:38:54.8519644Z                 or _bytes_hash(parameters) != saved["input_identity"]["parameters_sha256"]):
2026-10-01T08:38:54.8520338Z >           raise ValueError("4x5 archived stationary input identity mismatch")
2026-10-01T08:38:54.8520796Z E           ValueError: 4x5 archived stationary input identity mismatch
2026-10-01T08:38:54.8521065Z 
2026-10-01T08:38:54.8521267Z examples/weather_scenarios/fv_concurrent_response_probe.py:79: ValueError
2026-10-01T08:38:54.8521779Z ____ test_v2_binding_tampering_and_missing_chain_fail_closed[lifecycle_id] _____
2026-10-01T08:38:54.8522084Z 
2026-10-01T08:38:54.8522329Z tmp_path = PosixPath('/tmp/pytest-of-runner/pytest-0/test_v2_binding_tampering_and_5')
2026-10-01T08:38:54.8522754Z tamper = 'lifecycle_id'
2026-10-01T08:38:54.8522900Z 
2026-10-01T08:38:54.8523007Z     @pytest.mark.parametrize("tamper", [
2026-10-01T08:38:54.8523400Z         "manifest", "raw_id", "resource_id", "resource_digest", "publication_digest",
2026-10-01T08:38:54.8523883Z         "lifecycle_id", "job_path", "source_drift", "input_drift", "command",
2026-10-01T08:38:54.8524231Z     ])
2026-10-01T08:38:54.8524549Z     def test_v2_binding_tampering_and_missing_chain_fail_closed(tmp_path, tamper):
2026-10-01T08:38:54.8524968Z         job_dir = tmp_path / "tampered-v2"
2026-10-01T08:38:54.8525246Z >       _make_v2_job(job_dir)
2026-10-01T08:38:54.8525404Z 
2026-10-01T08:38:54.8525525Z tests/test_fv_response_job_reconcile.py:223: 
2026-10-01T08:38:54.8525868Z _ _ _ _ _ _ _ _ _ _ _ _ _ _ _ _ _ _ _ _ _ _ _ _ _ _ _ _ _ _ _ _ _ _ _ _ _ _ _ _ 
2026-10-01T08:38:54.8526262Z tests/test_fv_response_job_reconcile.py:81: in _make_v2_job
2026-10-01T08:38:54.8526631Z     identity, expected_total = jobs._identity()
2026-10-01T08:38:54.8526924Z                                ^^^^^^^^^^^^^^^^
2026-10-01T08:38:54.8527302Z examples/weather_scenarios/fv_response_job_lifecycle.py:57: in _identity
2026-10-01T08:38:54.8527928Z     problem, control, parameters, direction, expected = shared._small_case()
2026-10-01T08:38:54.8528339Z                                                         ^^^^^^^^^^^^^^^^^^^^
2026-10-01T08:38:54.8528691Z _ _ _ _ _ _ _ _ _ _ _ _ _ _ _ _ _ _ _ _ _ _ _ _ _ _ _ _ _ _ _ _ _ _ _ _ _ _ _ _ 
2026-10-01T08:38:54.8528934Z 
2026-10-01T08:38:54.8529149Z     def _small_case() -> tuple[FVResearchProblem, Tensor, Tensor, Tensor, float]:
2026-10-01T08:38:54.8529603Z         saved = _archive("minmod_middle_time_bias_final.json")
2026-10-01T08:38:54.8530125Z         archived_response = _archive("minmod_parameter_vjp.json")
2026-10-01T08:38:54.8530623Z         observations, frozen, future_echo, future_support = small_fixture.make_spatial_case()
2026-10-01T08:38:54.8531134Z         future_support = cast(BoundarySchedule, future_support)
2026-10-01T08:38:54.8531577Z         control = torch.tensor(saved["nominal_control"], dtype=torch.float64)
2026-10-01T08:38:54.8532132Z         parameters = torch.cat((observations.dbz.flatten(), observations.dbz.new_tensor([0.02])))
2026-10-01T08:38:54.8532693Z         if (_bytes_hash(control) != saved["input_identity"]["control_sha256"]
2026-10-01T08:38:54.8533189Z                 or _bytes_hash(parameters) != saved["input_identity"]["parameters_sha256"]):
2026-10-01T08:38:54.8533699Z >           raise ValueError("4x5 archived stationary input identity mismatch")
2026-10-01T08:38:54.8534158Z E           ValueError: 4x5 archived stationary input identity mismatch
2026-10-01T08:38:54.8534429Z 
2026-10-01T08:38:54.8534640Z examples/weather_scenarios/fv_concurrent_response_probe.py:79: ValueError
2026-10-01T08:38:54.8535146Z ______ test_v2_binding_tampering_and_missing_chain_fail_closed[job_path] _______
2026-10-01T08:38:54.8535457Z 
2026-10-01T08:38:54.8535700Z tmp_path = PosixPath('/tmp/pytest-of-runner/pytest-0/test_v2_binding_tampering_and_6')
2026-10-01T08:38:54.8536130Z tamper = 'job_path'
2026-10-01T08:38:54.8536258Z 
2026-10-01T08:38:54.8536375Z     @pytest.mark.parametrize("tamper", [
2026-10-01T08:38:54.8536893Z         "manifest", "raw_id", "resource_id", "resource_digest", "publication_digest",
2026-10-01T08:38:54.8537372Z         "lifecycle_id", "job_path", "source_drift", "input_drift", "command",
2026-10-01T08:38:54.8537731Z     ])
2026-10-01T08:38:54.8538052Z     def test_v2_binding_tampering_and_missing_chain_fail_closed(tmp_path, tamper):
2026-10-01T08:38:54.8538469Z         job_dir = tmp_path / "tampered-v2"
2026-10-01T08:38:54.8538750Z >       _make_v2_job(job_dir)
2026-10-01T08:38:54.8538908Z 
2026-10-01T08:38:54.8539031Z tests/test_fv_response_job_reconcile.py:223: 
2026-10-01T08:38:54.8539371Z _ _ _ _ _ _ _ _ _ _ _ _ _ _ _ _ _ _ _ _ _ _ _ _ _ _ _ _ _ _ _ _ _ _ _ _ _ _ _ _ 
2026-10-01T08:38:54.8539886Z tests/test_fv_response_job_reconcile.py:81: in _make_v2_job
2026-10-01T08:38:54.8540258Z     identity, expected_total = jobs._identity()
2026-10-01T08:38:54.8540560Z                                ^^^^^^^^^^^^^^^^
2026-10-01T08:38:54.8540937Z examples/weather_scenarios/fv_response_job_lifecycle.py:57: in _identity
2026-10-01T08:38:54.8541440Z     problem, control, parameters, direction, expected = shared._small_case()
2026-10-01T08:38:54.8541856Z                                                         ^^^^^^^^^^^^^^^^^^^^
2026-10-01T08:38:54.8542229Z _ _ _ _ _ _ _ _ _ _ _ _ _ _ _ _ _ _ _ _ _ _ _ _ _ _ _ _ _ _ _ _ _ _ _ _ _ _ _ _ 
2026-10-01T08:38:54.8542465Z 
2026-10-01T08:38:54.8542679Z     def _small_case() -> tuple[FVResearchProblem, Tensor, Tensor, Tensor, float]:
2026-10-01T08:38:54.8543135Z         saved = _archive("minmod_middle_time_bias_final.json")
2026-10-01T08:38:54.8543547Z         archived_response = _archive("minmod_parameter_vjp.json")
2026-10-01T08:38:54.8544046Z         observations, frozen, future_echo, future_support = small_fixture.make_spatial_case()
2026-10-01T08:38:54.8544550Z         future_support = cast(BoundarySchedule, future_support)
2026-10-01T08:38:54.8544992Z         control = torch.tensor(saved["nominal_control"], dtype=torch.float64)
2026-10-01T08:38:54.8545760Z         parameters = torch.cat((observations.dbz.flatten(), observations.dbz.new_tensor([0.02])))
2026-10-01T08:38:54.8546561Z         if (_bytes_hash(control) != saved["input_identity"]["control_sha256"]
2026-10-01T08:38:54.8547194Z                 or _bytes_hash(parameters) != saved["input_identity"]["parameters_sha256"]):
2026-10-01T08:38:54.8558019Z >           raise ValueError("4x5 archived stationary input identity mismatch")
2026-10-01T08:38:54.8558595Z E           ValueError: 4x5 archived stationary input identity mismatch
2026-10-01T08:38:54.8558886Z 
2026-10-01T08:38:54.8559110Z examples/weather_scenarios/fv_concurrent_response_probe.py:79: ValueError
2026-10-01T08:38:54.8559639Z ____ test_v2_binding_tampering_and_missing_chain_fail_closed[source_drift] _____
2026-10-01T08:38:54.8560127Z 
2026-10-01T08:38:54.8560377Z tmp_path = PosixPath('/tmp/pytest-of-runner/pytest-0/test_v2_binding_tampering_and_7')
2026-10-01T08:38:54.8560819Z tamper = 'source_drift'
2026-10-01T08:38:54.8560974Z 
2026-10-01T08:38:54.8561095Z     @pytest.mark.parametrize("tamper", [
2026-10-01T08:38:54.8561497Z         "manifest", "raw_id", "resource_id", "resource_digest", "publication_digest",
2026-10-01T08:38:54.8561984Z         "lifecycle_id", "job_path", "source_drift", "input_drift", "command",
2026-10-01T08:38:54.8562343Z     ])
2026-10-01T08:38:54.8562664Z     def test_v2_binding_tampering_and_missing_chain_fail_closed(tmp_path, tamper):
2026-10-01T08:38:54.8563083Z         job_dir = tmp_path / "tampered-v2"
2026-10-01T08:38:54.8563364Z >       _make_v2_job(job_dir)
2026-10-01T08:38:54.8563525Z 
2026-10-01T08:38:54.8563653Z tests/test_fv_response_job_reconcile.py:223: 
2026-10-01T08:38:54.8564010Z _ _ _ _ _ _ _ _ _ _ _ _ _ _ _ _ _ _ _ _ _ _ _ _ _ _ _ _ _ _ _ _ _ _ _ _ _ _ _ _ 
2026-10-01T08:38:54.8564418Z tests/test_fv_response_job_reconcile.py:81: in _make_v2_job
2026-10-01T08:38:54.8564783Z     identity, expected_total = jobs._identity()
2026-10-01T08:38:54.8565084Z                                ^^^^^^^^^^^^^^^^
2026-10-01T08:38:54.8565640Z examples/weather_scenarios/fv_response_job_lifecycle.py:57: in _identity
2026-10-01T08:38:54.8566151Z     problem, control, parameters, direction, expected = shared._small_case()
2026-10-01T08:38:54.8566567Z                                                         ^^^^^^^^^^^^^^^^^^^^
2026-10-01T08:38:54.8566927Z _ _ _ _ _ _ _ _ _ _ _ _ _ _ _ _ _ _ _ _ _ _ _ _ _ _ _ _ _ _ _ _ _ _ _ _ _ _ _ _ 
2026-10-01T08:38:54.8567161Z 
2026-10-01T08:38:54.8567373Z     def _small_case() -> tuple[FVResearchProblem, Tensor, Tensor, Tensor, float]:
2026-10-01T08:38:54.8567823Z         saved = _archive("minmod_middle_time_bias_final.json")
2026-10-01T08:38:54.8568223Z         archived_response = _archive("minmod_parameter_vjp.json")
2026-10-01T08:38:54.8568715Z         observations, frozen, future_echo, future_support = small_fixture.make_spatial_case()
2026-10-01T08:38:54.8569219Z         future_support = cast(BoundarySchedule, future_support)
2026-10-01T08:38:54.8569655Z         control = torch.tensor(saved["nominal_control"], dtype=torch.float64)
2026-10-01T08:38:54.8570369Z         parameters = torch.cat((observations.dbz.flatten(), observations.dbz.new_tensor([0.02])))
2026-10-01T08:38:54.8570910Z         if (_bytes_hash(control) != saved["input_identity"]["control_sha256"]
2026-10-01T08:38:54.8571398Z                 or _bytes_hash(parameters) != saved["input_identity"]["parameters_sha256"]):
2026-10-01T08:38:54.8571910Z >           raise ValueError("4x5 archived stationary input identity mismatch")
2026-10-01T08:38:54.8572372Z E           ValueError: 4x5 archived stationary input identity mismatch
2026-10-01T08:38:54.8572633Z 
2026-10-01T08:38:54.8572841Z examples/weather_scenarios/fv_concurrent_response_probe.py:79: ValueError
2026-10-01T08:38:54.8573348Z _____ test_v2_binding_tampering_and_missing_chain_fail_closed[input_drift] _____
2026-10-01T08:38:54.8573656Z 
2026-10-01T08:38:54.8573903Z tmp_path = PosixPath('/tmp/pytest-of-runner/pytest-0/test_v2_binding_tampering_and_8')
2026-10-01T08:38:54.8574462Z tamper = 'input_drift'
2026-10-01T08:38:54.8574605Z 
2026-10-01T08:38:54.8574720Z     @pytest.mark.parametrize("tamper", [
2026-10-01T08:38:54.8575113Z         "manifest", "raw_id", "resource_id", "resource_digest", "publication_digest",
2026-10-01T08:38:54.8575592Z         "lifecycle_id", "job_path", "source_drift", "input_drift", "command",
2026-10-01T08:38:54.8575942Z     ])
2026-10-01T08:38:54.8576259Z     def test_v2_binding_tampering_and_missing_chain_fail_closed(tmp_path, tamper):
2026-10-01T08:38:54.8576667Z         job_dir = tmp_path / "tampered-v2"
2026-10-01T08:38:54.8576948Z >       _make_v2_job(job_dir)
2026-10-01T08:38:54.8577099Z 
2026-10-01T08:38:54.8577223Z tests/test_fv_response_job_reconcile.py:223: 
2026-10-01T08:38:54.8577560Z _ _ _ _ _ _ _ _ _ _ _ _ _ _ _ _ _ _ _ _ _ _ _ _ _ _ _ _ _ _ _ _ _ _ _ _ _ _ _ _ 
2026-10-01T08:38:54.8577954Z tests/test_fv_response_job_reconcile.py:81: in _make_v2_job
2026-10-01T08:38:54.8578311Z     identity, expected_total = jobs._identity()
2026-10-01T08:38:54.8578617Z                                ^^^^^^^^^^^^^^^^
2026-10-01T08:38:54.8578985Z examples/weather_scenarios/fv_response_job_lifecycle.py:57: in _identity
2026-10-01T08:38:54.8579480Z     problem, control, parameters, direction, expected = shared._small_case()
2026-10-01T08:38:54.8580035Z                                                         ^^^^^^^^^^^^^^^^^^^^
2026-10-01T08:38:54.8580391Z _ _ _ _ _ _ _ _ _ _ _ _ _ _ _ _ _ _ _ _ _ _ _ _ _ _ _ _ _ _ _ _ _ _ _ _ _ _ _ _ 
2026-10-01T08:38:54.8580629Z 
2026-10-01T08:38:54.8580833Z     def _small_case() -> tuple[FVResearchProblem, Tensor, Tensor, Tensor, float]:
2026-10-01T08:38:54.8581287Z         saved = _archive("minmod_middle_time_bias_final.json")
2026-10-01T08:38:54.8581683Z         archived_response = _archive("minmod_parameter_vjp.json")
2026-10-01T08:38:54.8582175Z         observations, frozen, future_echo, future_support = small_fixture.make_spatial_case()
2026-10-01T08:38:54.8582675Z         future_support = cast(BoundarySchedule, future_support)
2026-10-01T08:38:54.8583290Z         control = torch.tensor(saved["nominal_control"], dtype=torch.float64)
2026-10-01T08:38:54.8583846Z         parameters = torch.cat((observations.dbz.flatten(), observations.dbz.new_tensor([0.02])))
2026-10-01T08:38:54.8584388Z         if (_bytes_hash(control) != saved["input_identity"]["control_sha256"]
2026-10-01T08:38:54.8584879Z                 or _bytes_hash(parameters) != saved["input_identity"]["parameters_sha256"]):
2026-10-01T08:38:54.8585402Z >           raise ValueError("4x5 archived stationary input identity mismatch")
2026-10-01T08:38:54.8585872Z E           ValueError: 4x5 archived stationary input identity mismatch
2026-10-01T08:38:54.8586135Z 
2026-10-01T08:38:54.8586342Z examples/weather_scenarios/fv_concurrent_response_probe.py:79: ValueError
2026-10-01T08:38:54.8586845Z _______ test_v2_binding_tampering_and_missing_chain_fail_closed[command] _______
2026-10-01T08:38:54.8587147Z 
2026-10-01T08:38:54.8587390Z tmp_path = PosixPath('/tmp/pytest-of-runner/pytest-0/test_v2_binding_tampering_and_9')
2026-10-01T08:38:54.8587826Z tamper = 'command'
2026-10-01T08:38:54.8587949Z 
2026-10-01T08:38:54.8588062Z     @pytest.mark.parametrize("tamper", [
2026-10-01T08:38:54.8588447Z         "manifest", "raw_id", "resource_id", "resource_digest", "publication_digest",
2026-10-01T08:38:54.8588927Z         "lifecycle_id", "job_path", "source_drift", "input_drift", "command",
2026-10-01T08:38:54.8589281Z     ])
2026-10-01T08:38:54.8589601Z     def test_v2_binding_tampering_and_missing_chain_fail_closed(tmp_path, tamper):
2026-10-01T08:38:54.8590183Z         job_dir = tmp_path / "tampered-v2"
2026-10-01T08:38:54.8590469Z >       _make_v2_job(job_dir)
2026-10-01T08:38:54.8590622Z 
2026-10-01T08:38:54.8590749Z tests/test_fv_response_job_reconcile.py:223: 
2026-10-01T08:38:54.8591088Z _ _ _ _ _ _ _ _ _ _ _ _ _ _ _ _ _ _ _ _ _ _ _ _ _ _ _ _ _ _ _ _ _ _ _ _ _ _ _ _ 
2026-10-01T08:38:54.8591481Z tests/test_fv_response_job_reconcile.py:81: in _make_v2_job
2026-10-01T08:38:54.8591978Z     identity, expected_total = jobs._identity()
2026-10-01T08:38:54.8592277Z                                ^^^^^^^^^^^^^^^^
2026-10-01T08:38:54.8592652Z examples/weather_scenarios/fv_response_job_lifecycle.py:57: in _identity
2026-10-01T08:38:54.8593139Z     problem, control, parameters, direction, expected = shared._small_case()
2026-10-01T08:38:54.8593553Z                                                         ^^^^^^^^^^^^^^^^^^^^
2026-10-01T08:38:54.8593900Z _ _ _ _ _ _ _ _ _ _ _ _ _ _ _ _ _ _ _ _ _ _ _ _ _ _ _ _ _ _ _ _ _ _ _ _ _ _ _ _ 
2026-10-01T08:38:54.8594138Z 
2026-10-01T08:38:54.8594346Z     def _small_case() -> tuple[FVResearchProblem, Tensor, Tensor, Tensor, float]:
2026-10-01T08:38:54.8594799Z         saved = _archive("minmod_middle_time_bias_final.json")
2026-10-01T08:38:54.8595186Z         archived_response = _archive("minmod_parameter_vjp.json")
2026-10-01T08:38:54.8595673Z         observations, frozen, future_echo, future_support = small_fixture.make_spatial_case()
2026-10-01T08:38:54.8596181Z         future_support = cast(BoundarySchedule, future_support)
2026-10-01T08:38:54.8596622Z         control = torch.tensor(saved["nominal_control"], dtype=torch.float64)
2026-10-01T08:38:54.8597173Z         parameters = torch.cat((observations.dbz.flatten(), observations.dbz.new_tensor([0.02])))
2026-10-01T08:38:54.8597710Z         if (_bytes_hash(control) != saved["input_identity"]["control_sha256"]
2026-10-01T08:38:54.8598200Z                 or _bytes_hash(parameters) != saved["input_identity"]["parameters_sha256"]):
2026-10-01T08:38:54.8598704Z >           raise ValueError("4x5 archived stationary input identity mismatch")
2026-10-01T08:38:54.8599164Z E           ValueError: 4x5 archived stationary input identity mismatch
2026-10-01T08:38:54.8599432Z 
2026-10-01T08:38:54.8599636Z examples/weather_scenarios/fv_concurrent_response_probe.py:79: ValueError
2026-10-01T08:38:54.8600269Z ____________________ test_v2_copied_job_path_is_unresolved _____________________
2026-10-01T08:38:54.8600552Z 
2026-10-01T08:38:54.8600917Z tmp_path = PosixPath('/tmp/pytest-of-runner/pytest-0/test_v2_copied_job_path_is_unr0')
2026-10-01T08:38:54.8601262Z 
2026-10-01T08:38:54.8601404Z     def test_v2_copied_job_path_is_unresolved(tmp_path):
2026-10-01T08:38:54.8601729Z         original = tmp_path / "original"
2026-10-01T08:38:54.8602010Z >       _make_v2_job(original)
2026-10-01T08:38:54.8602163Z 
2026-10-01T08:38:54.8602288Z tests/test_fv_response_job_reconcile.py:259: 
2026-10-01T08:38:54.8602626Z _ _ _ _ _ _ _ _ _ _ _ _ _ _ _ _ _ _ _ _ _ _ _ _ _ _ _ _ _ _ _ _ _ _ _ _ _ _ _ _ 
2026-10-01T08:38:54.8603015Z tests/test_fv_response_job_reconcile.py:81: in _make_v2_job
2026-10-01T08:38:54.8603376Z     identity, expected_total = jobs._identity()
2026-10-01T08:38:54.8603665Z                                ^^^^^^^^^^^^^^^^
2026-10-01T08:38:54.8604035Z examples/weather_scenarios/fv_response_job_lifecycle.py:57: in _identity
2026-10-01T08:38:54.8604520Z     problem, control, parameters, direction, expected = shared._small_case()
2026-10-01T08:38:54.8604935Z                                                         ^^^^^^^^^^^^^^^^^^^^
2026-10-01T08:38:54.8605273Z _ _ _ _ _ _ _ _ _ _ _ _ _ _ _ _ _ _ _ _ _ _ _ _ _ _ _ _ _ _ _ _ _ _ _ _ _ _ _ _ 
2026-10-01T08:38:54.8605509Z 
2026-10-01T08:38:54.8605711Z     def _small_case() -> tuple[FVResearchProblem, Tensor, Tensor, Tensor, float]:
2026-10-01T08:38:54.8606161Z         saved = _archive("minmod_middle_time_bias_final.json")
2026-10-01T08:38:54.8606554Z         archived_response = _archive("minmod_parameter_vjp.json")
2026-10-01T08:38:54.8607042Z         observations, frozen, future_echo, future_support = small_fixture.make_spatial_case()
2026-10-01T08:38:54.8607538Z         future_support = cast(BoundarySchedule, future_support)
2026-10-01T08:38:54.8607977Z         control = torch.tensor(saved["nominal_control"], dtype=torch.float64)
2026-10-01T08:38:54.8608523Z         parameters = torch.cat((observations.dbz.flatten(), observations.dbz.new_tensor([0.02])))
2026-10-01T08:38:54.8609187Z         if (_bytes_hash(control) != saved["input_identity"]["control_sha256"]
2026-10-01T08:38:54.8609681Z                 or _bytes_hash(parameters) != saved["input_identity"]["parameters_sha256"]):
2026-10-01T08:38:54.8610315Z >           raise ValueError("4x5 archived stationary input identity mismatch")
2026-10-01T08:38:54.8610770Z E           ValueError: 4x5 archived stationary input identity mismatch
2026-10-01T08:38:54.8611034Z 
2026-10-01T08:38:54.8611234Z examples/weather_scenarios/fv_concurrent_response_probe.py:79: ValueError
2026-10-01T08:38:54.8611741Z ____ test_v2_manifest_from_different_current_source_snapshot_is_unresolved _____
2026-10-01T08:38:54.8612042Z 
2026-10-01T08:38:54.8612250Z monkeypatch = <_pytest.monkeypatch.MonkeyPatch object at 0x7faf7894d700>
2026-10-01T08:38:54.8612779Z tmp_path = PosixPath('/tmp/pytest-of-runner/pytest-0/test_v2_manifest_from_differen0')
2026-10-01T08:38:54.8613122Z 
2026-10-01T08:38:54.8613408Z     def test_v2_manifest_from_different_current_source_snapshot_is_unresolved(monkeypatch, tmp_path):
2026-10-01T08:38:54.8613906Z         job_dir = tmp_path / "source-drift"
2026-10-01T08:38:54.8614188Z >       _make_v2_job(job_dir)
2026-10-01T08:38:54.8614345Z 
2026-10-01T08:38:54.8614466Z tests/test_fv_response_job_reconcile.py:267: 
2026-10-01T08:38:54.8614803Z _ _ _ _ _ _ _ _ _ _ _ _ _ _ _ _ _ _ _ _ _ _ _ _ _ _ _ _ _ _ _ _ _ _ _ _ _ _ _ _ 
2026-10-01T08:38:54.8615190Z tests/test_fv_response_job_reconcile.py:81: in _make_v2_job
2026-10-01T08:38:54.8615545Z     identity, expected_total = jobs._identity()
2026-10-01T08:38:54.8615833Z                                ^^^^^^^^^^^^^^^^
2026-10-01T08:38:54.8616211Z examples/weather_scenarios/fv_response_job_lifecycle.py:57: in _identity
2026-10-01T08:38:54.8616695Z     problem, control, parameters, direction, expected = shared._small_case()
2026-10-01T08:38:54.8617105Z                                                         ^^^^^^^^^^^^^^^^^^^^
2026-10-01T08:38:54.8617455Z _ _ _ _ _ _ _ _ _ _ _ _ _ _ _ _ _ _ _ _ _ _ _ _ _ _ _ _ _ _ _ _ _ _ _ _ _ _ _ _ 
2026-10-01T08:38:54.8617696Z 
2026-10-01T08:38:54.8618023Z     def _small_case() -> tuple[FVResearchProblem, Tensor, Tensor, Tensor, float]:
2026-10-01T08:38:54.8618487Z         saved = _archive("minmod_middle_time_bias_final.json")
2026-10-01T08:38:54.8618876Z         archived_response = _archive("minmod_parameter_vjp.json")
2026-10-01T08:38:54.8619362Z         observations, frozen, future_echo, future_support = small_fixture.make_spatial_case()
2026-10-01T08:38:54.8619983Z         future_support = cast(BoundarySchedule, future_support)
2026-10-01T08:38:54.8620459Z         control = torch.tensor(saved["nominal_control"], dtype=torch.float64)
2026-10-01T08:38:54.8621001Z         parameters = torch.cat((observations.dbz.flatten(), observations.dbz.new_tensor([0.02])))
2026-10-01T08:38:54.8621534Z         if (_bytes_hash(control) != saved["input_identity"]["control_sha256"]
2026-10-01T08:38:54.8622023Z                 or _bytes_hash(parameters) != saved["input_identity"]["parameters_sha256"]):
2026-10-01T08:38:54.8622536Z >           raise ValueError("4x5 archived stationary input identity mismatch")
2026-10-01T08:38:54.8622992Z E           ValueError: 4x5 archived stationary input identity mismatch
2026-10-01T08:38:54.8623255Z 
2026-10-01T08:38:54.8623454Z examples/weather_scenarios/fv_concurrent_response_probe.py:79: ValueError
2026-10-01T08:38:54.8623964Z __ test_artifact_swap_after_snapshot_never_yields_candidate[worker.raw.json] ___
2026-10-01T08:38:54.8624274Z 
2026-10-01T08:38:54.8624478Z monkeypatch = <_pytest.monkeypatch.MonkeyPatch object at 0x7faf9b50db20>
2026-10-01T08:38:54.8625010Z tmp_path = PosixPath('/tmp/pytest-of-runner/pytest-0/test_artifact_swap_after_snaps0')
2026-10-01T08:38:54.8625443Z artifact = 'worker.raw.json'
2026-10-01T08:38:54.8625607Z 
2026-10-01T08:38:54.8625843Z     @pytest.mark.parametrize("artifact", ["worker.raw.json", "worker.resource.json"])
2026-10-01T08:38:54.8626436Z     def test_artifact_swap_after_snapshot_never_yields_candidate(monkeypatch, tmp_path, artifact):
2026-10-01T08:38:54.8627043Z         job_dir = tmp_path / "snapshot-race"
2026-10-01T08:38:54.8627328Z >       _make_v2_job(job_dir)
2026-10-01T08:38:54.8627478Z 
2026-10-01T08:38:54.8627597Z tests/test_fv_response_job_reconcile.py:278: 
2026-10-01T08:38:54.8627933Z _ _ _ _ _ _ _ _ _ _ _ _ _ _ _ _ _ _ _ _ _ _ _ _ _ _ _ _ _ _ _ _ _ _ _ _ _ _ _ _ 
2026-10-01T08:38:54.8628319Z tests/test_fv_response_job_reconcile.py:81: in _make_v2_job
2026-10-01T08:38:54.8628682Z     identity, expected_total = jobs._identity()
2026-10-01T08:38:54.8628971Z                                ^^^^^^^^^^^^^^^^
2026-10-01T08:38:54.8629338Z examples/weather_scenarios/fv_response_job_lifecycle.py:57: in _identity
2026-10-01T08:38:54.8629984Z     problem, control, parameters, direction, expected = shared._small_case()
2026-10-01T08:38:54.8630409Z                                                         ^^^^^^^^^^^^^^^^^^^^
2026-10-01T08:38:54.8630759Z _ _ _ _ _ _ _ _ _ _ _ _ _ _ _ _ _ _ _ _ _ _ _ _ _ _ _ _ _ _ _ _ _ _ _ _ _ _ _ _ 
2026-10-01T08:38:54.8631003Z 
2026-10-01T08:38:54.8631214Z     def _small_case() -> tuple[FVResearchProblem, Tensor, Tensor, Tensor, float]:
2026-10-01T08:38:54.8631657Z         saved = _archive("minmod_middle_time_bias_final.json")
2026-10-01T08:38:54.8632051Z         archived_response = _archive("minmod_parameter_vjp.json")
2026-10-01T08:38:54.8632539Z         observations, frozen, future_echo, future_support = small_fixture.make_spatial_case()
2026-10-01T08:38:54.8633036Z         future_support = cast(BoundarySchedule, future_support)
2026-10-01T08:38:54.8633477Z         control = torch.tensor(saved["nominal_control"], dtype=torch.float64)
2026-10-01T08:38:54.8634021Z         parameters = torch.cat((observations.dbz.flatten(), observations.dbz.new_tensor([0.02])))
2026-10-01T08:38:54.8634554Z         if (_bytes_hash(control) != saved["input_identity"]["control_sha256"]
2026-10-01T08:38:54.8635044Z                 or _bytes_hash(parameters) != saved["input_identity"]["parameters_sha256"]):
2026-10-01T08:38:54.8635681Z >           raise ValueError("4x5 archived stationary input identity mismatch")
2026-10-01T08:38:54.8636140Z E           ValueError: 4x5 archived stationary input identity mismatch
2026-10-01T08:38:54.8636405Z 
2026-10-01T08:38:54.8636605Z examples/weather_scenarios/fv_concurrent_response_probe.py:79: ValueError
2026-10-01T08:38:54.8637129Z _ test_artifact_swap_after_snapshot_never_yields_candidate[worker.resource.json] _
2026-10-01T08:38:54.8637452Z 
2026-10-01T08:38:54.8637658Z monkeypatch = <_pytest.monkeypatch.MonkeyPatch object at 0x7faf78ab4290>
2026-10-01T08:38:54.8638188Z tmp_path = PosixPath('/tmp/pytest-of-runner/pytest-0/test_artifact_swap_after_snaps1')
2026-10-01T08:38:54.8638626Z artifact = 'worker.resource.json'
2026-10-01T08:38:54.8638805Z 
2026-10-01T08:38:54.8639040Z     @pytest.mark.parametrize("artifact", ["worker.raw.json", "worker.resource.json"])
2026-10-01T08:38:54.8639630Z     def test_artifact_swap_after_snapshot_never_yields_candidate(monkeypatch, tmp_path, artifact):
2026-10-01T08:38:54.8640287Z         job_dir = tmp_path / "snapshot-race"
2026-10-01T08:38:54.8640572Z >       _make_v2_job(job_dir)
2026-10-01T08:38:54.8640728Z 
2026-10-01T08:38:54.8640849Z tests/test_fv_response_job_reconcile.py:278: 
2026-10-01T08:38:54.8641186Z _ _ _ _ _ _ _ _ _ _ _ _ _ _ _ _ _ _ _ _ _ _ _ _ _ _ _ _ _ _ _ _ _ _ _ _ _ _ _ _ 
2026-10-01T08:38:54.8641573Z tests/test_fv_response_job_reconcile.py:81: in _make_v2_job
2026-10-01T08:38:54.8641942Z     identity, expected_total = jobs._identity()
2026-10-01T08:38:54.8642239Z                                ^^^^^^^^^^^^^^^^
2026-10-01T08:38:54.8642614Z examples/weather_scenarios/fv_response_job_lifecycle.py:57: in _identity
2026-10-01T08:38:54.8643102Z     problem, control, parameters, direction, expected = shared._small_case()
2026-10-01T08:38:54.8643519Z                                                         ^^^^^^^^^^^^^^^^^^^^
2026-10-01T08:38:54.8643872Z _ _ _ _ _ _ _ _ _ _ _ _ _ _ _ _ _ _ _ _ _ _ _ _ _ _ _ _ _ _ _ _ _ _ _ _ _ _ _ _ 
2026-10-01T08:38:54.8644235Z 
2026-10-01T08:38:54.8644452Z     def _small_case() -> tuple[FVResearchProblem, Tensor, Tensor, Tensor, float]:
2026-10-01T08:38:54.8644902Z         saved = _archive("minmod_middle_time_bias_final.json")
2026-10-01T08:38:54.8645306Z         archived_response = _archive("minmod_parameter_vjp.json")
2026-10-01T08:38:54.8645799Z         observations, frozen, future_echo, future_support = small_fixture.make_spatial_case()
2026-10-01T08:38:54.8646294Z         future_support = cast(BoundarySchedule, future_support)
2026-10-01T08:38:54.8646727Z         control = torch.tensor(saved["nominal_control"], dtype=torch.float64)
2026-10-01T08:38:54.8647283Z         parameters = torch.cat((observations.dbz.flatten(), observations.dbz.new_tensor([0.02])))
2026-10-01T08:38:54.8647826Z         if (_bytes_hash(control) != saved["input_identity"]["control_sha256"]
2026-10-01T08:38:54.8648314Z                 or _bytes_hash(parameters) != saved["input_identity"]["parameters_sha256"]):
2026-10-01T08:38:54.8648830Z >           raise ValueError("4x5 archived stationary input identity mismatch")
2026-10-01T08:38:54.8649286Z E           ValueError: 4x5 archived stationary input identity mismatch
2026-10-01T08:38:54.8649552Z 
2026-10-01T08:38:54.8649875Z examples/weather_scenarios/fv_concurrent_response_probe.py:79: ValueError
2026-10-01T08:38:54.8650406Z _ test_lifecycle_contradiction_forces_reconciliation[execution_status-cancelled] _
2026-10-01T08:38:54.8650735Z 
2026-10-01T08:38:54.8650982Z tmp_path = PosixPath('/tmp/pytest-of-runner/pytest-0/test_lifecycle_contradiction_f0')
2026-10-01T08:38:54.8651438Z field = 'execution_status', value = 'cancelled'
2026-10-01T08:38:54.8651644Z 
2026-10-01T08:38:54.8651763Z     @pytest.mark.parametrize("field,value", [
2026-10-01T08:38:54.8652069Z         ("execution_status", "cancelled"),
2026-10-01T08:38:54.8652355Z         ("physical_validation", "passed"),
2026-10-01T08:38:54.8652643Z         ("runner_error", "unexpected failure"),
2026-10-01T08:38:54.8652970Z         ("raw_child_read_error", "malformed raw report"),
2026-10-01T08:38:54.8653402Z     ])
2026-10-01T08:38:54.8653736Z     def test_lifecycle_contradiction_forces_reconciliation(tmp_path, field, value):
2026-10-01T08:38:54.8654152Z         job_dir = tmp_path / "job"
2026-10-01T08:38:54.8654415Z         _make_job(job_dir, lifecycle=True)
2026-10-01T08:38:54.8654733Z         lifecycle = _json(job_dir / "lifecycle.json")
2026-10-01T08:38:54.8655041Z         lifecycle[field] = value
2026-10-01T08:38:54.8655325Z         _write(job_dir / "lifecycle.json", lifecycle)
2026-10-01T08:38:54.8655704Z >       assert _inspect(job_dir)["reason_code"] == "lifecycle_mismatch"
2026-10-01T08:38:54.8656195Z E       AssertionError: assert 'current_reference_unavailable' == 'lifecycle_mismatch'
2026-10-01T08:38:54.8656596Z E         
2026-10-01T08:38:54.8656792Z E         - lifecycle_mismatch
2026-10-01T08:38:54.8657055Z E         + current_reference_unavailable
2026-10-01T08:38:54.8657242Z 
2026-10-01T08:38:54.8657404Z tests/test_fv_response_job_reconcile.py:406: AssertionError
2026-10-01T08:38:54.8657891Z _ test_lifecycle_contradiction_forces_reconciliation[physical_validation-passed] _
2026-10-01T08:38:54.8658222Z 
2026-10-01T08:38:54.8658464Z tmp_path = PosixPath('/tmp/pytest-of-runner/pytest-0/test_lifecycle_contradiction_f1')
2026-10-01T08:38:54.8658915Z field = 'physical_validation', value = 'passed'
2026-10-01T08:38:54.8659126Z 
2026-10-01T08:38:54.8659248Z     @pytest.mark.parametrize("field,value", [
2026-10-01T08:38:54.8659546Z         ("execution_status", "cancelled"),
2026-10-01T08:38:54.8659951Z         ("physical_validation", "passed"),
2026-10-01T08:38:54.8660240Z         ("runner_error", "unexpected failure"),
2026-10-01T08:38:54.8660564Z         ("raw_child_read_error", "malformed raw report"),
2026-10-01T08:38:54.8660858Z     ])
2026-10-01T08:38:54.8661182Z     def test_lifecycle_contradiction_forces_reconciliation(tmp_path, field, value):
2026-10-01T08:38:54.8661592Z         job_dir = tmp_path / "job"
2026-10-01T08:38:54.8661997Z         _make_job(job_dir, lifecycle=True)
2026-10-01T08:38:54.8662306Z         lifecycle = _json(job_dir / "lifecycle.json")
2026-10-01T08:38:54.8662607Z         lifecycle[field] = value
2026-10-01T08:38:54.8662883Z         _write(job_dir / "lifecycle.json", lifecycle)
2026-10-01T08:38:54.8663265Z >       assert _inspect(job_dir)["reason_code"] == "lifecycle_mismatch"
2026-10-01T08:38:54.8663751Z E       AssertionError: assert 'current_reference_unavailable' == 'lifecycle_mismatch'
2026-10-01T08:38:54.8664146Z E         
2026-10-01T08:38:54.8664338Z E         - lifecycle_mismatch
2026-10-01T08:38:54.8664597Z E         + current_reference_unavailable
2026-10-01T08:38:54.8664779Z 
2026-10-01T08:38:54.8664938Z tests/test_fv_response_job_reconcile.py:406: AssertionError
2026-10-01T08:38:54.8665504Z _ test_lifecycle_contradiction_forces_reconciliation[runner_error-unexpected failure] _
2026-10-01T08:38:54.8665860Z 
2026-10-01T08:38:54.8666097Z tmp_path = PosixPath('/tmp/pytest-of-runner/pytest-0/test_lifecycle_contradiction_f2')
2026-10-01T08:38:54.8666568Z field = 'runner_error', value = 'unexpected failure'
2026-10-01T08:38:54.8666787Z 
2026-10-01T08:38:54.8666905Z     @pytest.mark.parametrize("field,value", [
2026-10-01T08:38:54.8667204Z         ("execution_status", "cancelled"),
2026-10-01T08:38:54.8667493Z         ("physical_validation", "passed"),
2026-10-01T08:38:54.8667783Z         ("runner_error", "unexpected failure"),
2026-10-01T08:38:54.8668102Z         ("raw_child_read_error", "malformed raw report"),
2026-10-01T08:38:54.8668391Z     ])
2026-10-01T08:38:54.8668718Z     def test_lifecycle_contradiction_forces_reconciliation(tmp_path, field, value):
2026-10-01T08:38:54.8669129Z         job_dir = tmp_path / "job"
2026-10-01T08:38:54.8669387Z         _make_job(job_dir, lifecycle=True)
2026-10-01T08:38:54.8669687Z         lifecycle = _json(job_dir / "lifecycle.json")
2026-10-01T08:38:54.8670153Z         lifecycle[field] = value
2026-10-01T08:38:54.8670428Z         _write(job_dir / "lifecycle.json", lifecycle)
2026-10-01T08:38:54.8670925Z >       assert _inspect(job_dir)["reason_code"] == "lifecycle_mismatch"
2026-10-01T08:38:54.8671409Z E       AssertionError: assert 'current_reference_unavailable' == 'lifecycle_mismatch'
2026-10-01T08:38:54.8671810Z E         
2026-10-01T08:38:54.8672002Z E         - lifecycle_mismatch
2026-10-01T08:38:54.8672257Z E         + current_reference_unavailable
2026-10-01T08:38:54.8672450Z 
2026-10-01T08:38:54.8672604Z tests/test_fv_response_job_reconcile.py:406: AssertionError
2026-10-01T08:38:54.8673135Z _ test_lifecycle_contradiction_forces_reconciliation[raw_child_read_error-malformed raw report] _
2026-10-01T08:38:54.8673516Z 
2026-10-01T08:38:54.8673758Z tmp_path = PosixPath('/tmp/pytest-of-runner/pytest-0/test_lifecycle_contradiction_f3')
2026-10-01T08:38:54.8674242Z field = 'raw_child_read_error', value = 'malformed raw report'
2026-10-01T08:38:54.8674492Z 
2026-10-01T08:38:54.8674614Z     @pytest.mark.parametrize("field,value", [
2026-10-01T08:38:54.8674924Z         ("execution_status", "cancelled"),
2026-10-01T08:38:54.8675213Z         ("physical_validation", "passed"),
2026-10-01T08:38:54.8675506Z         ("runner_error", "unexpected failure"),
2026-10-01T08:38:54.8675834Z         ("raw_child_read_error", "malformed raw report"),
2026-10-01T08:38:54.8676124Z     ])
2026-10-01T08:38:54.8676449Z     def test_lifecycle_contradiction_forces_reconciliation(tmp_path, field, value):
2026-10-01T08:38:54.8676860Z         job_dir = tmp_path / "job"
2026-10-01T08:38:54.8677124Z         _make_job(job_dir, lifecycle=True)
2026-10-01T08:38:54.8677427Z         lifecycle = _json(job_dir / "lifecycle.json")
2026-10-01T08:38:54.8677728Z         lifecycle[field] = value
2026-10-01T08:38:54.8678002Z         _write(job_dir / "lifecycle.json", lifecycle)
2026-10-01T08:38:54.8678380Z >       assert _inspect(job_dir)["reason_code"] == "lifecycle_mismatch"
2026-10-01T08:38:54.8678862Z E       AssertionError: assert 'current_reference_unavailable' == 'lifecycle_mismatch'
2026-10-01T08:38:54.8679389Z E         
2026-10-01T08:38:54.8679587Z E         - lifecycle_mismatch
2026-10-01T08:38:54.8680007Z E         + current_reference_unavailable
2026-10-01T08:38:54.8680191Z 
2026-10-01T08:38:54.8680348Z tests/test_fv_response_job_reconcile.py:406: AssertionError
2026-10-01T08:38:54.8680797Z ___________ test_copied_legacy_relative_worker_command_is_unresolved ___________
2026-10-01T08:38:54.8681100Z 
2026-10-01T08:38:54.8681332Z tmp_path = PosixPath('/tmp/pytest-of-runner/pytest-0/test_copied_legacy_relative_wo0')
2026-10-01T08:38:54.8681668Z 
2026-10-01T08:38:54.8681877Z     def test_copied_legacy_relative_worker_command_is_unresolved(tmp_path):
2026-10-01T08:38:54.8682265Z         job_dir = tmp_path / "copied"
2026-10-01T08:38:54.8682530Z         job_dir.mkdir()
2026-10-01T08:38:54.8682928Z         for name in ("published.json", "worker.raw.json", "worker.resource.json", "lifecycle.json"):
2026-10-01T08:38:54.8683421Z             shutil.copyfile(FIXTURE / name, job_dir / name)
2026-10-01T08:38:54.8683859Z         result = reconcile.inspect_fixed_job_after_restart(job_dir, "complete")
2026-10-01T08:38:54.8684288Z         assert result["state"] == "needs_reconciliation"
2026-10-01T08:38:54.8684662Z >       assert result["reason_code"] == "worker_command_mismatch"
2026-10-01T08:38:54.8685146Z E       AssertionError: assert 'current_reference_unavailable' == 'worker_command_mismatch'
2026-10-01T08:38:54.8685562Z E         
2026-10-01T08:38:54.8685764Z E         - worker_command_mismatch
2026-10-01T08:38:54.8686040Z E         + current_reference_unavailable
2026-10-01T08:38:54.8686224Z 
2026-10-01T08:38:54.8686384Z tests/test_fv_response_job_reconcile.py:416: AssertionError
2026-10-01T08:38:54.8686846Z ___ test_changed_resource_exit_is_unresolved_even_when_lifecycle_copy_agrees ___
2026-10-01T08:38:54.8687159Z 
2026-10-01T08:38:54.8687393Z tmp_path = PosixPath('/tmp/pytest-of-runner/pytest-0/test_changed_resource_exit_is_0')
2026-10-01T08:38:54.8687730Z 
2026-10-01T08:38:54.8687974Z     def test_changed_resource_exit_is_unresolved_even_when_lifecycle_copy_agrees(tmp_path):
2026-10-01T08:38:54.8688542Z         job_dir = tmp_path / "job"
2026-10-01T08:38:54.8688812Z         _make_job(job_dir, lifecycle=True)
2026-10-01T08:38:54.8689128Z         resource = _json(job_dir / "worker.resource.json")
2026-10-01T08:38:54.8689452Z         resource["exit_code"] = 1
2026-10-01T08:38:54.8689861Z         _write(job_dir / "worker.resource.json", resource)
2026-10-01T08:38:54.8690205Z         lifecycle = _json(job_dir / "lifecycle.json")
2026-10-01T08:38:54.8690512Z         lifecycle["resource"] = resource
2026-10-01T08:38:54.8690812Z         _write(job_dir / "lifecycle.json", lifecycle)
2026-10-01T08:38:54.8691202Z >       assert _inspect(job_dir)["reason_code"] == "worker_validation_failed"
2026-10-01T08:38:54.8691730Z E       AssertionError: assert 'current_reference_unavailable' == 'worker_validation_failed'
2026-10-01T08:38:54.8692153Z E         
2026-10-01T08:38:54.8692350Z E         - worker_validation_failed
2026-10-01T08:38:54.8692627Z E         + current_reference_unavailable
2026-10-01T08:38:54.8692819Z 
2026-10-01T08:38:54.8692974Z tests/test_fv_response_job_reconcile.py:428: AssertionError
2026-10-01T08:38:54.8693414Z ________________ test_current_fixed_archive_drift_is_unresolved ________________
2026-10-01T08:38:54.8693703Z 
2026-10-01T08:38:54.8693910Z monkeypatch = <_pytest.monkeypatch.MonkeyPatch object at 0x7faf77eecdd0>
2026-10-01T08:38:54.8694441Z tmp_path = PosixPath('/tmp/pytest-of-runner/pytest-0/test_current_fixed_archive_dri0')
2026-10-01T08:38:54.8694778Z 
2026-10-01T08:38:54.8694981Z     def test_current_fixed_archive_drift_is_unresolved(monkeypatch, tmp_path):
2026-10-01T08:38:54.8695378Z         job_dir = tmp_path / "job"
2026-10-01T08:38:54.8695641Z         _make_job(job_dir, lifecycle=True)
2026-10-01T08:38:54.8695972Z         monkeypatch.setattr(jobs, "_archives", lambda: {})
2026-10-01T08:38:54.8696389Z >       assert _inspect(job_dir)["reason_code"] == "archived_reference_drift"
2026-10-01T08:38:54.8697055Z E       AssertionError: assert 'current_reference_unavailable' == 'archived_reference_drift'
2026-10-01T08:38:54.8697480Z E         
2026-10-01T08:38:54.8697679Z E         - archived_reference_drift
2026-10-01T08:38:54.8697955Z E         + current_reference_unavailable
2026-10-01T08:38:54.8698144Z 
2026-10-01T08:38:54.8698302Z tests/test_fv_response_job_reconcile.py:435: AssertionError
2026-10-01T08:38:54.8698749Z __________ test_lifecycle_source_snapshot_must_match_current_sources ___________
2026-10-01T08:38:54.8699049Z 
2026-10-01T08:38:54.8699287Z tmp_path = PosixPath('/tmp/pytest-of-runner/pytest-0/test_lifecycle_source_snapshot0')
2026-10-01T08:38:54.8699626Z 
2026-10-01T08:38:54.8699957Z     def test_lifecycle_source_snapshot_must_match_current_sources(tmp_path):
2026-10-01T08:38:54.8700344Z         job_dir = tmp_path / "job"
2026-10-01T08:38:54.8700609Z         _make_job(job_dir, lifecycle=True)
2026-10-01T08:38:54.8700913Z         lifecycle = _json(job_dir / "lifecycle.json")
2026-10-01T08:38:54.8701424Z         lifecycle["source_before"]["examples/weather_scenarios/fv_response_job_lifecycle.py"] = "0" * 64
2026-10-01T08:38:54.8701965Z         lifecycle["source_after"] = dict(lifecycle["source_before"])
2026-10-01T08:38:54.8702343Z         _write(job_dir / "lifecycle.json", lifecycle)
2026-10-01T08:38:54.8702719Z >       assert _inspect(job_dir)["reason_code"] == "lifecycle_mismatch"
2026-10-01T08:38:54.8703205Z E       AssertionError: assert 'current_reference_unavailable' == 'lifecycle_mismatch'
2026-10-01T08:38:54.8703607Z E         
2026-10-01T08:38:54.8703804Z E         - lifecycle_mismatch
2026-10-01T08:38:54.8704059Z E         + current_reference_unavailable
2026-10-01T08:38:54.8704248Z 
2026-10-01T08:38:54.8704406Z tests/test_fv_response_job_reconcile.py:445: AssertionError
2026-10-01T08:38:54.8704838Z __________________ test_two_inspectors_contend_on_shared_lock __________________
2026-10-01T08:38:54.8705126Z 
2026-10-01T08:38:54.8705361Z tmp_path = PosixPath('/tmp/pytest-of-runner/pytest-0/test_two_inspectors_contend_on0')
2026-10-01T08:38:54.8705821Z 
2026-10-01T08:38:54.8705981Z     def test_two_inspectors_contend_on_shared_lock(tmp_path):
2026-10-01T08:38:54.8706318Z         job_dir = tmp_path / "job"
2026-10-01T08:38:54.8706578Z         _make_job(job_dir, lifecycle=True)
2026-10-01T08:38:54.8706861Z         entered, release = Event(), Event()
2026-10-01T08:38:54.8707141Z         outcomes = []
2026-10-01T08:38:54.8707340Z     
2026-10-01T08:38:54.8707534Z         def inspect_while_locked():
2026-10-01T08:38:54.8707819Z             with jobs._exclusive_job_launch(job_dir):
2026-10-01T08:38:54.8708120Z                 entered.set()
2026-10-01T08:38:54.8708371Z                 assert release.wait(5)
2026-10-01T08:38:54.8708616Z     
2026-10-01T08:38:54.8708829Z         first = Thread(target=inspect_while_locked)
2026-10-01T08:38:54.8709115Z         first.start()
2026-10-01T08:38:54.8709338Z         assert entered.wait(5)
2026-10-01T08:38:54.8709629Z         with pytest.raises(jobs.ResponseJobBusyError):
2026-10-01T08:38:54.8710101Z             _inspect(job_dir)
2026-10-01T08:38:54.8710330Z         release.set()
2026-10-01T08:38:54.8710546Z         first.join(5)
2026-10-01T08:38:54.8710764Z         assert not first.is_alive()
2026-10-01T08:38:54.8711037Z         outcomes.append(_inspect(job_dir))
2026-10-01T08:38:54.8711364Z >       assert outcomes[0]["state"] == "publication_candidate"
2026-10-01T08:38:54.8711813Z E       AssertionError: assert 'needs_reconciliation' == 'publication_candidate'
2026-10-01T08:38:54.8712199Z E         
2026-10-01T08:38:54.8712402Z E         - publication_candidate
2026-10-01T08:38:54.8712660Z E         + needs_reconciliation
2026-10-01T08:38:54.8712827Z 
2026-10-01T08:38:54.8712988Z tests/test_fv_response_job_reconcile.py:468: AssertionError
2026-10-01T08:38:54.8713437Z ________ test_parent_path_aliases_use_the_same_lock_and_classification _________
2026-10-01T08:38:54.8713739Z 
2026-10-01T08:38:54.8713973Z tmp_path = PosixPath('/tmp/pytest-of-runner/pytest-0/test_parent_path_aliases_use_t0')
2026-10-01T08:38:54.8714494Z 
2026-10-01T08:38:54.8714708Z     def test_parent_path_aliases_use_the_same_lock_and_classification(tmp_path):
2026-10-01T08:38:54.8715101Z         parent = tmp_path / "real"
2026-10-01T08:38:54.8715352Z         parent.mkdir()
2026-10-01T08:38:54.8715573Z         alias = tmp_path / "alias"
2026-10-01T08:38:54.8715876Z         alias.symlink_to(parent, target_is_directory=True)
2026-10-01T08:38:54.8716194Z         job_dir = parent / "job"
2026-10-01T08:38:54.8716456Z         _make_job(job_dir, lifecycle=True)
2026-10-01T08:38:54.8716752Z         with jobs._exclusive_job_launch(job_dir):
2026-10-01T08:38:54.8717098Z             with pytest.raises(jobs.ResponseJobBusyError):
2026-10-01T08:38:54.8717524Z                 reconcile.inspect_fixed_job_after_restart(alias / "job", "request_1")
2026-10-01T08:38:54.8718158Z >       assert reconcile.inspect_fixed_job_after_restart(alias / "job", "request_1")["state"] == "publication_candidate"
2026-10-01T08:38:54.8718798Z E       AssertionError: assert 'needs_reconciliation' == 'publication_candidate'
2026-10-01T08:38:54.8719185Z E         
2026-10-01T08:38:54.8719384Z E         - publication_candidate
2026-10-01T08:38:54.8719643Z E         + needs_reconciliation
2026-10-01T08:38:54.8719955Z 
2026-10-01T08:38:54.8720157Z tests/test_fv_response_job_reconcile.py:481: AssertionError
2026-10-01T08:38:54.8720625Z ____ test_stratified_inventory_preserves_refusal_and_unmeasured_validation _____
2026-10-01T08:38:54.8720935Z 
2026-10-01T08:38:54.8721143Z     def test_stratified_inventory_preserves_refusal_and_unmeasured_validation():
2026-10-01T08:38:54.8721534Z >       result = matrix.run()
2026-10-01T08:38:54.8721770Z                  ^^^^^^^^^^^^
2026-10-01T08:38:54.8721918Z 
2026-10-01T08:38:54.8722025Z tests/test_fv_support_matrix.py:13: 
2026-10-01T08:38:54.8722337Z _ _ _ _ _ _ _ _ _ _ _ _ _ _ _ _ _ _ _ _ _ _ _ _ _ _ _ _ _ _ _ _ _ _ _ _ _ _ _ _ 
2026-10-01T08:38:54.8722723Z examples/weather_scenarios/fv_support_matrix.py:232: in run
2026-10-01T08:38:54.8723214Z     "point_missing_fixed_control": _point_rows(),
2026-10-01T08:38:54.8723523Z                                    ^^^^^^^^^^^^^
2026-10-01T08:38:54.8723887Z examples/weather_scenarios/fv_support_matrix.py:108: in _point_rows
2026-10-01T08:38:54.8724395Z     _require_manifest("fv_point_missing_manifest.json", "fv_point_missing_metrics.json")
2026-10-01T08:38:54.8724867Z _ _ _ _ _ _ _ _ _ _ _ _ _ _ _ _ _ _ _ _ _ _ _ _ _ _ _ _ _ _ _ _ _ _ _ _ _ _ _ _ 
2026-10-01T08:38:54.8725096Z 
2026-10-01T08:38:54.8725208Z name = 'fv_point_missing_manifest.json'
2026-10-01T08:38:54.8725498Z artifact = 'fv_point_missing_metrics.json'
2026-10-01T08:38:54.8725694Z 
2026-10-01T08:38:54.8725871Z     def _require_manifest(name: str, artifact: str) -> dict[str, Any]:
2026-10-01T08:38:54.8726239Z         manifest = _load(name)
2026-10-01T08:38:54.8726488Z         hashes = manifest.get("sha256")
2026-10-01T08:38:54.8726764Z         if not isinstance(hashes, dict):
2026-10-01T08:38:54.8727117Z             raise ValueError(f"{name} has no source/evidence hashes")
2026-10-01T08:38:54.8727572Z         expected = hashes.get(f"graphify-out/fv-root-cause-20260919/{artifact}")
2026-10-01T08:38:54.8727975Z         if expected != _hash(HERE / artifact):
2026-10-01T08:38:54.8728328Z             raise ValueError(f"{artifact} differs from its manifest")
2026-10-01T08:38:54.8728701Z         for relative, fingerprint in hashes.items():
2026-10-01T08:38:54.8729023Z             path = (ROOT / relative).resolve()
2026-10-01T08:38:54.8729365Z             if (not path.is_relative_to(ROOT) or not path.is_file()
2026-10-01T08:38:54.8729833Z                     or _hash(path) != fingerprint):
2026-10-01T08:38:54.8730233Z >               raise ValueError(f"manifest source/evidence mismatch: {relative}")
2026-10-01T08:38:54.8730790Z E               ValueError: manifest source/evidence mismatch: src/advar/fv_point_research_problem.py
2026-10-01T08:38:54.8731150Z 
2026-10-01T08:38:54.8731325Z examples/weather_scenarios/fv_support_matrix.py:53: ValueError
2026-10-01T08:38:54.8731857Z =============================== warnings summary ===============================
2026-10-01T08:38:54.8732202Z tests/test_a2_branch.py: 18 warnings
2026-10-01T08:38:54.8733022Z   /opt/hostedtoolcache/Python/3.12.14/x64/lib/python3.12/site-packages/torch/jit/_script.py:1488: DeprecationWarning: `torch.jit.script` is deprecated. Please switch to `torch.compile` or `torch.export`.
2026-10-01T08:38:54.8733829Z     warnings.warn(
2026-10-01T08:38:54.8733957Z 
2026-10-01T08:38:54.8734167Z -- Docs: https://docs.pytest.org/en/stable/how-to/capture-warnings.html
2026-10-01T08:38:54.8734612Z =========================== short test summary info ============================
2026-10-01T08:38:54.8735524Z FAILED tests/test_fv_partial_sector_root.py::test_current_source_preflight_preserves_frozen_tensors_but_versions_identity - ValueError: current-source two-hole input differs from declared fixed tensors
2026-10-01T08:38:54.8736966Z FAILED tests/test_fv_partial_sector_root.py::test_callback_failure_is_not_scientific_refusal[RefinementNumericalRefusal-root_refused] - ValueError: current-source two-hole input differs from declared fixed tensors
2026-10-01T08:38:54.8738481Z FAILED tests/test_fv_partial_sector_root.py::test_callback_failure_is_not_scientific_refusal[RefinementCallbackError-running] - ValueError: current-source two-hole input differs from declared fixed tensors
2026-10-01T08:38:54.8739939Z FAILED tests/test_fv_partial_sector_root.py::test_nonfinite_candidate_is_recorded_without_invalid_json - ValueError: current-source two-hole input differs from declared fixed tensors
2026-10-01T08:38:54.8741303Z FAILED tests/test_fv_process_response.py::test_case_archives_direction_branch_and_nominal_gradient_without_pcg[_small_case-archive_names0-direction_slice0-54] - ValueError: 4x5 archived stationary input identity mismatch
2026-10-01T08:38:54.8742919Z FAILED tests/test_fv_process_response.py::test_case_archives_direction_branch_and_nominal_gradient_without_pcg[_large_case-archive_names1-direction_slice1-108] - ValueError: 8x10 archived input/verification identity mismatch
2026-10-01T08:38:54.8744328Z FAILED tests/test_fv_response_job_reconcile.py::test_consistent_terminal_lifecycle_allows_candidate_and_is_idempotent - AssertionError: assert 'needs_reconciliation' == 'publication_candidate'
2026-10-01T08:38:54.8745106Z   
2026-10-01T08:38:54.8745302Z   - publication_candidate
2026-10-01T08:38:54.8745545Z   + needs_reconciliation
2026-10-01T08:38:54.8746236Z FAILED tests/test_fv_response_job_reconcile.py::test_fully_bound_v2_artifacts_allow_only_unauthenticated_candidate - ValueError: 4x5 archived stationary input identity mismatch
2026-10-01T08:38:54.8747421Z FAILED tests/test_fv_response_job_reconcile.py::test_v2_binding_tampering_and_missing_chain_fail_closed[manifest] - ValueError: 4x5 archived stationary input identity mismatch
2026-10-01T08:38:54.8748562Z FAILED tests/test_fv_response_job_reconcile.py::test_v2_binding_tampering_and_missing_chain_fail_closed[raw_id] - ValueError: 4x5 archived stationary input identity mismatch
2026-10-01T08:38:54.8749848Z FAILED tests/test_fv_response_job_reconcile.py::test_v2_binding_tampering_and_missing_chain_fail_closed[resource_id] - ValueError: 4x5 archived stationary input identity mismatch
2026-10-01T08:38:54.8751042Z FAILED tests/test_fv_response_job_reconcile.py::test_v2_binding_tampering_and_missing_chain_fail_closed[resource_digest] - ValueError: 4x5 archived stationary input identity mismatch
2026-10-01T08:38:54.8752248Z FAILED tests/test_fv_response_job_reconcile.py::test_v2_binding_tampering_and_missing_chain_fail_closed[publication_digest] - ValueError: 4x5 archived stationary input identity mismatch
2026-10-01T08:38:54.8753436Z FAILED tests/test_fv_response_job_reconcile.py::test_v2_binding_tampering_and_missing_chain_fail_closed[lifecycle_id] - ValueError: 4x5 archived stationary input identity mismatch
2026-10-01T08:38:54.8754603Z FAILED tests/test_fv_response_job_reconcile.py::test_v2_binding_tampering_and_missing_chain_fail_closed[job_path] - ValueError: 4x5 archived stationary input identity mismatch
2026-10-01T08:38:54.8755882Z FAILED tests/test_fv_response_job_reconcile.py::test_v2_binding_tampering_and_missing_chain_fail_closed[source_drift] - ValueError: 4x5 archived stationary input identity mismatch
2026-10-01T08:38:54.8757045Z FAILED tests/test_fv_response_job_reconcile.py::test_v2_binding_tampering_and_missing_chain_fail_closed[input_drift] - ValueError: 4x5 archived stationary input identity mismatch
2026-10-01T08:38:54.8758200Z FAILED tests/test_fv_response_job_reconcile.py::test_v2_binding_tampering_and_missing_chain_fail_closed[command] - ValueError: 4x5 archived stationary input identity mismatch
2026-10-01T08:38:54.8759252Z FAILED tests/test_fv_response_job_reconcile.py::test_v2_copied_job_path_is_unresolved - ValueError: 4x5 archived stationary input identity mismatch
2026-10-01T08:38:54.8760498Z FAILED tests/test_fv_response_job_reconcile.py::test_v2_manifest_from_different_current_source_snapshot_is_unresolved - ValueError: 4x5 archived stationary input identity mismatch
2026-10-01T08:38:54.8761725Z FAILED tests/test_fv_response_job_reconcile.py::test_artifact_swap_after_snapshot_never_yields_candidate[worker.raw.json] - ValueError: 4x5 archived stationary input identity mismatch
2026-10-01T08:38:54.8762958Z FAILED tests/test_fv_response_job_reconcile.py::test_artifact_swap_after_snapshot_never_yields_candidate[worker.resource.json] - ValueError: 4x5 archived stationary input identity mismatch
2026-10-01T08:38:54.8764290Z FAILED tests/test_fv_response_job_reconcile.py::test_lifecycle_contradiction_forces_reconciliation[execution_status-cancelled] - AssertionError: assert 'current_reference_unavailable' == 'lifecycle_mismatch'
2026-10-01T08:38:54.8765120Z   
2026-10-01T08:38:54.8765305Z   - lifecycle_mismatch
2026-10-01T08:38:54.8765538Z   + current_reference_unavailable
2026-10-01T08:38:54.8766498Z FAILED tests/test_fv_response_job_reconcile.py::test_lifecycle_contradiction_forces_reconciliation[physical_validation-passed] - AssertionError: assert 'current_reference_unavailable' == 'lifecycle_mismatch'
2026-10-01T08:38:54.8767348Z   
2026-10-01T08:38:54.8767528Z   - lifecycle_mismatch
2026-10-01T08:38:54.8767759Z   + current_reference_unavailable
2026-10-01T08:38:54.8768606Z FAILED tests/test_fv_response_job_reconcile.py::test_lifecycle_contradiction_forces_reconciliation[runner_error-unexpected failure] - AssertionError: assert 'current_reference_unavailable' == 'lifecycle_mismatch'
2026-10-01T08:38:54.8769448Z   
2026-10-01T08:38:54.8769626Z   - lifecycle_mismatch
2026-10-01T08:38:54.8769962Z   + current_reference_unavailable
2026-10-01T08:38:54.8770832Z FAILED tests/test_fv_response_job_reconcile.py::test_lifecycle_contradiction_forces_reconciliation[raw_child_read_error-malformed raw report] - AssertionError: assert 'current_reference_unavailable' == 'lifecycle_mismatch'
2026-10-01T08:38:54.8771697Z   
2026-10-01T08:38:54.8771873Z   - lifecycle_mismatch
2026-10-01T08:38:54.8772095Z   + current_reference_unavailable
2026-10-01T08:38:54.8772860Z FAILED tests/test_fv_response_job_reconcile.py::test_copied_legacy_relative_worker_command_is_unresolved - AssertionError: assert 'current_reference_unavailable' == 'worker_command_mismatch'
2026-10-01T08:38:54.8773613Z   
2026-10-01T08:38:54.8773798Z   - worker_command_mismatch
2026-10-01T08:38:54.8774042Z   + current_reference_unavailable
2026-10-01T08:38:54.8774845Z FAILED tests/test_fv_response_job_reconcile.py::test_changed_resource_exit_is_unresolved_even_when_lifecycle_copy_agrees - AssertionError: assert 'current_reference_unavailable' == 'worker_validation_failed'
2026-10-01T08:38:54.8775650Z   
2026-10-01T08:38:54.8775834Z   - worker_validation_failed
2026-10-01T08:38:54.8776086Z   + current_reference_unavailable
2026-10-01T08:38:54.8776810Z FAILED tests/test_fv_response_job_reconcile.py::test_current_fixed_archive_drift_is_unresolved - AssertionError: assert 'current_reference_unavailable' == 'archived_reference_drift'
2026-10-01T08:38:54.8777528Z   
2026-10-01T08:38:54.8777835Z   - archived_reference_drift
2026-10-01T08:38:54.8778083Z   + current_reference_unavailable
2026-10-01T08:38:54.8778825Z FAILED tests/test_fv_response_job_reconcile.py::test_lifecycle_source_snapshot_must_match_current_sources - AssertionError: assert 'current_reference_unavailable' == 'lifecycle_mismatch'
2026-10-01T08:38:54.8779560Z   
2026-10-01T08:38:54.8779849Z   - lifecycle_mismatch
2026-10-01T08:38:54.8780081Z   + current_reference_unavailable
2026-10-01T08:38:54.8780750Z FAILED tests/test_fv_response_job_reconcile.py::test_two_inspectors_contend_on_shared_lock - AssertionError: assert 'needs_reconciliation' == 'publication_candidate'
2026-10-01T08:38:54.8781420Z   
2026-10-01T08:38:54.8781601Z   - publication_candidate
2026-10-01T08:38:55.1543102Z   + needs_reconciliation
2026-10-01T08:38:55.1544117Z FAILED tests/test_fv_response_job_reconcile.py::test_parent_path_aliases_use_the_same_lock_and_classification - AssertionError: assert 'needs_reconciliation' == 'publication_candidate'
2026-10-01T08:38:55.1545023Z   
2026-10-01T08:38:55.1545256Z   - publication_candidate
2026-10-01T08:38:55.1545534Z   + needs_reconciliation
2026-10-01T08:38:55.1546448Z FAILED tests/test_fv_support_matrix.py::test_stratified_inventory_preserves_refusal_and_unmeasured_validation - ValueError: manifest source/evidence mismatch: src/advar/fv_point_research_problem.py
2026-10-01T08:38:55.1547520Z = 33 failed, 352 passed, 18 warnings, 62 subtests passed in 594.60s (0:09:54) ==
2026-10-01T08:38:55.9092555Z ##[error]Process completed with exit code 1.
2026-10-01T08:38:55.9179199Z ##[group]Run actions/upload-artifact@043fb46d1a93c77aae656e7c1c64a875d1fc6a0a
2026-10-01T08:38:55.9179640Z with:
2026-10-01T08:38:55.9180354Z   name: cpu-shard-5-a9e321d15e4f7fc80b4ea494e1c732897fa0ccdf
2026-10-01T08:38:55.9180780Z   path: /home/runner/work/_temp/cpu-shard-records
2026-10-01T08:38:55.9181098Z   if-no-files-found: error
2026-10-01T08:38:55.9181342Z   retention-days: 7
2026-10-01T08:38:55.9181559Z   compression-level: 6
2026-10-01T08:38:55.9181794Z   overwrite: false
2026-10-01T08:38:55.9182011Z   include-hidden-files: false
2026-10-01T08:38:55.9182259Z   archive: true
2026-10-01T08:38:55.9182454Z env:
2026-10-01T08:38:55.9182714Z   pythonLocation: /opt/hostedtoolcache/Python/3.12.14/x64
2026-10-01T08:38:55.9183160Z   PKG_CONFIG_PATH: /opt/hostedtoolcache/Python/3.12.14/x64/lib/pkgconfig
2026-10-01T08:38:55.9183614Z   Python_ROOT_DIR: /opt/hostedtoolcache/Python/3.12.14/x64
2026-10-01T08:38:55.9184006Z   Python2_ROOT_DIR: /opt/hostedtoolcache/Python/3.12.14/x64
2026-10-01T08:38:55.9184432Z   Python3_ROOT_DIR: /opt/hostedtoolcache/Python/3.12.14/x64
2026-10-01T08:38:55.9184852Z   LD_LIBRARY_PATH: /opt/hostedtoolcache/Python/3.12.14/x64/lib
2026-10-01T08:38:55.9185187Z ##[endgroup]
2026-10-01T08:38:56.0665942Z With the provided path, there will be 5 files uploaded
2026-10-01T08:38:56.0690589Z Artifact name is valid!
2026-10-01T08:38:56.0720421Z Root directory input is valid!
2026-10-01T08:38:56.2915974Z Uploading artifact: cpu-shard-5-a9e321d15e4f7fc80b4ea494e1c732897fa0ccdf.zip
2026-10-01T08:38:56.2990816Z Beginning upload of artifact content to blob storage
2026-10-01T08:38:56.4279728Z Uploaded bytes 106676
2026-10-01T08:38:56.4451025Z Finished uploading artifact content to blob storage!
2026-10-01T08:38:56.4452479Z SHA256 digest of uploaded artifact is 64b54608a94a110e15d73e3a5ed271606d92deabd730eeb549ab30da46988edc
2026-10-01T08:38:56.4453522Z Finalizing artifact upload
2026-10-01T08:38:56.6580478Z Artifact cpu-shard-5-a9e321d15e4f7fc80b4ea494e1c732897fa0ccdf successfully finalized. Artifact ID 11149488298
2026-10-01T08:38:56.6582445Z Artifact cpu-shard-5-a9e321d15e4f7fc80b4ea494e1c732897fa0ccdf has been successfully uploaded! Final size is 106676 bytes. Artifact ID is 11149488298
2026-10-01T08:38:56.6584854Z Artifact download URL: https://github.com/gonos2k/AD4DVAR-radar/actions/runs/36836402831/artifacts/11149488298
2026-10-01T08:38:56.6775043Z Post job cleanup.
2026-10-01T08:38:56.7645142Z [command]/usr/bin/git version
2026-10-01T08:38:56.7696644Z git version 2.55.0
2026-10-01T08:38:56.7753333Z Temporarily overriding HOME='/home/runner/work/_temp/b8f7187d-a142-49cb-b936-60451afacba0' before making global git config changes
2026-10-01T08:38:56.7754763Z Adding repository directory to the temporary git global config as a safe directory
2026-10-01T08:38:56.7759606Z [command]/usr/bin/git config --global --add safe.directory /home/runner/work/AD4DVAR-radar/AD4DVAR-radar
2026-10-01T08:38:56.7798244Z Removing SSH command configuration
2026-10-01T08:38:56.7806593Z [command]/usr/bin/git config --local --name-only --get-regexp core\.sshCommand
2026-10-01T08:38:56.7845346Z [command]/usr/bin/git submodule foreach --recursive sh -c "git config --local --name-only --get-regexp 'core\.sshCommand' && git config --local --unset-all 'core.sshCommand' || :"
2026-10-01T08:38:56.8110772Z Removing HTTP extra header
2026-10-01T08:38:56.8118388Z [command]/usr/bin/git config --local --name-only --get-regexp http\.https\:\/\/github\.com\/\.extraheader
2026-10-01T08:38:56.8160852Z [command]/usr/bin/git submodule foreach --recursive sh -c "git config --local --name-only --get-regexp 'http\.https\:\/\/github\.com\/\.extraheader' && git config --local --unset-all 'http.https://github.com/.extraheader' || :"
2026-10-01T08:38:56.8439412Z Removing includeIf entries pointing to credentials config files
2026-10-01T08:38:56.8449912Z [command]/usr/bin/git config --local --name-only --get-regexp ^includeIf\.gitdir:
2026-10-01T08:38:56.8490669Z includeif.gitdir:/home/runner/work/AD4DVAR-radar/AD4DVAR-radar/.git.path
2026-10-01T08:38:56.8491634Z includeif.gitdir:/home/runner/work/AD4DVAR-radar/AD4DVAR-radar/.git/worktrees/*.path
2026-10-01T08:38:56.8492211Z includeif.gitdir:/github/workspace/.git.path
2026-10-01T08:38:56.8492847Z includeif.gitdir:/github/workspace/.git/worktrees/*.path
2026-10-01T08:38:56.8493905Z [command]/usr/bin/git config --local --get-all includeif.gitdir:/home/runner/work/AD4DVAR-radar/AD4DVAR-radar/.git.path
2026-10-01T08:38:56.8522923Z /home/runner/work/_temp/git-credentials-7bd04aca-f5d3-415a-b116-25a503e379c1.config
2026-10-01T08:38:56.8534534Z [command]/usr/bin/git config --local --unset includeif.gitdir:/home/runner/work/AD4DVAR-radar/AD4DVAR-radar/.git.path \/home\/runner\/work\/_temp\/git\-credentials\-7bd04aca\-f5d3\-415a\-b116\-25a503e379c1\.config
2026-10-01T08:38:56.8581988Z [command]/usr/bin/git config --local --get-all includeif.gitdir:/home/runner/work/AD4DVAR-radar/AD4DVAR-radar/.git/worktrees/*.path
2026-10-01T08:38:56.8619096Z /home/runner/work/_temp/git-credentials-7bd04aca-f5d3-415a-b116-25a503e379c1.config
2026-10-01T08:38:56.8630044Z [command]/usr/bin/git config --local --unset includeif.gitdir:/home/runner/work/AD4DVAR-radar/AD4DVAR-radar/.git/worktrees/*.path \/home\/runner\/work\/_temp\/git\-credentials\-7bd04aca\-f5d3\-415a\-b116\-25a503e379c1\.config
2026-10-01T08:38:56.8683892Z [command]/usr/bin/git config --local --get-all includeif.gitdir:/github/workspace/.git.path
2026-10-01T08:38:56.8730938Z /github/runner_temp/git-credentials-7bd04aca-f5d3-415a-b116-25a503e379c1.config
2026-10-01T08:38:56.8732782Z [command]/usr/bin/git config --local --unset includeif.gitdir:/github/workspace/.git.path \/github\/runner_temp\/git\-credentials\-7bd04aca\-f5d3\-415a\-b116\-25a503e379c1\.config
2026-10-01T08:38:56.8767396Z [command]/usr/bin/git config --local --get-all includeif.gitdir:/github/workspace/.git/worktrees/*.path
2026-10-01T08:38:56.8798382Z /github/runner_temp/git-credentials-7bd04aca-f5d3-415a-b116-25a503e379c1.config
2026-10-01T08:38:56.8809569Z [command]/usr/bin/git config --local --unset includeif.gitdir:/github/workspace/.git/worktrees/*.path \/github\/runner_temp\/git\-credentials\-7bd04aca\-f5d3\-415a\-b116\-25a503e379c1\.config
2026-10-01T08:38:56.8853151Z [command]/usr/bin/git submodule foreach --recursive git config --local --show-origin --name-only --get-regexp remote.origin.url
2026-10-01T08:38:56.9109590Z Removing credentials config '/home/runner/work/_temp/git-credentials-7bd04aca-f5d3-415a-b116-25a503e379c1.config'
2026-10-01T08:38:56.9271395Z Cleaning up orphan processes
