2026-10-01T08:27:27.0634257Z Current runner version: '2.337.0'
2026-10-01T08:27:27.0661227Z ##[group]Runner Image Provisioner
2026-10-01T08:27:27.0662248Z Hosted Compute Agent
2026-10-01T08:27:27.0662950Z Version: 20260828.587
2026-10-01T08:27:27.0663596Z Commit: abac92662cab4cc7352de4f9f9d2e2419aad9c29
2026-10-01T08:27:27.0664312Z Build Date: 2026-08-28T16:44:25Z
2026-10-01T08:27:27.0665114Z Worker ID: {6acc141b-7ed8-457d-b231-48e0f8356528}
2026-10-01T08:27:27.0665853Z Azure Region: westus3
2026-10-01T08:27:27.0666691Z ##[endgroup]
2026-10-01T08:27:27.0668421Z ##[group]Operating System
2026-10-01T08:27:27.0669194Z Ubuntu
2026-10-01T08:27:27.0669831Z 24.04.5
2026-10-01T08:27:27.0670338Z LTS
2026-10-01T08:27:27.0670918Z ##[endgroup]
2026-10-01T08:27:27.0671487Z ##[group]Runner Image
2026-10-01T08:27:27.0672079Z Image: ubuntu-24.04
2026-10-01T08:27:27.0672688Z Version: 20260920.314.1
2026-10-01T08:27:27.0673927Z Included Software: https://github.com/actions/runner-images/blob/ubuntu24/20260920.314/images/ubuntu/Ubuntu2404-Readme.md
2026-10-01T08:27:27.0675585Z Image Release: https://github.com/actions/runner-images/releases/tag/ubuntu24%2F20260920.314
2026-10-01T08:27:27.0676805Z ##[endgroup]
2026-10-01T08:27:27.0677999Z ##[group]GITHUB_TOKEN Permissions
2026-10-01T08:27:27.0680570Z Contents: read
2026-10-01T08:27:27.0681195Z Metadata: read
2026-10-01T08:27:27.0681743Z ##[endgroup]
2026-10-01T08:27:27.0683889Z Secret source: Actions
2026-10-01T08:27:27.0684851Z Cache mode: write
2026-10-01T08:27:27.0685831Z Prepare workflow directory
2026-10-01T08:27:27.1029940Z Prepare all required actions
2026-10-01T08:27:27.1077617Z Getting action download info
2026-10-01T08:27:27.4570961Z Download action repository 'actions/checkout@3d3c42e5aac5ba805825da76410c181273ba90b1' (SHA:3d3c42e5aac5ba805825da76410c181273ba90b1)
2026-10-01T08:27:27.5549922Z Download action repository 'actions/setup-python@ece7cb06caefa5fff74198d8649806c4678c61a1' (SHA:ece7cb06caefa5fff74198d8649806c4678c61a1)
2026-10-01T08:27:27.6264493Z Download action repository 'actions/upload-artifact@043fb46d1a93c77aae656e7c1c64a875d1fc6a0a' (SHA:043fb46d1a93c77aae656e7c1c64a875d1fc6a0a)
2026-10-01T08:27:27.8091832Z Complete job name: Python 3.12 CPU shard 2
2026-10-01T08:27:27.8859955Z ##[group]Run actions/checkout@3d3c42e5aac5ba805825da76410c181273ba90b1
2026-10-01T08:27:27.8861039Z with:
2026-10-01T08:27:27.8861501Z   repository: gonos2k/AD4DVAR-radar
2026-10-01T08:27:27.8865153Z   token: ***
2026-10-01T08:27:27.8865598Z   ssh-strict: true
2026-10-01T08:27:27.8866044Z   ssh-user: git
2026-10-01T08:27:27.8866695Z   persist-credentials: true
2026-10-01T08:27:27.8867188Z   clean: true
2026-10-01T08:27:27.8867645Z   sparse-checkout-cone-mode: true
2026-10-01T08:27:27.8868174Z   fetch-depth: 1
2026-10-01T08:27:27.8868615Z   fetch-tags: false
2026-10-01T08:27:27.8869062Z   show-progress: true
2026-10-01T08:27:27.8869514Z   lfs: false
2026-10-01T08:27:27.8869927Z   submodules: false
2026-10-01T08:27:27.8870381Z   set-safe-directory: true
2026-10-01T08:27:27.8870884Z   allow-unsafe-pr-checkout: false
2026-10-01T08:27:27.8871681Z ##[endgroup]
2026-10-01T08:27:27.9870575Z Syncing repository: gonos2k/AD4DVAR-radar
2026-10-01T08:27:27.9873140Z ##[group]Getting Git version info
2026-10-01T08:27:27.9874386Z Working directory is '/home/runner/work/AD4DVAR-radar/AD4DVAR-radar'
2026-10-01T08:27:27.9876181Z [command]/usr/bin/git version
2026-10-01T08:27:27.9973184Z git version 2.55.0
2026-10-01T08:27:27.9995468Z ##[endgroup]
2026-10-01T08:27:28.0008114Z Temporarily overriding HOME='/home/runner/work/_temp/51a18f89-42b8-4a4c-87c2-c61b9efa8643' before making global git config changes
2026-10-01T08:27:28.0010935Z Adding repository directory to the temporary git global config as a safe directory
2026-10-01T08:27:28.0013894Z [command]/usr/bin/git config --global --add safe.directory /home/runner/work/AD4DVAR-radar/AD4DVAR-radar
2026-10-01T08:27:28.0068522Z Deleting the contents of '/home/runner/work/AD4DVAR-radar/AD4DVAR-radar'
2026-10-01T08:27:28.0071822Z ##[group]Determining repository object format
2026-10-01T08:27:28.0073549Z ##[endgroup]
2026-10-01T08:27:28.0074809Z ##[group]Initializing the repository
2026-10-01T08:27:28.0077878Z [command]/usr/bin/git init /home/runner/work/AD4DVAR-radar/AD4DVAR-radar
2026-10-01T08:27:28.0213057Z hint: Using 'master' as the name for the initial branch. This default branch name
2026-10-01T08:27:28.0214852Z hint: will change to "main" in Git 3.0. To configure the initial branch name
2026-10-01T08:27:28.0216756Z hint: to use in all of your new repositories, which will suppress this warning,
2026-10-01T08:27:28.0218140Z hint: call:
2026-10-01T08:27:28.0218848Z hint:
2026-10-01T08:27:28.0220308Z hint: 	git config --global init.defaultBranch <name>
2026-10-01T08:27:28.0221944Z hint:
2026-10-01T08:27:28.0223494Z hint: Names commonly chosen instead of 'master' are 'main', 'trunk' and
2026-10-01T08:27:28.0225592Z hint: 'development'. The just-created branch can be renamed via this command:
2026-10-01T08:27:28.0227556Z hint:
2026-10-01T08:27:28.0228609Z hint: 	git branch -m <name>
2026-10-01T08:27:28.0229567Z hint:
2026-10-01T08:27:28.0230669Z hint: Disable this message with "git config set advice.defaultBranchName false"
2026-10-01T08:27:28.0232408Z Initialized empty Git repository in /home/runner/work/AD4DVAR-radar/AD4DVAR-radar/.git/
2026-10-01T08:27:28.0234935Z [command]/usr/bin/git remote add origin https://github.com/gonos2k/AD4DVAR-radar
2026-10-01T08:27:28.0292518Z ##[endgroup]
2026-10-01T08:27:28.0293990Z ##[group]Disabling automatic garbage collection
2026-10-01T08:27:28.0295229Z [command]/usr/bin/git config --local gc.auto 0
2026-10-01T08:27:28.0387965Z ##[endgroup]
2026-10-01T08:27:28.0389734Z ##[group]Setting up auth
2026-10-01T08:27:28.0390929Z Removing SSH command configuration
2026-10-01T08:27:28.0392751Z [command]/usr/bin/git config --local --name-only --get-regexp core\.sshCommand
2026-10-01T08:27:28.0398989Z [command]/usr/bin/git submodule foreach --recursive sh -c "git config --local --name-only --get-regexp 'core\.sshCommand' && git config --local --unset-all 'core.sshCommand' || :"
2026-10-01T08:27:28.0820656Z Removing HTTP extra header
2026-10-01T08:27:28.0827007Z [command]/usr/bin/git config --local --name-only --get-regexp http\.https\:\/\/github\.com\/\.extraheader
2026-10-01T08:27:28.0861355Z [command]/usr/bin/git submodule foreach --recursive sh -c "git config --local --name-only --get-regexp 'http\.https\:\/\/github\.com\/\.extraheader' && git config --local --unset-all 'http.https://github.com/.extraheader' || :"
2026-10-01T08:27:28.1087412Z Removing includeIf entries pointing to credentials config files
2026-10-01T08:27:28.1093295Z [command]/usr/bin/git config --local --name-only --get-regexp ^includeIf\.gitdir:
2026-10-01T08:27:28.1140958Z [command]/usr/bin/git submodule foreach --recursive git config --local --show-origin --name-only --get-regexp remote.origin.url
2026-10-01T08:27:28.1390923Z [command]/usr/bin/git config --file /home/runner/work/_temp/git-credentials-d4462f50-5c18-4365-a16f-cb32ba4400e3.config http.https://github.com/.extraheader AUTHORIZATION: basic ***
2026-10-01T08:27:28.1438464Z [command]/usr/bin/git config --local includeIf.gitdir:/home/runner/work/AD4DVAR-radar/AD4DVAR-radar/.git.path /home/runner/work/_temp/git-credentials-d4462f50-5c18-4365-a16f-cb32ba4400e3.config
2026-10-01T08:27:28.1478221Z [command]/usr/bin/git config --local includeIf.gitdir:/home/runner/work/AD4DVAR-radar/AD4DVAR-radar/.git/worktrees/*.path /home/runner/work/_temp/git-credentials-d4462f50-5c18-4365-a16f-cb32ba4400e3.config
2026-10-01T08:27:28.1522082Z [command]/usr/bin/git config --local includeIf.gitdir:/github/workspace/.git.path /github/runner_temp/git-credentials-d4462f50-5c18-4365-a16f-cb32ba4400e3.config
2026-10-01T08:27:28.1564245Z [command]/usr/bin/git config --local includeIf.gitdir:/github/workspace/.git/worktrees/*.path /github/runner_temp/git-credentials-d4462f50-5c18-4365-a16f-cb32ba4400e3.config
2026-10-01T08:27:28.1600044Z ##[endgroup]
2026-10-01T08:27:28.1600793Z ##[group]Fetching the repository
2026-10-01T08:27:28.1610267Z [command]/usr/bin/git -c protocol.version=2 fetch --no-tags --prune --no-recurse-submodules --depth=1 origin +a9e321d15e4f7fc80b4ea494e1c732897fa0ccdf:refs/remotes/origin/agent/full-cpu-package-regression
2026-10-01T08:27:30.3439603Z From https://github.com/gonos2k/AD4DVAR-radar
2026-10-01T08:27:30.3441589Z  * [new ref]         a9e321d15e4f7fc80b4ea494e1c732897fa0ccdf -> origin/agent/full-cpu-package-regression
2026-10-01T08:27:30.3444601Z [command]/usr/bin/git branch --list --remote origin/agent/full-cpu-package-regression
2026-10-01T08:27:30.3461913Z   origin/agent/full-cpu-package-regression
2026-10-01T08:27:30.3471363Z [command]/usr/bin/git rev-parse refs/remotes/origin/agent/full-cpu-package-regression
2026-10-01T08:27:30.3497911Z a9e321d15e4f7fc80b4ea494e1c732897fa0ccdf
2026-10-01T08:27:30.3503699Z ##[endgroup]
2026-10-01T08:27:30.3505735Z ##[group]Determining the checkout info
2026-10-01T08:27:30.3508660Z ##[endgroup]
2026-10-01T08:27:30.3510213Z [command]/usr/bin/git sparse-checkout disable
2026-10-01T08:27:30.3567164Z [command]/usr/bin/git config --local --unset-all extensions.worktreeConfig
2026-10-01T08:27:30.3603800Z ##[group]Checking out the ref
2026-10-01T08:27:30.3609264Z [command]/usr/bin/git checkout --progress --force -B agent/full-cpu-package-regression refs/remotes/origin/agent/full-cpu-package-regression
2026-10-01T08:27:30.5583989Z Switched to a new branch 'agent/full-cpu-package-regression'
2026-10-01T08:27:30.5590857Z branch 'agent/full-cpu-package-regression' set up to track 'origin/agent/full-cpu-package-regression'.
2026-10-01T08:27:30.5624405Z ##[endgroup]
2026-10-01T08:27:30.5675355Z [command]/usr/bin/git log -1 --format=%H
2026-10-01T08:27:30.5706005Z a9e321d15e4f7fc80b4ea494e1c732897fa0ccdf
2026-10-01T08:27:30.5972913Z ##[group]Run actions/setup-python@ece7cb06caefa5fff74198d8649806c4678c61a1
2026-10-01T08:27:30.6036671Z with:
2026-10-01T08:27:30.6037158Z   python-version: 3.12
2026-10-01T08:27:30.6037716Z   cache: pip
2026-10-01T08:27:30.6038374Z   cache-dependency-path: requirements/ci-py312-linux.lock
2026-10-01T08:27:30.6039128Z   check-latest: false
2026-10-01T08:27:30.6044207Z   token: ***
2026-10-01T08:27:30.6044719Z   update-environment: true
2026-10-01T08:27:30.6045238Z   allow-prereleases: false
2026-10-01T08:27:30.6045726Z   freethreaded: false
2026-10-01T08:27:30.6046187Z ##[endgroup]
2026-10-01T08:27:30.7331323Z ##[group]Installed versions
2026-10-01T08:27:30.7438343Z Successfully set up CPython (3.12.14)
2026-10-01T08:27:30.7439177Z ##[endgroup]
2026-10-01T08:27:30.7748401Z [command]/opt/hostedtoolcache/Python/3.12.14/x64/bin/pip cache dir
2026-10-01T08:27:31.1104531Z /home/runner/.cache/pip
2026-10-01T08:27:31.3715322Z Cache hit for restore-key: setup-python-Linux-x64-24.04-Ubuntu-python-3.12.14-pip-f7cee36fe32686215bbb9f8a086817e4840e974b74a211879070eaf02f04bcd8
2026-10-01T08:27:32.5923048Z Received 33554432 of 287618844 (11.7%), 32.0 MBs/sec
2026-10-01T08:27:33.5922915Z Received 201326592 of 287618844 (70.0%), 96.0 MBs/sec
2026-10-01T08:27:34.0212204Z Received 287618844 of 287618844 (100.0%), 113.1 MBs/sec
2026-10-01T08:27:34.0214037Z Cache Size: ~274 MB (287618844 B)
2026-10-01T08:27:34.0301391Z [command]/usr/bin/tar -xf /home/runner/work/_temp/b9f147bc-f9ec-4216-91d9-f3067bd31c6f/cache.tzst -P -C /home/runner/work/AD4DVAR-radar/AD4DVAR-radar --use-compress-program unzstd
2026-10-01T08:27:34.4066152Z Cache restored successfully
2026-10-01T08:27:34.4192553Z Cache restored from key: setup-python-Linux-x64-24.04-Ubuntu-python-3.12.14-pip-f7cee36fe32686215bbb9f8a086817e4840e974b74a211879070eaf02f04bcd8
2026-10-01T08:27:34.4389503Z ##[group]Run python -I -m pip install \
2026-10-01T08:27:34.4389956Z [36;1mpython -I -m pip install \[0m
2026-10-01T08:27:34.4390286Z [36;1m  --require-hashes \[0m
2026-10-01T08:27:34.4390569Z [36;1m  --only-binary=:all: \[0m
2026-10-01T08:27:34.4391008Z [36;1m  --extra-index-url https://download.pytorch.org/whl/cpu \[0m
2026-10-01T08:27:34.4391481Z [36;1m  --requirement requirements/ci-py312-linux.lock[0m
2026-10-01T08:27:34.4690726Z shell: /usr/bin/bash -e {0}
2026-10-01T08:27:34.4691285Z env:
2026-10-01T08:27:34.4691601Z   pythonLocation: /opt/hostedtoolcache/Python/3.12.14/x64
2026-10-01T08:27:34.4692116Z   PKG_CONFIG_PATH: /opt/hostedtoolcache/Python/3.12.14/x64/lib/pkgconfig
2026-10-01T08:27:34.4692622Z   Python_ROOT_DIR: /opt/hostedtoolcache/Python/3.12.14/x64
2026-10-01T08:27:34.4693081Z   Python2_ROOT_DIR: /opt/hostedtoolcache/Python/3.12.14/x64
2026-10-01T08:27:34.4693519Z   Python3_ROOT_DIR: /opt/hostedtoolcache/Python/3.12.14/x64
2026-10-01T08:27:34.4694009Z   LD_LIBRARY_PATH: /opt/hostedtoolcache/Python/3.12.14/x64/lib
2026-10-01T08:27:34.4694390Z ##[endgroup]
2026-10-01T08:27:35.0776489Z Looking in indexes: https://pypi.org/simple, https://download.pytorch.org/whl/cpu
2026-10-01T08:27:35.5745465Z Collecting basedpyright==1.39.9 (from -r requirements/ci-py312-linux.lock (line 5))
2026-10-01T08:27:35.5760659Z   Using cached basedpyright-1.39.9-py3-none-any.whl (13.4 MB)
2026-10-01T08:27:35.8284946Z Collecting boolean-py==5.0 (from -r requirements/ci-py312-linux.lock (line 9))
2026-10-01T08:27:35.8298520Z   Using cached boolean_py-5.0-py3-none-any.whl (26 kB)
2026-10-01T08:27:35.9197804Z Collecting build==1.5.0 (from -r requirements/ci-py312-linux.lock (line 13))
2026-10-01T08:27:35.9210023Z   Using cached build-1.5.0-py3-none-any.whl (26 kB)
2026-10-01T08:27:36.0102051Z Collecting cachecontrol==0.14.4 (from -r requirements/ci-py312-linux.lock (line 17))
2026-10-01T08:27:36.0121765Z   Using cached cachecontrol-0.14.4-py3-none-any.whl (22 kB)
2026-10-01T08:27:36.0422354Z Collecting certifi==2026.7.22 (from -r requirements/ci-py312-linux.lock (line 21))
2026-10-01T08:27:36.0434512Z   Using cached certifi-2026.7.22-py3-none-any.whl (136 kB)
2026-10-01T08:27:36.2294271Z Collecting cffi==2.1.1 (from -r requirements/ci-py312-linux.lock (line 25))
2026-10-01T08:27:36.2308599Z   Using cached cffi-2.1.1-cp312-cp312-manylinux2014_x86_64.manylinux_2_17_x86_64.whl (221 kB)
2026-10-01T08:27:36.3559001Z Collecting charset-normalizer==3.5.1 (from -r requirements/ci-py312-linux.lock (line 127))
2026-10-01T08:27:36.3572533Z   Using cached charset_normalizer-3.5.1-cp312-cp312-manylinux2014_x86_64.manylinux_2_17_x86_64.manylinux_2_28_x86_64.whl (248 kB)
2026-10-01T08:27:36.7061598Z Collecting cryptography==50.0.0 (from -r requirements/ci-py312-linux.lock (line 301))
2026-10-01T08:27:36.7074692Z   Using cached cryptography-50.0.0-cp311-abi3-manylinux_2_34_x86_64.whl (4.7 MB)
2026-10-01T08:27:36.8117925Z Collecting cyclonedx-python-lib==11.12.0 (from -r requirements/ci-py312-linux.lock (line 351))
2026-10-01T08:27:36.8147279Z   Using cached cyclonedx_python_lib-11.12.0-py3-none-any.whl (529 kB)
2026-10-01T08:27:36.9040428Z Collecting defusedxml==0.7.1 (from -r requirements/ci-py312-linux.lock (line 355))
2026-10-01T08:27:36.9056713Z   Using cached defusedxml-0.7.1-py2.py3-none-any.whl (25 kB)
2026-10-01T08:27:36.9553197Z Collecting filelock==3.32.3 (from -r requirements/ci-py312-linux.lock (line 359))
2026-10-01T08:27:36.9565011Z   Using cached filelock-3.32.3-py3-none-any.whl (98 kB)
2026-10-01T08:27:36.9932558Z Collecting fsspec==2026.7.0 (from -r requirements/ci-py312-linux.lock (line 367))
2026-10-01T08:27:36.9944255Z   Using cached fsspec-2026.7.0-py3-none-any.whl (206 kB)
2026-10-01T08:27:37.0352801Z Collecting idna==3.18 (from -r requirements/ci-py312-linux.lock (line 371))
2026-10-01T08:27:37.0364696Z   Using cached idna-3.18-py3-none-any.whl (65 kB)
2026-10-01T08:27:37.1332502Z Collecting iniconfig==2.3.0 (from -r requirements/ci-py312-linux.lock (line 375))
2026-10-01T08:27:37.1345930Z   Using cached iniconfig-2.3.0-py3-none-any.whl (7.5 kB)
2026-10-01T08:27:37.1602065Z Collecting jinja2==3.1.6 (from -r requirements/ci-py312-linux.lock (line 379))
2026-10-01T08:27:37.1614378Z   Using cached jinja2-3.1.6-py3-none-any.whl (134 kB)
2026-10-01T08:27:37.3623392Z Collecting license-expression==30.4.4 (from -r requirements/ci-py312-linux.lock (line 383))
2026-10-01T08:27:37.3636152Z   Using cached license_expression-30.4.4-py3-none-any.whl (120 kB)
2026-10-01T08:27:37.5622116Z Collecting markdown-it-py==4.2.0 (from -r requirements/ci-py312-linux.lock (line 387))
2026-10-01T08:27:37.5635968Z   Using cached markdown_it_py-4.2.0-py3-none-any.whl (91 kB)
2026-10-01T08:27:37.6335495Z Collecting markupsafe==3.0.3 (from -r requirements/ci-py312-linux.lock (line 391))
2026-10-01T08:27:37.6349863Z   Using cached markupsafe-3.0.3-cp312-cp312-manylinux2014_x86_64.manylinux_2_17_x86_64.manylinux_2_28_x86_64.whl (22 kB)
2026-10-01T08:27:37.8321340Z Collecting mdurl==0.1.2 (from -r requirements/ci-py312-linux.lock (line 482))
2026-10-01T08:27:37.8334898Z   Using cached mdurl-0.1.2-py3-none-any.whl (10.0 kB)
2026-10-01T08:27:37.8603426Z Collecting mpmath==1.3.0 (from -r requirements/ci-py312-linux.lock (line 486))
2026-10-01T08:27:37.8615051Z   Using cached mpmath-1.3.0-py3-none-any.whl (536 kB)
2026-10-01T08:27:38.1233915Z Collecting msgpack==1.2.1 (from -r requirements/ci-py312-linux.lock (line 490))
2026-10-01T08:27:38.1248886Z   Using cached msgpack-1.2.1-cp312-cp312-manylinux2014_x86_64.manylinux_2_17_x86_64.manylinux_2_28_x86_64.whl (419 kB)
2026-10-01T08:27:38.1658137Z Collecting networkx==3.6.1 (from -r requirements/ci-py312-linux.lock (line 558))
2026-10-01T08:27:38.1670023Z   Using cached networkx-3.6.1-py3-none-any.whl (2.1 MB)
2026-10-01T08:27:38.2787766Z Collecting nodejs-wheel-binaries==24.16.0 (from -r requirements/ci-py312-linux.lock (line 562))
2026-10-01T08:27:38.2801157Z   Using cached nodejs_wheel_binaries-24.16.0-py2.py3-none-manylinux_2_28_x86_64.whl (60.7 MB)
2026-10-01T08:27:38.8183662Z Collecting numpy==2.2.6 (from -r requirements/ci-py312-linux.lock (line 573))
2026-10-01T08:27:38.8198603Z   Using cached numpy-2.2.6-cp312-cp312-manylinux_2_17_x86_64.manylinux2014_x86_64.whl (16.5 MB)
2026-10-01T08:27:38.9415649Z Collecting packageurl-python==0.17.6 (from -r requirements/ci-py312-linux.lock (line 632))
2026-10-01T08:27:38.9429245Z   Using cached packageurl_python-0.17.6-py3-none-any.whl (36 kB)
2026-10-01T08:27:38.9682652Z Collecting packaging==26.3 (from -r requirements/ci-py312-linux.lock (line 636))
2026-10-01T08:27:38.9694928Z   Using cached packaging-26.3-py3-none-any.whl (129 kB)
2026-10-01T08:27:38.9717228Z Requirement already satisfied: pip==26.2.1 in /opt/hostedtoolcache/Python/3.12.14/x64/lib/python3.12/site-packages (from -r requirements/ci-py312-linux.lock (line 645)) (26.2.1)
2026-10-01T08:27:39.1688300Z Collecting pip-api==0.0.34 (from -r requirements/ci-py312-linux.lock (line 649))
2026-10-01T08:27:39.1701801Z   Using cached pip_api-0.0.34-py3-none-any.whl (120 kB)
2026-10-01T08:27:39.2565891Z Collecting pip-audit==2.10.1 (from -r requirements/ci-py312-linux.lock (line 653))
2026-10-01T08:27:39.2578983Z   Using cached pip_audit-2.10.1-py3-none-any.whl (62 kB)
2026-10-01T08:27:39.3477828Z Collecting pip-requirements-parser==32.0.1 (from -r requirements/ci-py312-linux.lock (line 657))
2026-10-01T08:27:39.3491821Z   Using cached pip_requirements_parser-32.0.1-py3-none-any.whl (35 kB)
2026-10-01T08:27:39.4386945Z Collecting platformdirs==4.11.3 (from -r requirements/ci-py312-linux.lock (line 661))
2026-10-01T08:27:39.4399549Z   Using cached platformdirs-4.11.3-py3-none-any.whl (23 kB)
2026-10-01T08:27:39.6459112Z Collecting pluggy==1.6.0 (from -r requirements/ci-py312-linux.lock (line 665))
2026-10-01T08:27:39.6471306Z   Using cached pluggy-1.6.0-py3-none-any.whl (20 kB)
2026-10-01T08:27:39.7367120Z Collecting py-serializable==2.1.0 (from -r requirements/ci-py312-linux.lock (line 669))
2026-10-01T08:27:39.7379989Z   Using cached py_serializable-2.1.0-py3-none-any.whl (23 kB)
2026-10-01T08:27:39.8251280Z Collecting pycparser==3.0 (from -r requirements/ci-py312-linux.lock (line 673))
2026-10-01T08:27:39.8263797Z   Using cached pycparser-3.0-py3-none-any.whl (48 kB)
2026-10-01T08:27:39.9168833Z Collecting pygments==2.20.0 (from -r requirements/ci-py312-linux.lock (line 677))
2026-10-01T08:27:39.9181665Z   Using cached pygments-2.20.0-py3-none-any.whl (1.2 MB)
2026-10-01T08:27:40.0147154Z Collecting pyparsing==3.3.2 (from -r requirements/ci-py312-linux.lock (line 683))
2026-10-01T08:27:40.0159532Z   Using cached pyparsing-3.3.2-py3-none-any.whl (122 kB)
2026-10-01T08:27:40.1350086Z Collecting pyproject-hooks==1.2.0 (from -r requirements/ci-py312-linux.lock (line 687))
2026-10-01T08:27:40.1363169Z   Using cached pyproject_hooks-1.2.0-py3-none-any.whl (10 kB)
2026-10-01T08:27:40.2898656Z Collecting pytest==9.1.1 (from -r requirements/ci-py312-linux.lock (line 691))
2026-10-01T08:27:40.2911070Z   Using cached pytest-9.1.1-py3-none-any.whl (386 kB)
2026-10-01T08:27:40.3225821Z Collecting requests==2.34.2 (from -r requirements/ci-py312-linux.lock (line 695))
2026-10-01T08:27:40.3238326Z   Using cached requests-2.34.2-py3-none-any.whl (73 kB)
2026-10-01T08:27:40.4236820Z Collecting rich==15.0.0 (from -r requirements/ci-py312-linux.lock (line 701))
2026-10-01T08:27:40.4248663Z   Using cached rich-15.0.0-py3-none-any.whl (310 kB)
2026-10-01T08:27:40.4983633Z Collecting setuptools==84.0.0 (from -r requirements/ci-py312-linux.lock (line 705))
2026-10-01T08:27:40.4995579Z   Using cached setuptools-84.0.0-py3-none-any.whl (818 kB)
2026-10-01T08:27:40.6113823Z Collecting sortedcontainers==2.4.0 (from -r requirements/ci-py312-linux.lock (line 711))
2026-10-01T08:27:40.6125905Z   Using cached sortedcontainers-2.4.0-py2.py3-none-any.whl (29 kB)
2026-10-01T08:27:40.6449899Z Collecting sympy==1.14.0 (from -r requirements/ci-py312-linux.lock (line 715))
2026-10-01T08:27:40.6461580Z   Using cached sympy-1.14.0-py3-none-any.whl (6.3 MB)
2026-10-01T08:27:40.7578889Z Collecting tomli==2.4.1 (from -r requirements/ci-py312-linux.lock (line 719))
2026-10-01T08:27:40.7592046Z   Using cached tomli-2.4.1-cp312-cp312-manylinux2014_x86_64.manylinux_2_17_x86_64.manylinux_2_28_x86_64.whl (253 kB)
2026-10-01T08:27:40.8419450Z Collecting tomli-w==1.2.0 (from -r requirements/ci-py312-linux.lock (line 768))
2026-10-01T08:27:40.8432712Z   Using cached tomli_w-1.2.0-py3-none-any.whl (6.7 kB)
2026-10-01T08:27:40.9841879Z Collecting torch==2.13.0+cpu (from -r requirements/ci-py312-linux.lock (line 772))
2026-10-01T08:27:41.0874031Z   Using cached torch-2.13.0%2Bcpu-cp312-cp312-manylinux_2_28_x86_64.whl (191.8 MB)
2026-10-01T08:27:41.3895918Z Collecting typing-extensions==4.16.0 (from -r requirements/ci-py312-linux.lock (line 807))
2026-10-01T08:27:41.3908450Z   Using cached typing_extensions-4.16.0-py3-none-any.whl (45 kB)
2026-10-01T08:27:41.4192696Z Collecting urllib3==2.8.0 (from -r requirements/ci-py312-linux.lock (line 813))
2026-10-01T08:27:41.4205327Z   Using cached urllib3-2.8.0-py3-none-any.whl (135 kB)
2026-10-01T08:27:41.5239143Z Collecting wheel==0.46.3 (from -r requirements/ci-py312-linux.lock (line 817))
2026-10-01T08:27:41.5252360Z   Using cached wheel-0.46.3-py3-none-any.whl (30 kB)
2026-10-01T08:27:41.8502249Z Installing collected packages: sortedcontainers, mpmath, boolean-py, urllib3, typing-extensions, tomli-w, tomli, sympy, setuptools, pyproject-hooks, pyparsing, pygments, pycparser, pluggy, platformdirs, pip-api, packaging, packageurl-python, numpy, nodejs-wheel-binaries, networkx, msgpack, mdurl, markupsafe, license-expression, iniconfig, idna, fsspec, filelock, defusedxml, charset-normalizer, certifi, wheel, requests, pytest, py-serializable, pip-requirements-parser, markdown-it-py, jinja2, cffi, build, basedpyright, torch, rich, cyclonedx-python-lib, cryptography, cachecontrol, pip-audit
2026-10-01T08:28:09.2966934Z 
2026-10-01T08:28:09.2997957Z Successfully installed basedpyright-1.39.9 boolean-py-5.0 build-1.5.0 cachecontrol-0.14.4 certifi-2026.7.22 cffi-2.1.1 charset-normalizer-3.5.1 cryptography-50.0.0 cyclonedx-python-lib-11.12.0 defusedxml-0.7.1 filelock-3.32.3 fsspec-2026.7.0 idna-3.18 iniconfig-2.3.0 jinja2-3.1.6 license-expression-30.4.4 markdown-it-py-4.2.0 markupsafe-3.0.3 mdurl-0.1.2 mpmath-1.3.0 msgpack-1.2.1 networkx-3.6.1 nodejs-wheel-binaries-24.16.0 numpy-2.2.6 packageurl-python-0.17.6 packaging-26.3 pip-api-0.0.34 pip-audit-2.10.1 pip-requirements-parser-32.0.1 platformdirs-4.11.3 pluggy-1.6.0 py-serializable-2.1.0 pycparser-3.0 pygments-2.20.0 pyparsing-3.3.2 pyproject-hooks-1.2.0 pytest-9.1.1 requests-2.34.2 rich-15.0.0 setuptools-84.0.0 sortedcontainers-2.4.0 sympy-1.14.0 tomli-2.4.1 tomli-w-1.2.0 torch-2.13.0+cpu typing-extensions-4.16.0 urllib3-2.8.0 wheel-0.46.3
2026-10-01T08:28:09.4399008Z ##[group]Run printf '%s\n' 'raise SystemExit("repository module shadowed pip-audit")' > pip_audit.py
2026-10-01T08:28:09.4399765Z [36;1mprintf '%s\n' 'raise SystemExit("repository module shadowed pip-audit")' > pip_audit.py[0m
2026-10-01T08:28:09.4400268Z [36;1mpython -I - <<'PY'[0m
2026-10-01T08:28:09.4400520Z [36;1mimport site[0m
2026-10-01T08:28:09.4400762Z [36;1mfrom pathlib import Path[0m
2026-10-01T08:28:09.4401013Z [36;1m[0m
2026-10-01T08:28:09.4401209Z [36;1mimport pip_audit[0m
2026-10-01T08:28:09.4401438Z [36;1mimport torch[0m
2026-10-01T08:28:09.4401644Z [36;1m[0m
2026-10-01T08:28:09.4401885Z [36;1mmodule = Path(pip_audit.__file__).resolve()[0m
2026-10-01T08:28:09.4402329Z [36;1mroots = tuple(Path(item).resolve() for item in site.getsitepackages())[0m
2026-10-01T08:28:09.4402854Z [36;1massert any(root == module or root in module.parents for root in roots)[0m
2026-10-01T08:28:09.4403287Z [36;1massert torch.version.cuda is None[0m
2026-10-01T08:28:09.4403600Z [36;1mPY[0m
2026-10-01T08:28:09.4403947Z [36;1mpython -I "$GITHUB_WORKSPACE/.github/scripts/check_dependency_locks.py"[0m
2026-10-01T08:28:09.4404374Z [36;1mpython -I -m pip_audit \[0m
2026-10-01T08:28:09.4404647Z [36;1m  --strict \[0m
2026-10-01T08:28:09.4404877Z [36;1m  --disable-pip \[0m
2026-10-01T08:28:09.4405146Z [36;1m  --no-deps \[0m
2026-10-01T08:28:09.4405383Z [36;1m  --requirement "$LOCK_FILE"[0m
2026-10-01T08:28:09.4472419Z shell: /usr/bin/bash -e {0}
2026-10-01T08:28:09.4472685Z env:
2026-10-01T08:28:09.4472965Z   pythonLocation: /opt/hostedtoolcache/Python/3.12.14/x64
2026-10-01T08:28:09.4473435Z   PKG_CONFIG_PATH: /opt/hostedtoolcache/Python/3.12.14/x64/lib/pkgconfig
2026-10-01T08:28:09.4473909Z   Python_ROOT_DIR: /opt/hostedtoolcache/Python/3.12.14/x64
2026-10-01T08:28:09.4474309Z   Python2_ROOT_DIR: /opt/hostedtoolcache/Python/3.12.14/x64
2026-10-01T08:28:09.4474719Z   Python3_ROOT_DIR: /opt/hostedtoolcache/Python/3.12.14/x64
2026-10-01T08:28:09.4475149Z   LD_LIBRARY_PATH: /opt/hostedtoolcache/Python/3.12.14/x64/lib
2026-10-01T08:28:09.4475689Z   LOCK_FILE: /home/runner/work/AD4DVAR-radar/AD4DVAR-radar/requirements/ci-py312-linux.lock
2026-10-01T08:28:09.4476145Z ##[endgroup]
2026-10-01T08:28:11.3160710Z dependency locks: 4 hashed Linux CPU closures are synchronized
2026-10-01T08:28:11.8604157Z WARNING:pip_audit._cli:--no-deps is supported, but users are encouraged to fully hash their pinned dependencies
2026-10-01T08:28:11.8606195Z WARNING:pip_audit._cli:Consider using a tool like `pip-compile`: https://pip-tools.readthedocs.io/en/latest/#using-hashes
2026-10-01T08:28:12.5121767Z No known vulnerabilities found
2026-10-01T08:28:12.5670754Z ##[group]Run python -I -m pip install \
2026-10-01T08:28:12.5671160Z [36;1mpython -I -m pip install \[0m
2026-10-01T08:28:12.5671453Z [36;1m  --no-build-isolation \[0m
2026-10-01T08:28:12.5671743Z [36;1m  --no-deps \[0m
2026-10-01T08:28:12.5671978Z [36;1m  --editable .[0m
2026-10-01T08:28:12.5672233Z [36;1mpython -I -m pip check[0m
2026-10-01T08:28:12.5735574Z shell: /usr/bin/bash -e {0}
2026-10-01T08:28:12.5735827Z env:
2026-10-01T08:28:12.5736103Z   pythonLocation: /opt/hostedtoolcache/Python/3.12.14/x64
2026-10-01T08:28:12.5736731Z   PKG_CONFIG_PATH: /opt/hostedtoolcache/Python/3.12.14/x64/lib/pkgconfig
2026-10-01T08:28:12.5737174Z   Python_ROOT_DIR: /opt/hostedtoolcache/Python/3.12.14/x64
2026-10-01T08:28:12.5737563Z   Python2_ROOT_DIR: /opt/hostedtoolcache/Python/3.12.14/x64
2026-10-01T08:28:12.5737958Z   Python3_ROOT_DIR: /opt/hostedtoolcache/Python/3.12.14/x64
2026-10-01T08:28:12.5738348Z   LD_LIBRARY_PATH: /opt/hostedtoolcache/Python/3.12.14/x64/lib
2026-10-01T08:28:12.5738727Z ##[endgroup]
2026-10-01T08:28:12.8964252Z Obtaining file:///home/runner/work/AD4DVAR-radar/AD4DVAR-radar
2026-10-01T08:28:12.8975405Z   Checking if build backend supports build_editable: started
2026-10-01T08:28:13.0767952Z   Checking if build backend supports build_editable: finished with status 'done'
2026-10-01T08:28:13.0777097Z   Preparing editable metadata (pyproject.toml): started
2026-10-01T08:28:13.3184689Z   Preparing editable metadata (pyproject.toml): finished with status 'done'
2026-10-01T08:28:13.3288727Z Building wheels for collected packages: advar-radar-nowcast
2026-10-01T08:28:13.3297085Z   Building editable for advar-radar-nowcast (pyproject.toml): started
2026-10-01T08:28:13.6174498Z   Building editable for advar-radar-nowcast (pyproject.toml): finished with status 'done'
2026-10-01T08:28:13.6183009Z   Created wheel for advar-radar-nowcast: filename=advar_radar_nowcast-0.114.0-0.editable-py3-none-any.whl size=63186 sha256=db0b915bdba34feb657d89d936ca990cb1049b8b9c64d38ced82738c37c5c730
2026-10-01T08:28:13.6184771Z   Stored in directory: /tmp/pip-ephem-wheel-cache-cs4uglvt/wheels/1b/17/88/759e7a703f550adf36506436df8ea413a3c2e2eb8d99fc9f9a
2026-10-01T08:28:13.6275174Z Successfully built advar-radar-nowcast
2026-10-01T08:28:13.6381564Z Installing collected packages: advar-radar-nowcast
2026-10-01T08:28:13.6489614Z Successfully installed advar-radar-nowcast-0.114.0
2026-10-01T08:28:13.9696704Z No broken requirements found.
2026-10-01T08:28:14.0008335Z ##[group]Run python -I .github/scripts/check_basedpyright.py
2026-10-01T08:28:14.0008886Z [36;1mpython -I .github/scripts/check_basedpyright.py[0m
2026-10-01T08:28:14.0073811Z shell: /usr/bin/bash -e {0}
2026-10-01T08:28:14.0074084Z env:
2026-10-01T08:28:14.0074358Z   pythonLocation: /opt/hostedtoolcache/Python/3.12.14/x64
2026-10-01T08:28:14.0074822Z   PKG_CONFIG_PATH: /opt/hostedtoolcache/Python/3.12.14/x64/lib/pkgconfig
2026-10-01T08:28:14.0075269Z   Python_ROOT_DIR: /opt/hostedtoolcache/Python/3.12.14/x64
2026-10-01T08:28:14.0075666Z   Python2_ROOT_DIR: /opt/hostedtoolcache/Python/3.12.14/x64
2026-10-01T08:28:14.0076059Z   Python3_ROOT_DIR: /opt/hostedtoolcache/Python/3.12.14/x64
2026-10-01T08:28:14.0076623Z   LD_LIBRARY_PATH: /opt/hostedtoolcache/Python/3.12.14/x64/lib
2026-10-01T08:28:14.0076985Z ##[endgroup]
2026-10-01T08:28:30.0055025Z basedpyright: 0 errors, 8048 warnings, 0 notes
2026-10-01T08:28:30.0151440Z ##[group]Run python -I .github/scripts/run_cpu_test_shard.py \
2026-10-01T08:28:30.0152269Z [36;1mpython -I .github/scripts/run_cpu_test_shard.py \[0m
2026-10-01T08:28:30.0152920Z [36;1m  --shard-index 2 \[0m
2026-10-01T08:28:30.0153378Z [36;1m  --shard-count 6 \[0m
2026-10-01T08:28:30.0153901Z [36;1m  --record-dir "$RUNNER_TEMP/cpu-shard-records"[0m
2026-10-01T08:28:30.0233695Z shell: /usr/bin/bash -e {0}
2026-10-01T08:28:30.0233996Z env:
2026-10-01T08:28:30.0234296Z   pythonLocation: /opt/hostedtoolcache/Python/3.12.14/x64
2026-10-01T08:28:30.0234780Z   PKG_CONFIG_PATH: /opt/hostedtoolcache/Python/3.12.14/x64/lib/pkgconfig
2026-10-01T08:28:30.0235292Z   Python_ROOT_DIR: /opt/hostedtoolcache/Python/3.12.14/x64
2026-10-01T08:28:30.0235702Z   Python2_ROOT_DIR: /opt/hostedtoolcache/Python/3.12.14/x64
2026-10-01T08:28:30.0236122Z   Python3_ROOT_DIR: /opt/hostedtoolcache/Python/3.12.14/x64
2026-10-01T08:28:30.0236953Z   LD_LIBRARY_PATH: /opt/hostedtoolcache/Python/3.12.14/x64/lib
2026-10-01T08:28:30.0237327Z   OMP_NUM_THREADS: 1
2026-10-01T08:28:30.0237540Z   MKL_NUM_THREADS: 1
2026-10-01T08:28:30.0237749Z ##[endgroup]
2026-10-01T08:28:38.0880013Z ============================= test session starts ==============================
2026-10-01T08:28:38.0880803Z platform linux -- Python 3.12.14, pytest-9.1.1, pluggy-1.6.0 -- /opt/hostedtoolcache/Python/3.12.14/x64/bin/python
2026-10-01T08:28:38.0881467Z cachedir: .pytest_cache
2026-10-01T08:28:38.0881823Z rootdir: /home/runner/work/AD4DVAR-radar/AD4DVAR-radar
2026-10-01T08:28:38.0882226Z configfile: pyproject.toml
2026-10-01T08:28:40.7282450Z collecting ... collected 385 items
2026-10-01T08:28:40.7282780Z 
2026-10-01T08:28:49.0829350Z tests/test_a2_fso.py::test_current_v22_censored_weight_binds_p1_domain_and_score PASSED [  0%]
2026-10-01T08:28:54.9281313Z tests/test_a2_fso.py::test_current_v22_spatial_gate_produces_no_fso_support PASSED [  0%]
2026-10-01T08:29:00.6432077Z tests/test_a2_fso.py::test_current_v22_m0_uses_censored_and_fractional_weights PASSED [  0%]
2026-10-01T08:29:00.6502976Z tests/test_a2_fso.py::test_metric_domain_weight_detaches_fractional_typed_verification_weight PASSED [  1%]
2026-10-01T08:29:00.6574604Z tests/test_a2_fso.py::test_v4_learning_approval_binds_full_analysis_input_digest PASSED [  1%]
2026-10-01T08:29:01.0337625Z tests/test_a2_ledger_io.py::LedgerIORegressionTests::test_concurrent_recovery_returns_success_to_both_workers PASSED [  1%]
2026-10-01T08:29:02.3497890Z tests/test_a2_ledger_io.py::LedgerIORegressionTests::test_failed_receipt_insert_removes_only_new_action_directory PASSED [  1%]
2026-10-01T08:29:02.8439901Z tests/test_a2_ledger_io.py::LedgerIORegressionTests::test_operational_provenance_fsync_failure_removes_only_new_directory PASSED [  2%]
2026-10-01T08:29:03.0861144Z tests/test_a2_ledger_io.py::LedgerIORegressionTests::test_source_coverage_rechecks_deadline_inside_write_transaction PASSED [  2%]
2026-10-01T08:29:03.1278134Z tests/test_a5_io_runtime.py::A5IoRuntimeTests::test_acceptance_fd_walk_does_not_follow_a_parent_replacement PASSED [  2%]
2026-10-01T08:29:03.1325584Z tests/test_a5_io_runtime.py::A5IoRuntimeTests::test_mps_workflow_pins_the_certified_torch_version PASSED [  2%]
2026-10-01T08:29:04.9775000Z tests/test_a5_io_runtime.py::A5IoRuntimeTests::test_report_outside_inputs_is_complete_and_revalidates PASSED [  3%]
2026-10-01T08:29:06.5557204Z tests/test_a5_io_runtime.py::A5IoRuntimeTests::test_report_rejects_a_path_inside_the_artifact_tree PASSED [  3%]
2026-10-01T08:29:16.0429821Z tests/test_a5_io_runtime.py::A5IoRuntimeTests::test_report_rejects_manifest_and_artifact_aliases 
2026-10-01T08:29:16.0463090Z tests/test_a5_io_runtime.py::A5IoRuntimeTests::test_report_rejects_manifest_and_artifact_aliases PASSED [  3%]
2026-10-01T08:29:16.0522876Z tests/test_a5_io_runtime.py::A5IoRuntimeTests::test_runtime_rejects_a_fifo_replacing_a_checked_regular_file PASSED [  3%]
2026-10-01T08:29:16.0579079Z tests/test_a5_io_runtime.py::A5IoRuntimeTests::test_runtime_rejects_fifo_before_open PASSED [  4%]
2026-10-01T08:29:16.0640513Z tests/test_a5_io_runtime.py::A5IoRuntimeTests::test_runtime_rejects_unresolved_ldd_dependency PASSED [  4%]
2026-10-01T08:29:16.0697678Z tests/test_a5_io_runtime.py::A5IoRuntimeTests::test_transport_rejects_moved_grid_shape_mismatch PASSED [  4%]
2026-10-01T08:29:16.1116919Z tests/test_a5_ledger_inputs.py::A5LedgerInputTests::test_episode_listing_orders_by_utc_without_rewriting_legacy_strings PASSED [  4%]
2026-10-01T08:29:16.1170568Z tests/test_a5_ledger_inputs.py::A5LedgerInputTests::test_model_contract_rejects_non_string_annotated_field PASSED [  5%]
2026-10-01T08:29:16.1242311Z tests/test_a5_ledger_inputs.py::A5LedgerInputTests::test_operational_coverage_binding_rejects_cross_plan_and_raw_digest PASSED [  5%]
2026-10-01T08:29:16.1633749Z tests/test_a5_ledger_inputs.py::A5LedgerInputTests::test_operational_history_duplicate_is_idempotent PASSED [  5%]
2026-10-01T08:29:16.1697632Z tests/test_a5_ledger_inputs.py::A5LedgerInputTests::test_operational_plan_rejects_duplicate_single_site_time_slot PASSED [  5%]
2026-10-01T08:29:16.1767574Z tests/test_a5_ledger_inputs.py::A5LedgerInputTests::test_raw_receipt_accepts_equivalent_uppercase_trust_key PASSED [  6%]
2026-10-01T08:29:16.1824473Z tests/test_a5_loss_stats.py::A5LossAndStatisticsTests::test_classifier_joint_min_is_diagnostic_only PASSED [  6%]
2026-10-01T08:29:16.1925646Z tests/test_a5_loss_stats.py::A5LossAndStatisticsTests::test_explicit_preflight_maps_cover_exact_policy_keys 
2026-10-01T08:29:16.1953403Z tests/test_a5_loss_stats.py::A5LossAndStatisticsTests::test_explicit_preflight_maps_cover_exact_policy_keys PASSED [  6%]
2026-10-01T08:29:16.2071700Z tests/test_a5_loss_stats.py::A5LossAndStatisticsTests::test_explicit_preflight_minima_cannot_lower_policy_floors 
2026-10-01T08:29:16.2100301Z tests/test_a5_loss_stats.py::A5LossAndStatisticsTests::test_explicit_preflight_minima_cannot_lower_policy_floors PASSED [  7%]
2026-10-01T08:29:16.2162929Z tests/test_a5_loss_stats.py::A5LossAndStatisticsTests::test_preflight_brier_requirement_uses_only_proper_scores PASSED [  7%]
2026-10-01T08:29:16.2226587Z tests/test_a5_loss_stats.py::A5LossAndStatisticsTests::test_simultaneous_family_bounds_match_independent_oracle PASSED [  7%]
2026-10-01T08:29:16.2298753Z tests/test_a5_loss_stats.py::A5LossAndStatisticsTests::test_truncated_pit_matches_independent_noncentral_oracle PASSED [  7%]
2026-10-01T08:29:16.2362570Z tests/test_a5_loss_stats.py::A5LossAndStatisticsTests::test_weighted_loss_handles_fp64_weighted_extreme PASSED [  8%]
2026-10-01T08:29:16.2428803Z tests/test_a5_loss_stats.py::A5LossAndStatisticsTests::test_weighted_loss_handles_representable_weighted_value PASSED [  8%]
2026-10-01T08:29:16.2497319Z tests/test_a5_loss_stats.py::A5LossAndStatisticsTests::test_weighted_loss_masks_before_overflow_and_scalar_weight_cancels PASSED [  8%]
2026-10-01T08:29:16.2583623Z tests/test_a5_loss_stats.py::A5LossAndStatisticsTests::test_weighted_loss_promotes_accumulators_and_preserves_ad PASSED [  8%]
2026-10-01T08:29:16.2660727Z tests/test_a5_loss_stats.py::A5LossAndStatisticsTests::test_weighted_loss_rejects_unrepresentable_mathematical_result PASSED [  9%]
2026-10-01T08:29:16.2729934Z tests/test_a5_loss_stats.py::A5LossAndStatisticsTests::test_weighted_loss_zero_quality_excludes_prediction_gradient PASSED [  9%]
2026-10-01T08:29:16.3101175Z tests/test_acceptance.py::RealCaseAcceptanceTests::test_complete_matrix_is_report_only_and_content_addressed PASSED [  9%]
2026-10-01T08:29:16.3366101Z tests/test_acceptance.py::RealCaseAcceptanceTests::test_manifest_rejects_live_mode_and_reused_events PASSED [  9%]
2026-10-01T08:29:16.3638267Z tests/test_acceptance.py::RealCaseAcceptanceTests::test_product_digest_cannot_be_injected_outside_the_stage_file PASSED [ 10%]
2026-10-01T08:29:16.3981168Z tests/test_acceptance.py::RealCaseAcceptanceTests::test_relabelled_events_never_satisfy_scientific_sample_size PASSED [ 10%]
2026-10-01T08:29:16.4260324Z tests/test_acceptance.py::RealCaseAcceptanceTests::test_sample_size_requirement_is_replayed_from_the_typed_preflight PASSED [ 10%]
2026-10-01T08:29:16.4329810Z tests/test_contract_registry.py::ContractRegistryTests::test_current_package_explicitly_rejects_operational_deployment PASSED [ 10%]
2026-10-01T08:29:16.4402959Z tests/test_contract_registry.py::ContractRegistryTests::test_readme_capability_table_is_generated_from_registry PASSED [ 11%]
2026-10-01T08:29:16.4442558Z tests/test_contract_registry.py::ContractRegistryTests::test_registry_is_a_small_runtime_generation_authority 
2026-10-01T08:29:16.4476028Z tests/test_contract_registry.py::ContractRegistryTests::test_registry_is_a_small_runtime_generation_authority PASSED [ 11%]
2026-10-01T08:29:16.4545528Z tests/test_contract_registry.py::ContractRegistryTests::test_runtime_current_generations_are_registry_derived PASSED [ 11%]
2026-10-01T08:29:16.4617774Z tests/test_fv_analytic_oracle.py::test_pointwise_translation_uses_departure_coordinates PASSED [ 11%]
2026-10-01T08:29:16.4684468Z tests/test_fv_analytic_oracle.py::test_pointwise_rotation_has_inverse_characteristic_sign PASSED [ 12%]
2026-10-01T08:29:16.4978069Z tests/test_fv_analytic_oracle.py::test_cell_averages_match_independent_midpoint_integration PASSED [ 12%]
2026-10-01T08:29:16.5054010Z tests/test_fv_analytic_oracle.py::test_growth_multiplies_echo_and_zero_time_is_identity PASSED [ 12%]
2026-10-01T08:29:16.5199290Z tests/test_fv_analytic_oracle.py::test_face_averages_match_independent_fine_midpoint_quadrature PASSED [ 12%]
2026-10-01T08:29:16.5269583Z tests/test_fv_analytic_oracle.py::test_oracle_rejects_combined_flow_and_invalid_quadrature PASSED [ 13%]
2026-10-01T08:29:16.5337745Z tests/test_fv_concurrent_response.py::test_runner_and_probe_bind_the_same_sources PASSED [ 13%]
2026-10-01T08:29:16.7020430Z tests/test_fv_concurrent_response.py::test_case_archives_direction_branch_and_nominal_gradient[_small_case-archive_names0-direction_slice0-54] FAILED [ 13%]
2026-10-01T08:29:17.0063667Z tests/test_fv_concurrent_response.py::test_case_archives_direction_branch_and_nominal_gradient[_large_case-archive_names1-direction_slice1-108] FAILED [ 14%]
2026-10-01T08:29:17.0150924Z tests/test_fv_concurrent_response.py::test_runner_classifies_exit_and_source_identity_without_child_run[0-False-1.0-False-completed] PASSED [ 14%]
2026-10-01T08:29:17.0230870Z tests/test_fv_concurrent_response.py::test_runner_classifies_exit_and_source_identity_without_child_run[1-False-1.0-False-failed] PASSED [ 14%]
2026-10-01T08:29:17.0320156Z tests/test_fv_concurrent_response.py::test_runner_classifies_exit_and_source_identity_without_child_run[0-True-1.0-False-failed] PASSED [ 14%]
2026-10-01T08:29:17.0421056Z tests/test_fv_concurrent_response.py::test_runner_classifies_exit_and_source_identity_without_child_run[0-False-300.01-False-failed] PASSED [ 15%]
2026-10-01T08:29:17.0503724Z tests/test_fv_concurrent_response.py::test_runner_classifies_exit_and_source_identity_without_child_run[0-False-1.0-True-failed] PASSED [ 15%]
2026-10-01T08:29:17.1019086Z tests/test_fv_minmod_derivative_branches.py::test_equal_slope_limiter_has_one_sided_split_even_when_ad_vjp_is_consistent PASSED [ 15%]
2026-10-01T08:29:17.1398738Z tests/test_fv_minmod_derivative_branches.py::test_smooth_quadratic_profile_has_matching_one_sided_finite_differences PASSED [ 15%]
2026-10-01T08:29:17.1715890Z tests/test_fv_minmod_derivative_branches.py::test_zero_flow_at_limiter_ties_is_identity_with_identity_derivative PASSED [ 16%]
2026-10-01T08:29:17.2011174Z tests/test_fv_numerical_range.py::test_stationary_minimum_subnormal_and_its_derivative_are_preserved[donorcell-dtype0] PASSED [ 16%]
2026-10-01T08:29:17.2300768Z tests/test_fv_numerical_range.py::test_stationary_minimum_subnormal_and_its_derivative_are_preserved[donorcell-dtype1] PASSED [ 16%]
2026-10-01T08:29:17.2659989Z tests/test_fv_numerical_range.py::test_stationary_minimum_subnormal_and_its_derivative_are_preserved[minmod-dtype0] PASSED [ 16%]
2026-10-01T08:29:17.3017514Z tests/test_fv_numerical_range.py::test_stationary_minimum_subnormal_and_its_derivative_are_preserved[minmod-dtype1] PASSED [ 17%]
2026-10-01T08:29:17.3124418Z tests/test_fv_numerical_range.py::test_tiny_boundary_is_amplified_before_transport_rounding[donorcell-dtype0-80.0] PASSED [ 17%]
2026-10-01T08:29:17.3229046Z tests/test_fv_numerical_range.py::test_tiny_boundary_is_amplified_before_transport_rounding[donorcell-dtype1-700.0] PASSED [ 17%]
2026-10-01T08:29:17.3340090Z tests/test_fv_numerical_range.py::test_tiny_boundary_is_amplified_before_transport_rounding[minmod-dtype0-80.0] PASSED [ 17%]
2026-10-01T08:29:17.3448900Z tests/test_fv_numerical_range.py::test_tiny_boundary_is_amplified_before_transport_rounding[minmod-dtype1-700.0] PASSED [ 18%]
2026-10-01T08:29:17.3554932Z tests/test_fv_numerical_range.py::test_large_decaying_boundary_has_finite_transformed_budget[donorcell] PASSED [ 18%]
2026-10-01T08:29:17.3665995Z tests/test_fv_numerical_range.py::test_large_decaying_boundary_has_finite_transformed_budget[minmod] PASSED [ 18%]
2026-10-01T08:29:17.3762675Z tests/test_fv_numerical_range.py::test_unrepresentable_transformed_budget_is_explicitly_rejected PASSED [ 18%]
2026-10-01T08:29:17.3863197Z tests/test_fv_numerical_range.py::test_large_growing_boundary_is_transported_before_scaling_when_needed[donorcell] PASSED [ 19%]
2026-10-01T08:29:17.3965272Z tests/test_fv_numerical_range.py::test_large_growing_boundary_is_transported_before_scaling_when_needed[minmod] PASSED [ 19%]
2026-10-01T08:29:17.4067227Z tests/test_fv_numerical_range.py::test_decay_transformed_inflow_retains_tiny_boundary[dtype0--80.0] PASSED [ 19%]
2026-10-01T08:29:17.4166892Z tests/test_fv_numerical_range.py::test_decay_transformed_inflow_retains_tiny_boundary[dtype1--700.0] PASSED [ 20%]
2026-10-01T08:29:17.4275123Z tests/test_fv_numerical_range.py::test_growth_branch_has_the_analytic_first_and_second_derivatives[-1e-08-donorcell] PASSED [ 20%]
2026-10-01T08:29:17.4385194Z tests/test_fv_numerical_range.py::test_growth_branch_has_the_analytic_first_and_second_derivatives[-1e-08-minmod] PASSED [ 20%]
2026-10-01T08:29:17.4490660Z tests/test_fv_numerical_range.py::test_growth_branch_has_the_analytic_first_and_second_derivatives[0.0-donorcell] PASSED [ 20%]
2026-10-01T08:29:17.4599285Z tests/test_fv_numerical_range.py::test_growth_branch_has_the_analytic_first_and_second_derivatives[0.0-minmod] PASSED [ 21%]
2026-10-01T08:29:17.4709023Z tests/test_fv_numerical_range.py::test_growth_branch_has_the_analytic_first_and_second_derivatives[1e-08-donorcell] PASSED [ 21%]
2026-10-01T08:29:17.4822387Z tests/test_fv_numerical_range.py::test_growth_branch_has_the_analytic_first_and_second_derivatives[1e-08-minmod] PASSED [ 21%]
2026-10-01T08:29:17.4942551Z tests/test_fv_numerical_range.py::test_zero_flux_small_growth_resolves_sub_ulp_integrating_factor PASSED [ 21%]
2026-10-01T08:29:17.5045510Z tests/test_fv_numerical_range.py::test_growth_product_uses_exp_fallback_at_small_log_boundary[-0.125] PASSED [ 22%]
2026-10-01T08:29:17.5148048Z tests/test_fv_numerical_range.py::test_growth_product_uses_exp_fallback_at_small_log_boundary[0.125] PASSED [ 22%]
2026-10-01T08:29:17.5253899Z tests/test_fv_numerical_range.py::test_large_unused_boundary_does_not_erase_tiny_inflow[-80.0-donorcell] PASSED [ 22%]
2026-10-01T08:29:17.5364150Z tests/test_fv_numerical_range.py::test_large_unused_boundary_does_not_erase_tiny_inflow[-80.0-minmod] PASSED [ 22%]
2026-10-01T08:29:17.5469612Z tests/test_fv_numerical_range.py::test_large_unused_boundary_does_not_erase_tiny_inflow[80.0-donorcell] PASSED [ 23%]
2026-10-01T08:29:17.5579973Z tests/test_fv_numerical_range.py::test_large_unused_boundary_does_not_erase_tiny_inflow[80.0-minmod] PASSED [ 23%]
2026-10-01T08:30:05.9534110Z tests/test_fv_observability.py::test_clear_and_constant_cases_have_unobservable_flow PASSED [ 23%]
2026-10-01T08:30:54.5818018Z tests/test_fv_observability.py::test_asymmetric_case_reports_local_flow_observability_without_full_rank_claim PASSED [ 23%]
2026-10-01T08:30:54.5905469Z tests/test_fv_partial_alternate_root.py::test_changed_signature_uses_measured_phi_decrease_only PASSED [ 24%]
2026-10-01T08:30:54.5993860Z tests/test_fv_partial_alternate_root.py::test_same_signature_keeps_refiners_normalized_armijo PASSED [ 24%]
2026-10-01T08:30:54.6129640Z tests/test_fv_partial_alternate_root.py::test_seed_control_is_reconstructed_from_hash_pinned_pr209_raw_trial PASSED [ 24%]
2026-10-01T08:30:54.6217610Z tests/test_fv_partial_alternate_root.py::test_corrupt_pr212_manifest_cannot_be_a_completed_numerical_refusal PASSED [ 24%]
2026-10-01T08:30:54.6332280Z tests/test_fv_partial_alternate_root.py::test_resealed_wrong_pr212_evidence_is_execution_error[seed_status] PASSED [ 25%]
2026-10-01T08:30:54.6443801Z tests/test_fv_partial_alternate_root.py::test_resealed_wrong_pr212_evidence_is_execution_error[resource_exit] PASSED [ 25%]
2026-10-01T08:30:54.6555378Z tests/test_fv_partial_alternate_root.py::test_resealed_wrong_pr212_evidence_is_execution_error[source_pin] PASSED [ 25%]
2026-10-01T08:30:54.6653849Z tests/test_fv_partial_alternate_root.py::test_archived_seed_runtime_drift_remains_rejected PASSED [ 25%]
2026-10-01T08:30:54.6746439Z tests/test_fv_partial_alternate_root.py::test_direct_probe_cannot_write_inside_either_raw_archive[archive0] PASSED [ 26%]
2026-10-01T08:30:54.6841563Z tests/test_fv_partial_alternate_root.py::test_direct_probe_cannot_write_inside_either_raw_archive[archive1] PASSED [ 26%]
2026-10-01T08:30:54.6931064Z tests/test_fv_partial_alternate_root.py::test_changed_signature_rejects_non_decrease_at_roundoff_floor PASSED [ 26%]
2026-10-01T08:30:54.7023014Z tests/test_fv_partial_alternate_root.py::test_publication_requires_true_residual_and_switch_policy_evidence PASSED [ 27%]
2026-10-01T08:30:54.7113514Z tests/test_fv_partial_alternate_root.py::test_terminal_pcg_refusal_is_a_numerical_refusal[nonconverged] PASSED [ 27%]
2026-10-01T08:30:54.7205894Z tests/test_fv_partial_alternate_root.py::test_terminal_pcg_refusal_is_a_numerical_refusal[true_residual] PASSED [ 27%]
2026-10-01T08:30:54.7295645Z tests/test_fv_partial_alternate_root.py::test_terminal_pcg_refusal_rejects_unrelated_reason_and_followup_work PASSED [ 27%]
2026-10-01T08:30:54.7386722Z tests/test_fv_partial_alternate_root.py::test_nonconverged_pcg_refusal_requires_limit_and_both_residuals[iterations-0] PASSED [ 28%]
2026-10-01T08:30:54.7478244Z tests/test_fv_partial_alternate_root.py::test_nonconverged_pcg_refusal_requires_limit_and_both_residuals[iterations-103] PASSED [ 28%]
2026-10-01T08:30:54.7570313Z tests/test_fv_partial_alternate_root.py::test_nonconverged_pcg_refusal_requires_limit_and_both_residuals[reported_relative_residual-1e-10] PASSED [ 28%]
2026-10-01T08:30:54.7662282Z tests/test_fv_partial_alternate_root.py::test_nonconverged_pcg_refusal_requires_limit_and_both_residuals[true_relative_residual-1e-10] PASSED [ 28%]
2026-10-01T08:30:54.7755049Z tests/test_fv_partial_alternate_root.py::test_terminal_known_pcg_operator_refusal_is_accepted PASSED [ 29%]
2026-10-01T08:30:54.7848750Z tests/test_fv_partial_alternate_root.py::test_publication_requires_exact_policy_for_signature_switch PASSED [ 29%]
2026-10-01T08:30:54.7946979Z tests/test_fv_partial_alternate_root.py::test_root_success_and_low_margin_are_distinct PASSED [ 29%]
2026-10-01T08:30:55.8127919Z tests/test_fv_partial_face_event_runner.py::test_runner_launches_exact_guarded_command_and_records_completion ERROR [ 29%]
2026-10-01T08:30:55.8531395Z tests/test_fv_partial_face_event_runner.py::test_runner_distinguishes_child_exception_from_nonzero_exit[1-False-child_exception] ERROR [ 30%]
2026-10-01T08:30:55.8940047Z tests/test_fv_partial_face_event_runner.py::test_runner_distinguishes_child_exception_from_nonzero_exit[2-True-child_nonzero_exit] ERROR [ 30%]
2026-10-01T08:30:55.9061785Z tests/test_fv_partial_face_event_runner.py::test_runner_rejects_stale_plan_or_source_before_guard PASSED [ 30%]
2026-10-01T08:30:55.9461039Z tests/test_fv_partial_face_event_runner.py::test_runner_refuses_nonempty_or_archive_output_directory ERROR [ 30%]
2026-10-01T08:30:55.9877253Z tests/test_fv_partial_face_event_runner.py::test_runner_marks_source_drift_after_child_as_identity_changed ERROR [ 31%]
2026-10-01T08:30:56.0270603Z tests/test_fv_partial_face_event_runner.py::test_runner_rejects_forged_child[empty_chord] ERROR [ 31%]
2026-10-01T08:30:56.0643972Z tests/test_fv_partial_face_event_runner.py::test_runner_rejects_forged_child[empty_sample] ERROR [ 31%]
2026-10-01T08:30:56.1020630Z tests/test_fv_partial_face_event_runner.py::test_runner_rejects_forged_child[forged_margin] ERROR [ 31%]
2026-10-01T08:30:56.1412399Z tests/test_fv_partial_face_event_runner.py::test_runner_rejects_forged_child[forged_comparison] ERROR [ 32%]
2026-10-01T08:30:56.3229788Z tests/test_fv_partial_face_event_runner.py::test_runner_rejects_forged_child[forged_input] ERROR [ 32%]
2026-10-01T08:30:56.3627128Z tests/test_fv_partial_face_event_runner.py::test_runner_rejects_forged_child[forged_face] ERROR [ 32%]
2026-10-01T08:30:56.4028960Z tests/test_fv_partial_face_event_runner.py::test_runner_rejects_forged_child[forged_sample_hash] ERROR [ 32%]
2026-10-01T08:30:56.4427111Z tests/test_fv_partial_face_event_runner.py::test_signature_validator_rejects_nonphysical_4x5_signature[shape] ERROR [ 33%]
2026-10-01T08:30:56.4826583Z tests/test_fv_partial_face_event_runner.py::test_signature_validator_rejects_nonphysical_4x5_signature[sign_value] ERROR [ 33%]
2026-10-01T08:30:56.4963523Z tests/test_fv_point_3h_response_policy.py::test_current_strict_branch_refuses_response_but_forward_passes PASSED [ 33%]
2026-10-01T08:30:56.5131088Z tests/test_fv_point_3h_response_policy.py::test_resealed_child_cannot_change_response_support_decision[branch_passed] PASSED [ 34%]
2026-10-01T08:30:56.5295765Z tests/test_fv_point_3h_response_policy.py::test_resealed_child_cannot_change_response_support_decision[false_response] PASSED [ 34%]
2026-10-01T08:30:56.5517882Z tests/test_fv_point_3h_response_policy.py::test_resealed_child_cannot_change_response_support_decision[resource_exit] PASSED [ 34%]
2026-10-01T08:30:56.5684543Z tests/test_fv_point_3h_response_policy.py::test_resealed_child_cannot_change_response_support_decision[forward_failed] PASSED [ 34%]
2026-10-01T08:30:56.5851872Z tests/test_fv_point_3h_response_policy.py::test_resealed_child_cannot_change_response_support_decision[wrong_stage] PASSED [ 35%]
2026-10-01T08:30:56.6018741Z tests/test_fv_point_3h_response_policy.py::test_resealed_child_cannot_change_response_support_decision[wrong_input] PASSED [ 35%]
2026-10-01T08:30:56.6186999Z tests/test_fv_point_3h_response_policy.py::test_resealed_child_cannot_change_response_support_decision[resource_sidecar] PASSED [ 35%]
2026-10-01T08:30:56.6353909Z tests/test_fv_point_3h_response_policy.py::test_resealed_child_cannot_change_response_support_decision[source_aggregate] PASSED [ 35%]
2026-10-01T08:30:56.6516208Z tests/test_fv_point_3h_response_policy.py::test_raw_manifest_path_escape_is_refused_even_if_resealed PASSED [ 36%]
2026-10-01T08:30:57.0903885Z tests/test_fv_point_missing.py::test_single_valid_point_uses_singleton_correlation_and_ignores_missing_payload PASSED [ 36%]
2026-10-01T08:30:57.2125278Z tests/test_fv_point_missing.py::test_time_varying_masks_match_per_time_principal_submatrices PASSED [ 36%]
2026-10-01T08:31:01.9957654Z tests/test_fv_point_missing.py::test_missing_payload_has_zero_objective_and_mixed_derivatives_and_no_forecast_effect PASSED [ 36%]
2026-10-01T08:31:02.2023061Z tests/test_fv_point_missing.py::test_active_observation_range_is_checked_but_missing_payload_may_match PASSED [ 37%]
2026-10-01T08:31:02.2134181Z tests/test_fv_point_missing.py::test_status_contract_rejects_invalid_layout_or_unsupported_codes[dtype] PASSED [ 37%]
2026-10-01T08:31:02.2242788Z tests/test_fv_point_missing.py::test_status_contract_rejects_invalid_layout_or_unsupported_codes[shape] PASSED [ 37%]
2026-10-01T08:31:02.2352164Z tests/test_fv_point_missing.py::test_status_contract_rejects_invalid_layout_or_unsupported_codes[unknown] PASSED [ 37%]
2026-10-01T08:31:02.2460910Z tests/test_fv_point_missing.py::test_status_contract_rejects_invalid_layout_or_unsupported_codes[censored] PASSED [ 38%]
2026-10-01T08:31:02.2570345Z tests/test_fv_point_missing.py::test_every_frame_requires_at_least_one_detected_point[status0] PASSED [ 38%]
2026-10-01T08:31:02.2684885Z tests/test_fv_point_missing.py::test_missing_stored_values_must_use_canonical_minimum_dbz PASSED [ 38%]
2026-10-01T08:31:02.3158746Z tests/test_fv_point_missing.py::test_missing_mask_and_cached_subset_whiteners_are_bound_to_identity PASSED [ 38%]
2026-10-01T08:31:02.4440344Z tests/test_fv_point_missing.py::test_point_permutation_carries_status_data_and_correlation PASSED [ 39%]
2026-10-01T08:31:03.6981311Z tests/test_fv_point_missing.py::test_all_detected_status_matches_legacy_none_contract PASSED [ 39%]
2026-10-01T08:31:03.7107734Z tests/test_fv_point_nominal_runner.py::test_guard_classifies_execution_and_numerical_status[nominal_stationarity-None-completed] PASSED [ 39%]
2026-10-01T08:31:03.7231860Z tests/test_fv_point_nominal_runner.py::test_guard_classifies_execution_and_numerical_status[refused-None-completed] PASSED [ 40%]
2026-10-01T08:31:03.7355284Z tests/test_fv_point_nominal_runner.py::test_guard_classifies_execution_and_numerical_status[refused-resource_limit-failed] PASSED [ 40%]
2026-10-01T08:31:03.7478409Z tests/test_fv_point_nominal_runner.py::test_guard_classifies_execution_and_numerical_status[refused-wrong_exit-failed] PASSED [ 40%]
2026-10-01T08:31:03.7600406Z tests/test_fv_point_nominal_runner.py::test_guard_classifies_execution_and_numerical_status[refused-missing_identity-failed] PASSED [ 40%]
2026-10-01T08:31:03.7727560Z tests/test_fv_point_nominal_runner.py::test_guard_classifies_execution_and_numerical_status[refused-wrong_pid-failed] PASSED [ 41%]
2026-10-01T08:31:03.7854425Z tests/test_fv_point_nominal_runner.py::test_guard_classifies_execution_and_numerical_status[refused-wall_overrun-failed] PASSED [ 41%]
2026-10-01T08:31:04.3519817Z tests/test_fv_point_research_correlation.py::test_correlated_objective_matches_analytic_two_point_whitening_and_data_gradient PASSED [ 41%]
2026-10-01T08:31:04.3907507Z tests/test_fv_point_research_correlation.py::test_correlation_changes_fixed_problem_identity PASSED [ 41%]
2026-10-01T08:31:04.4100754Z tests/test_fv_point_research_correlation.py::test_correlation_cannot_change_after_whitener_is_frozen PASSED [ 42%]
2026-10-01T08:31:04.4290610Z tests/test_fv_point_research_correlation.py::test_cached_whitener_cannot_change_without_invalidating_objective PASSED [ 42%]
2026-10-01T08:31:04.9651696Z tests/test_fv_point_research_correlation.py::test_default_objective_retains_diagonal_pseudohuber_contract PASSED [ 42%]
2026-10-01T08:31:05.4848387Z tests/test_fv_point_research_correlation.py::test_point_reordering_with_correlation_permutation_preserves_robust_cost PASSED [ 42%]
2026-10-01T08:31:06.0050286Z tests/test_fv_point_research_correlation.py::test_roundoff_asymmetry_is_interpreted_by_a_symmetric_matrix PASSED [ 43%]
2026-10-01T08:31:06.0184371Z tests/test_fv_point_research_correlation.py::test_problem_rejects_invalid_observation_correlation[shape] PASSED [ 43%]
2026-10-01T08:31:06.0309326Z tests/test_fv_point_research_correlation.py::test_problem_rejects_invalid_observation_correlation[dtype] PASSED [ 43%]
2026-10-01T08:31:06.0433143Z tests/test_fv_point_research_correlation.py::test_problem_rejects_invalid_observation_correlation[requires_grad] PASSED [ 43%]
2026-10-01T08:31:06.0582272Z tests/test_fv_point_research_correlation.py::test_problem_rejects_invalid_observation_correlation[asymmetric] PASSED [ 44%]
2026-10-01T08:31:06.0707065Z tests/test_fv_point_research_correlation.py::test_problem_rejects_invalid_observation_correlation[diagonal] PASSED [ 44%]
2026-10-01T08:31:06.0830488Z tests/test_fv_point_research_correlation.py::test_problem_rejects_invalid_observation_correlation[singular] PASSED [ 44%]
2026-10-01T08:31:06.0965184Z tests/test_fv_point_research_correlation.py::test_problem_rejects_invalid_observation_correlation[near_singular] PASSED [ 44%]
2026-10-01T08:31:06.7545552Z tests/test_fv_point_terminal_newton.py::test_pinned_last_accepted_endpoint_matches_current_fixed_problem PASSED [ 45%]
2026-10-01T08:31:06.7680265Z tests/test_fv_point_terminal_newton.py::test_terminal_runner_requires_status_specific_evidence[nominal_stationarity-None-completed] PASSED [ 45%]
2026-10-01T08:31:06.7810918Z tests/test_fv_point_terminal_newton.py::test_terminal_runner_requires_status_specific_evidence[seed_curvature_refused-None-completed] PASSED [ 45%]
2026-10-01T08:31:06.7943135Z tests/test_fv_point_terminal_newton.py::test_terminal_runner_requires_status_specific_evidence[newton_refused-None-completed] PASSED [ 45%]
2026-10-01T08:31:06.8079659Z tests/test_fv_point_terminal_newton.py::test_terminal_runner_requires_status_specific_evidence[seed_curvature_refused-wrong_exit-failed] PASSED [ 46%]
2026-10-01T08:31:06.8217446Z tests/test_fv_point_terminal_newton.py::test_terminal_runner_requires_status_specific_evidence[seed_curvature_refused-wall_overrun-failed] PASSED [ 46%]
2026-10-01T08:31:06.8353864Z tests/test_fv_point_terminal_newton.py::test_terminal_runner_requires_status_specific_evidence[nominal_stationarity-missing_final_curvature-failed] PASSED [ 46%]
2026-10-01T08:31:06.8485855Z tests/test_fv_point_terminal_newton.py::test_terminal_runner_requires_status_specific_evidence[nominal_stationarity-branch_mismatch-failed] PASSED [ 47%]
2026-10-01T08:31:06.8618852Z tests/test_fv_point_terminal_newton.py::test_terminal_runner_requires_status_specific_evidence[nominal_stationarity-source_drift-failed] PASSED [ 47%]
2026-10-01T08:31:06.8750687Z tests/test_fv_point_terminal_newton.py::test_terminal_runner_requires_status_specific_evidence[nominal_stationarity-source_map_drift-failed] PASSED [ 47%]
2026-10-01T08:31:06.8886859Z tests/test_fv_point_terminal_newton.py::test_terminal_runner_requires_status_specific_evidence[nominal_stationarity-plan_hash_drift-failed] PASSED [ 47%]
2026-10-01T08:31:07.6434807Z tests/test_fv_research_multilead.py::test_multilead_layout_forecast_and_score_are_per_lead_mean FAILED [ 48%]
2026-10-01T08:31:10.8846026Z tests/test_fv_research_multilead.py::test_multilead_score_control_jvp_matches_stable_central_differences PASSED [ 48%]
2026-10-01T08:31:10.8976691Z tests/test_fv_research_multilead.py::test_multilead_contract_rejects_horizon_shape_and_schedule_mismatches[horizon] PASSED [ 48%]
2026-10-01T08:31:10.9104294Z tests/test_fv_research_multilead.py::test_multilead_contract_rejects_horizon_shape_and_schedule_mismatches[verification] PASSED [ 48%]
2026-10-01T08:31:10.9240633Z tests/test_fv_research_multilead.py::test_multilead_contract_rejects_horizon_shape_and_schedule_mismatches[future_schedule] PASSED [ 49%]
2026-10-01T08:31:10.9850350Z tests/test_fv_research_multilead.py::test_uniform_zero_face_trajectory_applies_signed_growth_once_per_interval[-0.008] PASSED [ 49%]
2026-10-01T08:31:11.0419321Z tests/test_fv_research_multilead.py::test_uniform_zero_face_trajectory_applies_signed_growth_once_per_interval[0.0] PASSED [ 49%]
2026-10-01T08:31:11.1013308Z tests/test_fv_research_multilead.py::test_uniform_zero_face_trajectory_applies_signed_growth_once_per_interval[0.008] PASSED [ 49%]
2026-10-01T08:31:11.1152519Z tests/test_fv_response_job_lifecycle.py::test_same_directory_second_coordinator_is_busy_before_worker PASSED [ 50%]
2026-10-01T08:31:14.2899229Z tests/test_fv_response_job_lifecycle.py::test_same_host_lock_blocks_another_process_then_releases PASSED [ 50%]
2026-10-01T08:31:14.3040345Z tests/test_fv_response_job_lifecycle.py::test_parent_path_aliases_contend_on_one_job_lock PASSED [ 50%]
2026-10-01T08:31:14.3180638Z tests/test_fv_response_job_lifecycle.py::test_job_lock_releases_after_exception_and_rejects_symlinks PASSED [ 50%]
2026-10-01T08:31:14.3322834Z tests/test_fv_response_job_lifecycle.py::test_cancellation_token_serializes_publication PASSED [ 51%]
2026-10-01T08:31:14.5242154Z tests/test_fv_response_job_lifecycle.py::test_legacy_worker_validation_does_not_require_attempt_metadata FAILED [ 51%]
2026-10-01T08:31:14.5897650Z tests/test_fv_response_job_lifecycle.py::test_cancellation_during_locked_publish_waits_and_cannot_retract PASSED [ 51%]
2026-10-01T08:31:14.7813663Z tests/test_fv_response_job_lifecycle.py::test_finished_worker_publishes_only_after_reap_and_validation FAILED [ 51%]
2026-10-01T08:31:14.7953357Z tests/test_fv_response_job_lifecycle.py::test_parent_directory_fsync_failure_prevents_worker_launch PASSED [ 52%]
2026-10-01T08:31:14.9993199Z tests/test_fv_response_job_lifecycle.py::test_attempt_artifact_mutation_after_validation_blocks_publication[raw] FAILED [ 52%]
2026-10-01T08:31:15.1937057Z tests/test_fv_response_job_lifecycle.py::test_attempt_artifact_mutation_after_validation_blocks_publication[manifest] FAILED [ 52%]
2026-10-01T08:31:15.4035307Z tests/test_fv_response_job_lifecycle.py::test_attempt_artifact_mutation_after_validation_blocks_publication[resource] FAILED [ 52%]
2026-10-01T08:31:15.6097992Z tests/test_fv_response_job_lifecycle.py::test_attempt_manifest_commit_failure_prevents_worker_launch FAILED [ 53%]
2026-10-01T08:31:15.8139350Z tests/test_fv_response_job_lifecycle.py::test_manifest_change_between_replace_and_snapshot_prevents_launch FAILED [ 53%]
2026-10-01T08:31:15.8284932Z tests/test_fv_response_job_lifecycle.py::test_publication_directory_fsync_failure_does_not_commit_token PASSED [ 53%]
2026-10-01T08:31:16.1863002Z tests/test_fv_response_job_lifecycle.py::test_cancelled_worker_with_partial_report_never_publishes FAILED [ 54%]
2026-10-01T08:31:16.3829735Z tests/test_fv_response_job_lifecycle.py::test_late_cancellation_before_publication_wins FAILED [ 54%]
2026-10-01T08:31:16.4607048Z tests/test_fv_response_job_lifecycle.py::test_pair_cancellation_is_local_and_only_success_is_published PASSED [ 54%]
2026-10-01T08:31:18.0547910Z tests/test_fv_response_job_lifecycle.py::test_worker_direct_cli_imports_from_unrelated_cwd PASSED [ 54%]
2026-10-01T08:31:18.3680617Z tests/test_fv_scaled_research_case.py::test_scaled_fixture_has_prescribed_geometry_counts_and_fixed_pattern PASSED [ 55%]
2026-10-01T08:31:18.3852966Z tests/test_fv_scaled_research_case.py::test_scaled_schedule_support_and_cfl_box_are_bounded PASSED [ 55%]
2026-10-01T08:31:18.9973884Z tests/test_fv_scaled_research_case.py::test_scaled_functions_preserve_parameter_control_layout_and_strict_branch PASSED [ 55%]
2026-10-01T08:31:19.1917795Z tests/test_fv_scaled_research_case.py::test_scaled_functions_refuse_wrong_layout_but_trace_zero_growth PASSED [ 55%]
2026-10-01T08:31:19.2085682Z tests/test_muscl_experiment.py::test_matches_independent_muscl_ssprk2_oracle_on_nonsmooth_field PASSED [ 56%]
2026-10-01T08:31:19.2255369Z tests/test_muscl_experiment.py::test_signed_nonsquare_face_fluxes_match_oracle PASSED [ 56%]
2026-10-01T08:31:19.2423294Z tests/test_muscl_experiment.py::test_streamfunction_faces_are_divergence_free_and_match_oracle PASSED [ 56%]
2026-10-01T08:31:19.2581105Z tests/test_muscl_experiment.py::test_cfl_half_preserves_finite_nonnegative_echo_at_supported_scales[dtype0-1e-20] PASSED [ 56%]
2026-10-01T08:31:19.2744770Z tests/test_muscl_experiment.py::test_cfl_half_preserves_finite_nonnegative_echo_at_supported_scales[dtype1-1.0] PASSED [ 57%]
2026-10-01T08:31:19.2900961Z tests/test_muscl_experiment.py::test_cfl_half_preserves_finite_nonnegative_echo_at_supported_scales[dtype2-1e+20] PASSED [ 57%]
2026-10-01T08:31:19.3058909Z tests/test_muscl_experiment.py::test_cfl_half_preserves_finite_nonnegative_echo_at_supported_scales[dtype3-1e-200] PASSED [ 57%]
2026-10-01T08:31:19.3214253Z tests/test_muscl_experiment.py::test_cfl_half_preserves_finite_nonnegative_echo_at_supported_scales[dtype4-1e+200] PASSED [ 57%]
2026-10-01T08:31:19.3359593Z tests/test_muscl_experiment.py::test_cfl_above_half_is_rejected PASSED   [ 58%]
2026-10-01T08:31:19.3520356Z tests/test_muscl_experiment.py::test_no_flow_constant_integrating_factor_is_exact[-0.4] PASSED [ 58%]
2026-10-01T08:31:19.3676671Z tests/test_muscl_experiment.py::test_no_flow_constant_integrating_factor_is_exact[0.0] PASSED [ 58%]
2026-10-01T08:31:19.3835961Z tests/test_muscl_experiment.py::test_no_flow_constant_integrating_factor_is_exact[0.35] PASSED [ 58%]
2026-10-01T08:31:19.4000118Z tests/test_muscl_experiment.py::test_nonzero_growth_mass_identity_uses_transformed_outflow PASSED [ 59%]
2026-10-01T08:31:19.4167471Z tests/test_muscl_experiment.py::test_zero_exterior_outflow_has_no_periodic_reentry PASSED [ 59%]
2026-10-01T08:31:19.4610673Z tests/test_muscl_experiment.py::test_q_jvp_vjp_and_finite_difference_agree_on_fixed_limiter_branches PASSED [ 59%]
2026-10-01T08:31:19.5067960Z tests/test_muscl_experiment.py::test_psi_jvp_vjp_and_finite_difference_agree_away_from_flux_sign_changes PASSED [ 60%]
2026-10-01T08:31:19.5277572Z tests/test_muscl_experiment.py::test_minmod_known_field_is_explicitly_not_additive PASSED [ 60%]
2026-10-01T08:31:19.5499780Z tests/test_muscl_multistep.py::test_three_step_composition_matches_independent_oracle_and_weighted_budget PASSED [ 60%]
2026-10-01T08:31:19.6461849Z tests/test_muscl_multistep.py::test_three_step_q_jvp_vjp_match_actual_central_difference PASSED [ 60%]
2026-10-01T08:31:19.7429693Z tests/test_muscl_multistep.py::test_three_step_psi_jvp_vjp_match_actual_central_difference PASSED [ 61%]
2026-10-01T08:31:19.8187032Z tests/test_muscl_multistep.py::test_three_step_growth_jvp_vjp_match_actual_central_difference PASSED [ 61%]
2026-10-01T08:31:19.9165738Z tests/test_muscl_multistep.py::test_zero_growth_three_step_mass_budget_residual_has_zero_derivative PASSED [ 61%]
2026-10-01T08:31:20.1635102Z tests/test_muscl_multistep.py::test_taylor_probe_classifies_limiter_crossing_before_claiming_refinement PASSED [ 61%]
2026-10-01T08:31:30.6375887Z tests/test_prior_spatial_cotangent.py::PriorSpatialCotangentTests::test_composed_quadratic_oracle_reaches_nonfirst_prior_rows 
2026-10-01T08:31:30.6461961Z tests/test_prior_spatial_cotangent.py::PriorSpatialCotangentTests::test_composed_quadratic_oracle_reaches_nonfirst_prior_rows PASSED [ 62%]
2026-10-01T08:31:31.8721020Z tests/test_prior_spatial_cotangent.py::PriorSpatialCotangentTests::test_identity_prior_and_fallback_preserve_spatial_gradient PASSED [ 62%]
2026-10-01T08:31:32.1154720Z tests/test_review_intervention.py::InterventionReviewTests::test_qc_receipt_accepts_masked_cell_std_normalization PASSED [ 62%]
2026-10-01T08:31:32.2922343Z tests/test_review_intervention.py::InterventionReviewTests::test_qc_receipt_accepts_quality_only_change_with_same_std PASSED [ 62%]
2026-10-01T08:31:32.4672650Z tests/test_review_intervention.py::InterventionReviewTests::test_qc_receipt_rejects_active_observation_std_change PASSED [ 63%]
2026-10-01T08:31:32.5109702Z tests/test_variational.py::VariationalAnalysisTests::test_ad_hot_path_has_no_boundary_validation PASSED [ 63%]
2026-10-01T08:31:32.5531926Z tests/test_variational.py::VariationalAnalysisTests::test_amplitude_fraction_is_gated_per_time PASSED [ 63%]
2026-10-01T08:31:32.5850616Z tests/test_variational.py::VariationalAnalysisTests::test_amplitude_fraction_tolerates_one_spatial_outlier PASSED [ 63%]
2026-10-01T08:31:32.5940344Z tests/test_variational.py::VariationalAnalysisTests::test_amplitude_information_thresholds_must_be_positive 
2026-10-01T08:31:32.6013735Z tests/test_variational.py::VariationalAnalysisTests::test_amplitude_information_thresholds_must_be_positive PASSED [ 64%]
2026-10-01T08:31:32.6128253Z tests/test_variational.py::VariationalAnalysisTests::test_amplitude_policy_and_confidence_thresholds_are_validated 
2026-10-01T08:31:32.6205280Z tests/test_variational.py::VariationalAnalysisTests::test_amplitude_policy_and_confidence_thresholds_are_validated PASSED [ 64%]
2026-10-01T08:31:32.6497838Z tests/test_variational.py::VariationalAnalysisTests::test_analysis_background_preserves_valid_observation PASSED [ 64%]
2026-10-01T08:31:35.1154805Z tests/test_variational.py::VariationalAnalysisTests::test_analysis_can_cross_zero_into_a_negative_remap_cell PASSED [ 64%]
2026-10-01T08:31:35.1568942Z tests/test_variational.py::VariationalAnalysisTests::test_analysis_must_improve_zero_control_reference PASSED [ 65%]
2026-10-01T08:31:35.1884604Z tests/test_variational.py::VariationalAnalysisTests::test_analysis_operator_has_gradient_above_output_cap PASSED [ 65%]
2026-10-01T08:31:35.4677914Z tests/test_variational.py::VariationalAnalysisTests::test_analysis_preserves_background_tendency_provenance PASSED [ 65%]
2026-10-01T08:31:35.5707109Z tests/test_variational.py::VariationalAnalysisTests::test_analysis_support_follows_analyzed_displacement PASSED [ 65%]
2026-10-01T08:31:35.5886031Z tests/test_variational.py::VariationalAnalysisTests::test_bilinear_quarter_weights_open_control_support PASSED [ 66%]
2026-10-01T08:31:35.6060555Z tests/test_variational.py::VariationalAnalysisTests::test_block_stationarity_is_resolution_stable PASSED [ 66%]
2026-10-01T08:31:36.9303249Z tests/test_variational.py::VariationalAnalysisTests::test_bound_learned_input_is_reentrant_and_restartable PASSED [ 66%]
2026-10-01T08:31:36.9479634Z tests/test_variational.py::VariationalAnalysisTests::test_bounded_controls_allow_inward_updates_at_saturated_baselines PASSED [ 67%]
2026-10-01T08:31:36.9738174Z tests/test_variational.py::VariationalAnalysisTests::test_causal_envelope_preserves_only_initial_anchors PASSED [ 67%]
2026-10-01T08:31:36.9910623Z tests/test_variational.py::VariationalAnalysisTests::test_causal_support_back_advects_later_detection PASSED [ 67%]
2026-10-01T08:31:37.0590199Z tests/test_variational.py::VariationalAnalysisTests::test_censored_background_is_independent_of_storage_value PASSED [ 67%]
2026-10-01T08:31:37.0886842Z tests/test_variational.py::VariationalAnalysisTests::test_censored_p1_verification_requires_precision PASSED [ 68%]
2026-10-01T08:31:37.3907563Z tests/test_variational.py::VariationalAnalysisTests::test_common_bias_contract_is_validated_and_changes_lineage 
2026-10-01T08:31:37.3998872Z tests/test_variational.py::VariationalAnalysisTests::test_common_bias_contract_is_validated_and_changes_lineage PASSED [ 68%]
2026-10-01T08:31:37.4191943Z tests/test_variational.py::VariationalAnalysisTests::test_common_bias_resources_are_estimated_without_allocation PASSED [ 68%]
2026-10-01T08:31:37.4607921Z tests/test_variational.py::VariationalAnalysisTests::test_common_bias_storage_budgets_fail_closed PASSED [ 68%]
2026-10-01T08:31:37.4892703Z tests/test_variational.py::VariationalAnalysisTests::test_common_bias_whitener_matches_dense_inverse_square_root 
2026-10-01T08:31:37.4984262Z tests/test_variational.py::VariationalAnalysisTests::test_common_bias_whitener_matches_dense_inverse_square_root PASSED [ 69%]
2026-10-01T08:31:37.5154587Z tests/test_variational.py::VariationalAnalysisTests::test_confidence_detects_bidirectional_echo_and_area_errors PASSED [ 69%]
2026-10-01T08:31:37.5443174Z tests/test_variational.py::VariationalAnalysisTests::test_constant_active_field_has_zero_smoothness_cost PASSED [ 69%]
2026-10-01T08:31:37.5796858Z tests/test_variational.py::VariationalAnalysisTests::test_continuous_violation_allows_progress_before_threshold PASSED [ 69%]
2026-10-01T08:31:37.6088672Z tests/test_variational.py::VariationalAnalysisTests::test_continuous_violation_does_not_double_weight_quality PASSED [ 70%]
2026-10-01T08:31:37.6360030Z tests/test_variational.py::VariationalAnalysisTests::test_current_metric_uncertainty_reaches_causal_and_amplitude_support PASSED [ 70%]
2026-10-01T08:31:37.7221598Z tests/test_variational.py::VariationalAnalysisTests::test_data_identifiability_reports_zero_information_without_data PASSED [ 70%]
2026-10-01T08:31:37.7649230Z tests/test_variational.py::VariationalAnalysisTests::test_default_censored_background_uses_clear_sky_floor PASSED [ 70%]
2026-10-01T08:31:37.8641549Z tests/test_variational.py::VariationalAnalysisTests::test_degraded_analysis_skips_field_conditioned_identifiability PASSED [ 71%]
2026-10-01T08:31:37.8955656Z tests/test_variational.py::VariationalAnalysisTests::test_detected_censored_and_once_whitened_residuals PASSED [ 71%]
2026-10-01T08:31:37.9359673Z tests/test_variational.py::VariationalAnalysisTests::test_effective_pixel_count_is_quality_scale_invariant PASSED [ 71%]
2026-10-01T08:31:37.9653175Z tests/test_variational.py::VariationalAnalysisTests::test_effective_pixel_threshold_can_disable_small_sample_veto PASSED [ 71%]
2026-10-01T08:31:37.9910862Z tests/test_variational.py::VariationalAnalysisTests::test_established_echo_cannot_fill_precursor_object PASSED [ 72%]
2026-10-01T08:31:38.1359629Z tests/test_variational.py::VariationalAnalysisTests::test_established_echo_excess_growth_is_diagnosed PASSED [ 72%]
2026-10-01T08:31:38.1828098Z tests/test_variational.py::VariationalAnalysisTests::test_established_echo_inside_growth_envelope_is_not_excess PASSED [ 72%]
2026-10-01T08:31:38.2009072Z tests/test_variational.py::VariationalAnalysisTests::test_exact_physical_footprint_excludes_diagonal_causal_anchor PASSED [ 72%]
2026-10-01T08:31:38.2180922Z tests/test_variational.py::VariationalAnalysisTests::test_exact_physical_footprint_excludes_diagonal_local_maximum PASSED [ 73%]
2026-10-01T08:31:38.2585989Z tests/test_variational.py::VariationalAnalysisTests::test_external_censored_background_requires_complete_coverage PASSED [ 73%]
2026-10-01T08:31:38.2866677Z tests/test_variational.py::VariationalAnalysisTests::test_field_smoothness_prior_uses_only_active_edges PASSED [ 73%]
2026-10-01T08:31:38.3150474Z tests/test_variational.py::VariationalAnalysisTests::test_field_smoothness_rejects_sheared_grid PASSED [ 74%]
2026-10-01T08:31:38.3243850Z tests/test_variational.py::VariationalAnalysisTests::test_field_smoothness_weight_must_be_nonnegative 
2026-10-01T08:31:38.3327435Z tests/test_variational.py::VariationalAnalysisTests::test_field_smoothness_weight_must_be_nonnegative PASSED [ 74%]
2026-10-01T08:31:43.2575850Z tests/test_variational.py::VariationalAnalysisTests::test_final_linearization_is_polished_to_stationarity PASSED [ 74%]
2026-10-01T08:31:43.2710212Z tests/test_variational.py::VariationalAnalysisTests::test_final_linearization_settings_are_validated 
2026-10-01T08:31:43.2799758Z tests/test_variational.py::VariationalAnalysisTests::test_final_linearization_settings_are_validated PASSED [ 74%]
2026-10-01T08:31:43.3107865Z tests/test_variational.py::VariationalAnalysisTests::test_final_linearization_tracks_remap_branch_changes PASSED [ 75%]
2026-10-01T08:31:44.8140531Z tests/test_variational.py::VariationalAnalysisTests::test_floor_precursor_uses_prior_charged_warm_start PASSED [ 75%]
2026-10-01T08:31:44.8679774Z tests/test_variational.py::VariationalAnalysisTests::test_frozen_irls_matches_true_robust_gradient PASSED [ 75%]
2026-10-01T08:31:45.0492982Z tests/test_variational.py::VariationalAnalysisTests::test_infeasible_lm_trial_is_rejected_before_evaluation PASSED [ 75%]
2026-10-01T08:31:45.0889886Z tests/test_variational.py::VariationalAnalysisTests::test_invalid_observations_use_stale_background PASSED [ 76%]
2026-10-01T08:31:45.1217050Z tests/test_variational.py::VariationalAnalysisTests::test_invalid_observations_without_background_are_unavailable PASSED [ 76%]
2026-10-01T08:31:47.3551707Z tests/test_variational.py::VariationalAnalysisTests::test_joint_analysis_reduces_manufactured_trajectory_error PASSED [ 76%]
2026-10-01T08:31:47.4942220Z tests/test_variational.py::VariationalAnalysisTests::test_later_background_does_not_expand_p1_support PASSED [ 76%]
2026-10-01T08:31:49.5430965Z tests/test_variational.py::VariationalAnalysisTests::test_later_detected_echo_is_not_published_as_clear PASSED [ 77%]
2026-10-01T08:31:49.5900730Z tests/test_variational.py::VariationalAnalysisTests::test_later_echo_opens_anchored_causal_control_support PASSED [ 77%]
2026-10-01T08:31:49.9743080Z tests/test_variational.py::VariationalAnalysisTests::test_later_pcg_failure_preserves_accepted_analysis PASSED [ 77%]
2026-10-01T08:31:49.9929332Z tests/test_variational.py::VariationalAnalysisTests::test_latest_amplitude_threshold_constructor_remains_supported PASSED [ 77%]
2026-10-01T08:31:50.0239731Z tests/test_variational.py::VariationalAnalysisTests::test_local_echo_closes_subpixel_amplitude_error PASSED [ 78%]
2026-10-01T08:31:50.0550106Z tests/test_variational.py::VariationalAnalysisTests::test_local_max_does_not_hide_integrated_echo_deficit PASSED [ 78%]
2026-10-01T08:31:50.1552034Z tests/test_variational.py::VariationalAnalysisTests::test_low_absolute_quality_cannot_hard_veto_amplitude PASSED [ 78%]
2026-10-01T08:31:50.1738971Z tests/test_variational.py::VariationalAnalysisTests::test_low_precision_frames_are_rejected_before_fft PASSED [ 78%]
2026-10-01T08:31:50.2052015Z tests/test_variational.py::VariationalAnalysisTests::test_low_quality_echo_does_not_hard_veto_amplitude PASSED [ 79%]
2026-10-01T08:31:51.0055471Z tests/test_variational.py::VariationalAnalysisTests::test_m0_sensitivity_rejects_p1_analysis_state PASSED [ 79%]
2026-10-01T08:31:51.0333335Z tests/test_variational.py::VariationalAnalysisTests::test_matching_group_preserves_two_predicted_objects PASSED [ 79%]
2026-10-01T08:31:51.0725434Z tests/test_variational.py::VariationalAnalysisTests::test_missing_initial_frame_falls_back_to_time_aware_baseline PASSED [ 80%]
2026-10-01T08:31:51.1038842Z tests/test_variational.py::VariationalAnalysisTests::test_missing_qc_rejected_and_observed_clear_are_distinct PASSED [ 80%]
2026-10-01T08:31:51.1367444Z tests/test_variational.py::VariationalAnalysisTests::test_negative_analysis_trajectory_fails_closed PASSED [ 80%]
2026-10-01T08:31:51.3357048Z tests/test_variational.py::VariationalAnalysisTests::test_neural_prior_application_requires_reproducible_inference PASSED [ 80%]
2026-10-01T08:31:53.0753680Z tests/test_variational.py::VariationalAnalysisTests::test_neural_prior_linearization_round_trips_all_prior_contracts PASSED [ 81%]
2026-10-01T08:32:01.1199211Z tests/test_variational.py::VariationalAnalysisTests::test_neural_prior_output_changes_the_actual_p1_analysis PASSED [ 81%]
2026-10-01T08:32:01.7421886Z tests/test_variational.py::VariationalAnalysisTests::test_neural_prior_support_is_clipped_or_budgeted PASSED [ 81%]
2026-10-01T08:32:01.8860176Z tests/test_variational.py::VariationalAnalysisTests::test_neural_prior_uncertainty_residual_uses_dbz_jacobian PASSED [ 81%]
2026-10-01T08:32:01.9055552Z tests/test_variational.py::VariationalAnalysisTests::test_object_count_collapse_degrades_confidence PASSED [ 82%]
2026-10-01T08:32:01.9505728Z tests/test_variational.py::VariationalAnalysisTests::test_operational_analysis_rejects_degraded_candidate PASSED [ 82%]
2026-10-01T08:32:01.9999324Z tests/test_variational.py::VariationalAnalysisTests::test_operational_analysis_rejects_saturated_dynamics PASSED [ 82%]
2026-10-01T08:32:02.0301511Z tests/test_variational.py::VariationalAnalysisTests::test_operational_analysis_requires_complete_physical_contract PASSED [ 82%]
2026-10-01T08:32:02.1395215Z tests/test_variational.py::VariationalAnalysisTests::test_operational_candidate_requires_input_bound_deployment_selection PASSED [ 83%]
2026-10-01T08:32:02.1861704Z tests/test_variational.py::VariationalAnalysisTests::test_operational_confidence_policy_falls_back_on_under_and_over 
2026-10-01T08:32:02.1974857Z tests/test_variational.py::VariationalAnalysisTests::test_operational_confidence_policy_falls_back_on_under_and_over PASSED [ 83%]
2026-10-01T08:32:02.2297512Z tests/test_variational.py::VariationalAnalysisTests::test_operational_policy_falls_back_on_insufficient_information PASSED [ 83%]
2026-10-01T08:32:02.2624360Z tests/test_variational.py::VariationalAnalysisTests::test_overlapping_common_bias_factorization_is_frozen_once PASSED [ 83%]
2026-10-01T08:32:02.2904906Z tests/test_variational.py::VariationalAnalysisTests::test_overlapping_object_footprints_share_prediction_once PASSED [ 84%]
2026-10-01T08:32:04.4313671Z tests/test_variational.py::VariationalAnalysisTests::test_p1_confidence_uses_physical_posterior_uncertainty PASSED [ 84%]
2026-10-01T08:32:04.6007745Z tests/test_variational.py::VariationalAnalysisTests::test_p1_consumes_state_head_not_truncated_probability_location PASSED [ 84%]
2026-10-01T08:32:04.6743019Z tests/test_variational.py::VariationalAnalysisTests::test_p1_latest_state_fit_does_not_certify_wrong_motion PASSED [ 84%]
2026-10-01T08:32:04.7477522Z tests/test_variational.py::VariationalAnalysisTests::test_p1_motion_fit_does_not_certify_wrong_growth PASSED [ 85%]
2026-10-01T08:32:04.9701983Z tests/test_variational.py::VariationalAnalysisTests::test_p1_run_lineage_covers_config_std_and_quality PASSED [ 85%]
2026-10-01T08:32:05.0421984Z tests/test_variational.py::VariationalAnalysisTests::test_p1_run_preserves_grid_time_contract PASSED [ 85%]
2026-10-01T08:32:05.0624447Z tests/test_variational.py::VariationalAnalysisTests::test_p1_saturation_uncertainty_grows_toward_decoder_limit PASSED [ 85%]
2026-10-01T08:32:05.0939282Z tests/test_variational.py::VariationalAnalysisTests::test_p1_verification_enforces_absolute_detected_error PASSED [ 86%]
2026-10-01T08:32:05.1252222Z tests/test_variational.py::VariationalAnalysisTests::test_p1_verification_excludes_local_latest_observation_mismatch PASSED [ 86%]
2026-10-01T08:32:05.1564028Z tests/test_variational.py::VariationalAnalysisTests::test_p1_verification_excludes_negligible_precision PASSED [ 86%]
2026-10-01T08:32:05.1884726Z tests/test_variational.py::VariationalAnalysisTests::test_p1_verification_excludes_zero_quality_observation PASSED [ 87%]
2026-10-01T08:32:07.3423484Z tests/test_variational.py::VariationalAnalysisTests::test_p1_without_physical_posterior_has_zero_confidence PASSED [ 87%]
2026-10-01T08:32:07.3830435Z tests/test_variational.py::VariationalAnalysisTests::test_pcg_failure_uses_baseline_fallback PASSED [ 87%]
2026-10-01T08:32:07.4161829Z tests/test_variational.py::VariationalAnalysisTests::test_physical_distance_settings_resolve_against_grid PASSED [ 87%]
2026-10-01T08:32:07.4289528Z tests/test_variational.py::VariationalAnalysisTests::test_physical_motion_increment_requires_positive_complete_contract 
2026-10-01T08:32:07.4389485Z tests/test_variational.py::VariationalAnalysisTests::test_physical_motion_increment_requires_positive_complete_contract PASSED [ 88%]
2026-10-01T08:32:08.8613189Z tests/test_variational.py::VariationalAnalysisTests::test_physical_radar_delta_includes_the_prior_jvp PASSED [ 88%]
2026-10-01T08:32:08.8820127Z tests/test_variational.py::VariationalAnalysisTests::test_physical_smoothness_graph_weights_anisotropic_edges PASSED [ 88%]
2026-10-01T08:32:08.9019661Z tests/test_variational.py::VariationalAnalysisTests::test_posterior_saturation_requires_uncertainty_clearance PASSED [ 88%]
2026-10-01T08:32:09.7708827Z tests/test_variational.py::VariationalAnalysisTests::test_prior_execution_digest_binds_exported_graph_and_object_state PASSED [ 89%]
2026-10-01T08:32:10.0763190Z tests/test_variational.py::VariationalAnalysisTests::test_prior_execution_digest_binds_the_actual_forward_code PASSED [ 89%]
2026-10-01T08:32:10.7584158Z tests/test_variational.py::VariationalAnalysisTests::test_prior_rejects_state_that_would_require_p1_clamping 
2026-10-01T08:32:10.7702906Z tests/test_variational.py::VariationalAnalysisTests::test_prior_rejects_state_that_would_require_p1_clamping PASSED [ 89%]
2026-10-01T08:32:10.9224198Z tests/test_variational.py::VariationalAnalysisTests::test_prior_runner_certifies_derivatives_at_the_live_input PASSED [ 89%]
2026-10-01T08:32:11.0888402Z tests/test_variational.py::VariationalAnalysisTests::test_prior_runner_preserves_spatial_uncertainty_outputs PASSED [ 90%]
2026-10-01T08:32:11.3474521Z tests/test_variational.py::VariationalAnalysisTests::test_prior_runner_rejects_caller_declared_execution_identity 
2026-10-01T08:32:11.3612066Z tests/test_variational.py::VariationalAnalysisTests::test_prior_runner_rejects_caller_declared_execution_identity PASSED [ 90%]
2026-10-01T08:32:11.4923514Z tests/test_variational.py::VariationalAnalysisTests::test_prior_runner_rejects_mutated_non_parameter_state PASSED [ 90%]
2026-10-01T08:32:11.5145056Z tests/test_variational.py::VariationalAnalysisTests::test_prior_support_threshold_changes_probability_identity PASSED [ 90%]
2026-10-01T08:32:11.5523455Z tests/test_variational.py::VariationalAnalysisTests::test_projected_velocity_control_is_isotropic_on_anisotropic_grid PASSED [ 91%]
2026-10-01T08:32:11.5860897Z tests/test_variational.py::VariationalAnalysisTests::test_public_trajectory_refreezes_stale_remap_cells PASSED [ 91%]
2026-10-01T08:32:11.7052834Z tests/test_variational.py::VariationalAnalysisTests::test_radar_dependent_prior_exposes_matching_jvp_and_vjp PASSED [ 91%]
2026-10-01T08:32:11.8518086Z tests/test_variational.py::VariationalAnalysisTests::test_radar_dependent_prior_requires_probabilistic_validity PASSED [ 91%]
2026-10-01T08:32:12.0053299Z tests/test_variational.py::VariationalAnalysisTests::test_radar_prior_total_derivative_includes_log_std PASSED [ 92%]
2026-10-01T08:32:12.0267552Z tests/test_variational.py::VariationalAnalysisTests::test_radial_velocity_control_is_rotation_equivariant PASSED [ 92%]
2026-10-01T08:32:12.0387550Z tests/test_variational.py::VariationalAnalysisTests::test_radial_velocity_control_keeps_large_controls_inside_speed_ball 
2026-10-01T08:32:12.0490469Z tests/test_variational.py::VariationalAnalysisTests::test_radial_velocity_control_keeps_large_controls_inside_speed_ball PASSED [ 92%]
2026-10-01T08:32:12.0759456Z tests/test_variational.py::VariationalAnalysisTests::test_radial_velocity_control_preserves_baseline_and_local_scale PASSED [ 92%]
2026-10-01T08:32:12.1950850Z tests/test_variational.py::VariationalAnalysisTests::test_random_and_actual_adjoint_direction_defects_fail_closed PASSED [ 93%]
2026-10-01T08:32:12.2279503Z tests/test_variational.py::VariationalAnalysisTests::test_reachability_margin_changes_sign_at_threshold PASSED [ 93%]
2026-10-01T08:32:13.1201320Z tests/test_variational.py::VariationalAnalysisTests::test_rejected_lm_trial_retries_with_more_damping PASSED [ 93%]
2026-10-01T08:32:13.2234208Z tests/test_variational.py::VariationalAnalysisTests::test_research_confidence_policy_returns_degraded_analysis PASSED [ 94%]
2026-10-01T08:32:13.3131466Z tests/test_variational.py::VariationalAnalysisTests::test_residual_derivative_and_gauss_newton_contracts PASSED [ 94%]
2026-10-01T08:32:16.0145454Z tests/test_variational.py::VariationalAnalysisTests::test_retained_linearization_owns_its_tensor_storage PASSED [ 94%]
2026-10-01T08:32:19.7021664Z tests/test_variational.py::VariationalAnalysisTests::test_returned_analysis_records_local_identifiability PASSED [ 94%]
2026-10-01T08:32:19.7277672Z tests/test_variational.py::VariationalAnalysisTests::test_saturation_uncertainty_counteracts_small_decoder_jacobian PASSED [ 95%]
2026-10-01T08:32:20.7041652Z tests/test_variational.py::VariationalAnalysisTests::test_seed_warm_start_cannot_override_zero_control_reference PASSED [ 95%]
2026-10-01T08:32:20.7695702Z tests/test_variational.py::VariationalAnalysisTests::test_small_failed_precursor_object_is_not_diluted_by_large_object PASSED [ 95%]
2026-10-01T08:32:20.7910273Z tests/test_variational.py::VariationalAnalysisTests::test_small_float32_violation_can_make_relative_progress PASSED [ 95%]
2026-10-01T08:32:20.8244465Z tests/test_variational.py::VariationalAnalysisTests::test_solver_rejects_stale_active_field_index_before_evaluation PASSED [ 96%]
2026-10-01T08:32:21.6795742Z tests/test_variational.py::VariationalAnalysisTests::test_solver_reuses_pullbacks_and_field_diagnostic_adds_two PASSED [ 96%]
2026-10-01T08:32:21.7054865Z tests/test_variational.py::VariationalAnalysisTests::test_sparse_field_gradient_cannot_hide_behind_rms PASSED [ 96%]
2026-10-01T08:32:21.8580613Z tests/test_variational.py::VariationalAnalysisTests::test_state_product_must_match_analysis_radar_product PASSED [ 96%]
2026-10-01T08:32:22.0100179Z tests/test_variational.py::VariationalAnalysisTests::test_state_qc_must_match_analysis_input PASSED [ 97%]
2026-10-01T08:32:22.1822281Z tests/test_variational.py::VariationalAnalysisTests::test_state_support_decision_probability_is_contractual PASSED [ 97%]
2026-10-01T08:32:22.3455934Z tests/test_variational.py::VariationalAnalysisTests::test_state_support_threshold_must_match_analysis_detection_limit PASSED [ 97%]
2026-10-01T08:32:22.5763840Z tests/test_variational.py::VariationalAnalysisTests::test_stochastic_and_stateful_prior_inference_fail_closed PASSED [ 97%]
2026-10-01T08:32:22.6106149Z tests/test_variational.py::VariationalAnalysisTests::test_three_observation_blocks_are_explicit PASSED [ 98%]
2026-10-01T08:32:22.6329816Z tests/test_variational.py::VariationalAnalysisTests::test_tiny_causal_tail_does_not_open_control_support PASSED [ 98%]
2026-10-01T08:32:22.6656500Z tests/test_variational.py::VariationalAnalysisTests::test_tiny_causal_tail_is_not_representable PASSED [ 98%]
2026-10-01T08:32:22.7021088Z tests/test_variational.py::VariationalAnalysisTests::test_transient_intermediate_amplitude_is_checked PASSED [ 98%]
2026-10-01T08:32:22.7357340Z tests/test_variational.py::VariationalAnalysisTests::test_transient_intermediate_echo_must_be_representable PASSED [ 99%]
2026-10-01T08:32:22.7864511Z tests/test_variational.py::VariationalAnalysisTests::test_unrepresentable_latest_echo_falls_back_to_p0 PASSED [ 99%]
2026-10-01T08:32:22.7981054Z tests/test_variational.py::VariationalAnalysisTests::test_unresolved_amplitude_fraction_must_be_bounded 
2026-10-01T08:32:22.8086764Z tests/test_variational.py::VariationalAnalysisTests::test_unresolved_amplitude_fraction_must_be_bounded PASSED [ 99%]
2026-10-01T08:32:22.8445377Z tests/test_variational.py::VariationalAnalysisTests::test_violation_merit_breaks_time_axis_maximum_ties PASSED [100%]
2026-10-01T08:32:22.8446637Z 
2026-10-01T08:32:22.8446911Z ==================================== ERRORS ====================================
2026-10-01T08:32:22.8447863Z _ ERROR at setup of test_runner_launches_exact_guarded_command_and_records_completion _
2026-10-01T08:32:22.8448506Z 
2026-10-01T08:32:22.8448697Z     @pytest.fixture(scope="module")
2026-10-01T08:32:22.8449207Z     def current_context():
2026-10-01T08:32:22.8449669Z         problem = runner._current_problem()
2026-10-01T08:32:22.8450270Z >       input_identity = runner._current_input_identity()
2026-10-01T08:32:22.8450865Z                          ^^^^^^^^^^^^^^^^^^^^^^^^^^^^^^^^
2026-10-01T08:32:22.8451228Z 
2026-10-01T08:32:22.8451467Z tests/test_fv_partial_face_event_runner.py:144: 
2026-10-01T08:32:22.8452105Z _ _ _ _ _ _ _ _ _ _ _ _ _ _ _ _ _ _ _ _ _ _ _ _ _ _ _ _ _ _ _ _ _ _ _ _ _ _ _ _ 
2026-10-01T08:32:22.8453029Z examples/weather_scenarios/fv_partial_face_event_runner.py:117: in _current_input_identity
2026-10-01T08:32:22.8453930Z     return probe.prior._preflight_identity()
2026-10-01T08:32:22.8454452Z            ^^^^^^^^^^^^^^^^^^^^^^^^^^^^^^^^^
2026-10-01T08:32:22.8455352Z _ _ _ _ _ _ _ _ _ _ _ _ _ _ _ _ _ _ _ _ _ _ _ _ _ _ _ _ _ _ _ _ _ _ _ _ _ _ _ _ 
2026-10-01T08:32:22.8455818Z 
2026-10-01T08:32:22.8456071Z     def _preflight_identity() -> dict[str, Any]:
2026-10-01T08:32:22.8457018Z         if (_sha(HISTORICAL_PREFLIGHT) != HISTORICAL_PREFLIGHT_SHA256
2026-10-01T08:32:22.8457816Z                 or _sha(HISTORICAL_MANIFEST) != HISTORICAL_MANIFEST_SHA256):
2026-10-01T08:32:22.8458686Z             raise ValueError("historical two-hole preflight or manifest changed")
2026-10-01T08:32:22.8459541Z         archived = json.loads(HISTORICAL_PREFLIGHT.read_text())
2026-10-01T08:32:22.8460176Z         current = preflight.run()
2026-10-01T08:32:22.8460930Z         if (archived["problem_identity"]["fixed_problem_sha256"] != HISTORICAL_PROBLEM_SHA256
2026-10-01T08:32:22.8462008Z                 or current["problem_identity"]["fixed_problem_sha256"] != CURRENT_PROBLEM_SHA256
2026-10-01T08:32:22.8463037Z                 or any(archived[name] != current[name] for name in COMPARED_PREFLIGHT_FIELDS)
2026-10-01T08:32:22.8463887Z                 or current.get("status") != "preflight_only"
2026-10-01T08:32:22.8464534Z                 or current.get("numerical_solver_runs") != 0):
2026-10-01T08:32:22.8465340Z >           raise ValueError("current-source two-hole input differs from declared fixed tensors")
2026-10-01T08:32:22.8466459Z E           ValueError: current-source two-hole input differs from declared fixed tensors
2026-10-01T08:32:22.8466967Z 
2026-10-01T08:32:22.8467297Z examples/weather_scenarios/fv_partial_sector_root_probe.py:105: ValueError
2026-10-01T08:32:22.8468289Z _ ERROR at setup of test_runner_distinguishes_child_exception_from_nonzero_exit[1-False-child_exception] _
2026-10-01T08:32:22.8468983Z 
2026-10-01T08:32:22.8469165Z     @pytest.fixture(scope="module")
2026-10-01T08:32:22.8469661Z     def current_context():
2026-10-01T08:32:22.8470120Z         problem = runner._current_problem()
2026-10-01T08:32:22.8470715Z >       input_identity = runner._current_input_identity()
2026-10-01T08:32:22.8471313Z                          ^^^^^^^^^^^^^^^^^^^^^^^^^^^^^^^^
2026-10-01T08:32:22.8471907Z 
2026-10-01T08:32:22.8472156Z tests/test_fv_partial_face_event_runner.py:144: 
2026-10-01T08:32:22.8472773Z _ _ _ _ _ _ _ _ _ _ _ _ _ _ _ _ _ _ _ _ _ _ _ _ _ _ _ _ _ _ _ _ _ _ _ _ _ _ _ _ 
2026-10-01T08:32:22.8473642Z examples/weather_scenarios/fv_partial_face_event_runner.py:117: in _current_input_identity
2026-10-01T08:32:22.8474507Z     return probe.prior._preflight_identity()
2026-10-01T08:32:22.8475032Z            ^^^^^^^^^^^^^^^^^^^^^^^^^^^^^^^^^
2026-10-01T08:32:22.8475579Z _ _ _ _ _ _ _ _ _ _ _ _ _ _ _ _ _ _ _ _ _ _ _ _ _ _ _ _ _ _ _ _ _ _ _ _ _ _ _ _ 
2026-10-01T08:32:22.8476004Z 
2026-10-01T08:32:22.8476205Z     def _preflight_identity() -> dict[str, Any]:
2026-10-01T08:32:22.8477071Z         if (_sha(HISTORICAL_PREFLIGHT) != HISTORICAL_PREFLIGHT_SHA256
2026-10-01T08:32:22.8477834Z                 or _sha(HISTORICAL_MANIFEST) != HISTORICAL_MANIFEST_SHA256):
2026-10-01T08:32:22.8478706Z             raise ValueError("historical two-hole preflight or manifest changed")
2026-10-01T08:32:22.8479561Z         archived = json.loads(HISTORICAL_PREFLIGHT.read_text())
2026-10-01T08:32:22.8480167Z         current = preflight.run()
2026-10-01T08:32:22.8480859Z         if (archived["problem_identity"]["fixed_problem_sha256"] != HISTORICAL_PROBLEM_SHA256
2026-10-01T08:32:22.8481881Z                 or current["problem_identity"]["fixed_problem_sha256"] != CURRENT_PROBLEM_SHA256
2026-10-01T08:32:22.8482892Z                 or any(archived[name] != current[name] for name in COMPARED_PREFLIGHT_FIELDS)
2026-10-01T08:32:22.8483722Z                 or current.get("status") != "preflight_only"
2026-10-01T08:32:22.8484335Z                 or current.get("numerical_solver_runs") != 0):
2026-10-01T08:32:22.8485171Z >           raise ValueError("current-source two-hole input differs from declared fixed tensors")
2026-10-01T08:32:22.8486233Z E           ValueError: current-source two-hole input differs from declared fixed tensors
2026-10-01T08:32:22.8487377Z 
2026-10-01T08:32:22.8487811Z examples/weather_scenarios/fv_partial_sector_root_probe.py:105: ValueError
2026-10-01T08:32:22.8488936Z _ ERROR at setup of test_runner_distinguishes_child_exception_from_nonzero_exit[2-True-child_nonzero_exit] _
2026-10-01T08:32:22.8489680Z 
2026-10-01T08:32:22.8489847Z     @pytest.fixture(scope="module")
2026-10-01T08:32:22.8490388Z     def current_context():
2026-10-01T08:32:22.8490883Z         problem = runner._current_problem()
2026-10-01T08:32:22.8491479Z >       input_identity = runner._current_input_identity()
2026-10-01T08:32:22.8492068Z                          ^^^^^^^^^^^^^^^^^^^^^^^^^^^^^^^^
2026-10-01T08:32:22.8492432Z 
2026-10-01T08:32:22.8492669Z tests/test_fv_partial_face_event_runner.py:144: 
2026-10-01T08:32:22.8493286Z _ _ _ _ _ _ _ _ _ _ _ _ _ _ _ _ _ _ _ _ _ _ _ _ _ _ _ _ _ _ _ _ _ _ _ _ _ _ _ _ 
2026-10-01T08:32:22.8494147Z examples/weather_scenarios/fv_partial_face_event_runner.py:117: in _current_input_identity
2026-10-01T08:32:22.8494998Z     return probe.prior._preflight_identity()
2026-10-01T08:32:22.8495524Z            ^^^^^^^^^^^^^^^^^^^^^^^^^^^^^^^^^
2026-10-01T08:32:22.8496086Z _ _ _ _ _ _ _ _ _ _ _ _ _ _ _ _ _ _ _ _ _ _ _ _ _ _ _ _ _ _ _ _ _ _ _ _ _ _ _ _ 
2026-10-01T08:32:22.8496753Z 
2026-10-01T08:32:22.8496984Z     def _preflight_identity() -> dict[str, Any]:
2026-10-01T08:32:22.8497657Z         if (_sha(HISTORICAL_PREFLIGHT) != HISTORICAL_PREFLIGHT_SHA256
2026-10-01T08:32:22.8498388Z                 or _sha(HISTORICAL_MANIFEST) != HISTORICAL_MANIFEST_SHA256):
2026-10-01T08:32:22.8499196Z             raise ValueError("historical two-hole preflight or manifest changed")
2026-10-01T08:32:22.8500022Z         archived = json.loads(HISTORICAL_PREFLIGHT.read_text())
2026-10-01T08:32:22.8500793Z         current = preflight.run()
2026-10-01T08:32:22.8501536Z         if (archived["problem_identity"]["fixed_problem_sha256"] != HISTORICAL_PROBLEM_SHA256
2026-10-01T08:32:22.8502575Z                 or current["problem_identity"]["fixed_problem_sha256"] != CURRENT_PROBLEM_SHA256
2026-10-01T08:32:22.8503709Z                 or any(archived[name] != current[name] for name in COMPARED_PREFLIGHT_FIELDS)
2026-10-01T08:32:22.8504509Z                 or current.get("status") != "preflight_only"
2026-10-01T08:32:22.8505154Z                 or current.get("numerical_solver_runs") != 0):
2026-10-01T08:32:22.8506033Z >           raise ValueError("current-source two-hole input differs from declared fixed tensors")
2026-10-01T08:32:22.8507411Z E           ValueError: current-source two-hole input differs from declared fixed tensors
2026-10-01T08:32:22.8508013Z 
2026-10-01T08:32:22.8508382Z examples/weather_scenarios/fv_partial_sector_root_probe.py:105: ValueError
2026-10-01T08:32:22.8509303Z __ ERROR at setup of test_runner_refuses_nonempty_or_archive_output_directory __
2026-10-01T08:32:22.8509881Z 
2026-10-01T08:32:22.8510066Z     @pytest.fixture(scope="module")
2026-10-01T08:32:22.8510569Z     def current_context():
2026-10-01T08:32:22.8511019Z         problem = runner._current_problem()
2026-10-01T08:32:22.8511610Z >       input_identity = runner._current_input_identity()
2026-10-01T08:32:22.8512206Z                          ^^^^^^^^^^^^^^^^^^^^^^^^^^^^^^^^
2026-10-01T08:32:22.8512546Z 
2026-10-01T08:32:22.8512763Z tests/test_fv_partial_face_event_runner.py:144: 
2026-10-01T08:32:22.8513357Z _ _ _ _ _ _ _ _ _ _ _ _ _ _ _ _ _ _ _ _ _ _ _ _ _ _ _ _ _ _ _ _ _ _ _ _ _ _ _ _ 
2026-10-01T08:32:22.8514227Z examples/weather_scenarios/fv_partial_face_event_runner.py:117: in _current_input_identity
2026-10-01T08:32:22.8515124Z     return probe.prior._preflight_identity()
2026-10-01T08:32:22.8515660Z            ^^^^^^^^^^^^^^^^^^^^^^^^^^^^^^^^^
2026-10-01T08:32:22.8516228Z _ _ _ _ _ _ _ _ _ _ _ _ _ _ _ _ _ _ _ _ _ _ _ _ _ _ _ _ _ _ _ _ _ _ _ _ _ _ _ _ 
2026-10-01T08:32:22.8516881Z 
2026-10-01T08:32:22.8517090Z     def _preflight_identity() -> dict[str, Any]:
2026-10-01T08:32:22.8517730Z         if (_sha(HISTORICAL_PREFLIGHT) != HISTORICAL_PREFLIGHT_SHA256
2026-10-01T08:32:22.8518661Z                 or _sha(HISTORICAL_MANIFEST) != HISTORICAL_MANIFEST_SHA256):
2026-10-01T08:32:22.8519452Z             raise ValueError("historical two-hole preflight or manifest changed")
2026-10-01T08:32:22.8520175Z         archived = json.loads(HISTORICAL_PREFLIGHT.read_text())
2026-10-01T08:32:22.8520716Z         current = preflight.run()
2026-10-01T08:32:22.8521488Z         if (archived["problem_identity"]["fixed_problem_sha256"] != HISTORICAL_PROBLEM_SHA256
2026-10-01T08:32:22.8522494Z                 or current["problem_identity"]["fixed_problem_sha256"] != CURRENT_PROBLEM_SHA256
2026-10-01T08:32:22.8523507Z                 or any(archived[name] != current[name] for name in COMPARED_PREFLIGHT_FIELDS)
2026-10-01T08:32:22.8524338Z                 or current.get("status") != "preflight_only"
2026-10-01T08:32:22.8524983Z                 or current.get("numerical_solver_runs") != 0):
2026-10-01T08:32:22.8525872Z >           raise ValueError("current-source two-hole input differs from declared fixed tensors")
2026-10-01T08:32:22.8527287Z E           ValueError: current-source two-hole input differs from declared fixed tensors
2026-10-01T08:32:22.8527934Z 
2026-10-01T08:32:22.8528337Z examples/weather_scenarios/fv_partial_sector_root_probe.py:105: ValueError
2026-10-01T08:32:22.8529314Z _ ERROR at setup of test_runner_marks_source_drift_after_child_as_identity_changed _
2026-10-01T08:32:22.8529923Z 
2026-10-01T08:32:22.8530106Z     @pytest.fixture(scope="module")
2026-10-01T08:32:22.8530592Z     def current_context():
2026-10-01T08:32:22.8531048Z         problem = runner._current_problem()
2026-10-01T08:32:22.8531636Z >       input_identity = runner._current_input_identity()
2026-10-01T08:32:22.8532227Z                          ^^^^^^^^^^^^^^^^^^^^^^^^^^^^^^^^
2026-10-01T08:32:22.8532585Z 
2026-10-01T08:32:22.8532819Z tests/test_fv_partial_face_event_runner.py:144: 
2026-10-01T08:32:22.8533452Z _ _ _ _ _ _ _ _ _ _ _ _ _ _ _ _ _ _ _ _ _ _ _ _ _ _ _ _ _ _ _ _ _ _ _ _ _ _ _ _ 
2026-10-01T08:32:22.8534512Z examples/weather_scenarios/fv_partial_face_event_runner.py:117: in _current_input_identity
2026-10-01T08:32:22.8535358Z     return probe.prior._preflight_identity()
2026-10-01T08:32:22.8535864Z            ^^^^^^^^^^^^^^^^^^^^^^^^^^^^^^^^^
2026-10-01T08:32:22.8536640Z _ _ _ _ _ _ _ _ _ _ _ _ _ _ _ _ _ _ _ _ _ _ _ _ _ _ _ _ _ _ _ _ _ _ _ _ _ _ _ _ 
2026-10-01T08:32:22.8537054Z 
2026-10-01T08:32:22.8537267Z     def _preflight_identity() -> dict[str, Any]:
2026-10-01T08:32:22.8537906Z         if (_sha(HISTORICAL_PREFLIGHT) != HISTORICAL_PREFLIGHT_SHA256
2026-10-01T08:32:22.8538649Z                 or _sha(HISTORICAL_MANIFEST) != HISTORICAL_MANIFEST_SHA256):
2026-10-01T08:32:22.8539399Z             raise ValueError("historical two-hole preflight or manifest changed")
2026-10-01T08:32:22.8540119Z         archived = json.loads(HISTORICAL_PREFLIGHT.read_text())
2026-10-01T08:32:22.8540786Z         current = preflight.run()
2026-10-01T08:32:22.8541438Z         if (archived["problem_identity"]["fixed_problem_sha256"] != HISTORICAL_PROBLEM_SHA256
2026-10-01T08:32:22.8542337Z                 or current["problem_identity"]["fixed_problem_sha256"] != CURRENT_PROBLEM_SHA256
2026-10-01T08:32:22.8543184Z                 or any(archived[name] != current[name] for name in COMPARED_PREFLIGHT_FIELDS)
2026-10-01T08:32:22.8543853Z                 or current.get("status") != "preflight_only"
2026-10-01T08:32:22.8544392Z                 or current.get("numerical_solver_runs") != 0):
2026-10-01T08:32:22.8545128Z >           raise ValueError("current-source two-hole input differs from declared fixed tensors")
2026-10-01T08:32:22.8546052Z E           ValueError: current-source two-hole input differs from declared fixed tensors
2026-10-01T08:32:22.8546854Z 
2026-10-01T08:32:22.8547106Z examples/weather_scenarios/fv_partial_sector_root_probe.py:105: ValueError
2026-10-01T08:32:22.8547637Z _______ ERROR at setup of test_runner_rejects_forged_child[empty_chord] ________
2026-10-01T08:32:22.8548154Z 
2026-10-01T08:32:22.8548268Z     @pytest.fixture(scope="module")
2026-10-01T08:32:22.8548538Z     def current_context():
2026-10-01T08:32:22.8548793Z         problem = runner._current_problem()
2026-10-01T08:32:22.8549114Z >       input_identity = runner._current_input_identity()
2026-10-01T08:32:22.8549438Z                          ^^^^^^^^^^^^^^^^^^^^^^^^^^^^^^^^
2026-10-01T08:32:22.8549627Z 
2026-10-01T08:32:22.8549763Z tests/test_fv_partial_face_event_runner.py:144: 
2026-10-01T08:32:22.8550121Z _ _ _ _ _ _ _ _ _ _ _ _ _ _ _ _ _ _ _ _ _ _ _ _ _ _ _ _ _ _ _ _ _ _ _ _ _ _ _ _ 
2026-10-01T08:32:22.8550616Z examples/weather_scenarios/fv_partial_face_event_runner.py:117: in _current_input_identity
2026-10-01T08:32:22.8551098Z     return probe.prior._preflight_identity()
2026-10-01T08:32:22.8551384Z            ^^^^^^^^^^^^^^^^^^^^^^^^^^^^^^^^^
2026-10-01T08:32:22.8551686Z _ _ _ _ _ _ _ _ _ _ _ _ _ _ _ _ _ _ _ _ _ _ _ _ _ _ _ _ _ _ _ _ _ _ _ _ _ _ _ _ 
2026-10-01T08:32:22.8551932Z 
2026-10-01T08:32:22.8552049Z     def _preflight_identity() -> dict[str, Any]:
2026-10-01T08:32:22.8552423Z         if (_sha(HISTORICAL_PREFLIGHT) != HISTORICAL_PREFLIGHT_SHA256
2026-10-01T08:32:22.8552839Z                 or _sha(HISTORICAL_MANIFEST) != HISTORICAL_MANIFEST_SHA256):
2026-10-01T08:32:22.8553302Z             raise ValueError("historical two-hole preflight or manifest changed")
2026-10-01T08:32:22.8553757Z         archived = json.loads(HISTORICAL_PREFLIGHT.read_text())
2026-10-01T08:32:22.8554109Z         current = preflight.run()
2026-10-01T08:32:22.8554512Z         if (archived["problem_identity"]["fixed_problem_sha256"] != HISTORICAL_PROBLEM_SHA256
2026-10-01T08:32:22.8555076Z                 or current["problem_identity"]["fixed_problem_sha256"] != CURRENT_PROBLEM_SHA256
2026-10-01T08:32:22.8555621Z                 or any(archived[name] != current[name] for name in COMPARED_PREFLIGHT_FIELDS)
2026-10-01T08:32:22.8556060Z                 or current.get("status") != "preflight_only"
2026-10-01T08:32:22.8556600Z                 or current.get("numerical_solver_runs") != 0):
2026-10-01T08:32:22.8557211Z >           raise ValueError("current-source two-hole input differs from declared fixed tensors")
2026-10-01T08:32:22.8557815Z E           ValueError: current-source two-hole input differs from declared fixed tensors
2026-10-01T08:32:22.8558147Z 
2026-10-01T08:32:22.8558355Z examples/weather_scenarios/fv_partial_sector_root_probe.py:105: ValueError
2026-10-01T08:32:22.8558854Z _______ ERROR at setup of test_runner_rejects_forged_child[empty_sample] _______
2026-10-01T08:32:22.8559161Z 
2026-10-01T08:32:22.8559265Z     @pytest.fixture(scope="module")
2026-10-01T08:32:22.8559531Z     def current_context():
2026-10-01T08:32:22.8559776Z         problem = runner._current_problem()
2026-10-01T08:32:22.8560097Z >       input_identity = runner._current_input_identity()
2026-10-01T08:32:22.8560415Z                          ^^^^^^^^^^^^^^^^^^^^^^^^^^^^^^^^
2026-10-01T08:32:22.8560602Z 
2026-10-01T08:32:22.8560735Z tests/test_fv_partial_face_event_runner.py:144: 
2026-10-01T08:32:22.8561081Z _ _ _ _ _ _ _ _ _ _ _ _ _ _ _ _ _ _ _ _ _ _ _ _ _ _ _ _ _ _ _ _ _ _ _ _ _ _ _ _ 
2026-10-01T08:32:22.8561568Z examples/weather_scenarios/fv_partial_face_event_runner.py:117: in _current_input_identity
2026-10-01T08:32:22.8562055Z     return probe.prior._preflight_identity()
2026-10-01T08:32:22.8562346Z            ^^^^^^^^^^^^^^^^^^^^^^^^^^^^^^^^^
2026-10-01T08:32:22.8562654Z _ _ _ _ _ _ _ _ _ _ _ _ _ _ _ _ _ _ _ _ _ _ _ _ _ _ _ _ _ _ _ _ _ _ _ _ _ _ _ _ 
2026-10-01T08:32:22.8562893Z 
2026-10-01T08:32:22.8563010Z     def _preflight_identity() -> dict[str, Any]:
2026-10-01T08:32:22.8563384Z         if (_sha(HISTORICAL_PREFLIGHT) != HISTORICAL_PREFLIGHT_SHA256
2026-10-01T08:32:22.8563805Z                 or _sha(HISTORICAL_MANIFEST) != HISTORICAL_MANIFEST_SHA256):
2026-10-01T08:32:22.8564265Z             raise ValueError("historical two-hole preflight or manifest changed")
2026-10-01T08:32:22.8564721Z         archived = json.loads(HISTORICAL_PREFLIGHT.read_text())
2026-10-01T08:32:22.8565193Z         current = preflight.run()
2026-10-01T08:32:22.8565598Z         if (archived["problem_identity"]["fixed_problem_sha256"] != HISTORICAL_PROBLEM_SHA256
2026-10-01T08:32:22.8566161Z                 or current["problem_identity"]["fixed_problem_sha256"] != CURRENT_PROBLEM_SHA256
2026-10-01T08:32:22.8566891Z                 or any(archived[name] != current[name] for name in COMPARED_PREFLIGHT_FIELDS)
2026-10-01T08:32:22.8567337Z                 or current.get("status") != "preflight_only"
2026-10-01T08:32:22.8567685Z                 or current.get("numerical_solver_runs") != 0):
2026-10-01T08:32:22.8568164Z >           raise ValueError("current-source two-hole input differs from declared fixed tensors")
2026-10-01T08:32:22.8568754Z E           ValueError: current-source two-hole input differs from declared fixed tensors
2026-10-01T08:32:22.8569086Z 
2026-10-01T08:32:22.8569299Z examples/weather_scenarios/fv_partial_sector_root_probe.py:105: ValueError
2026-10-01T08:32:22.8569832Z ______ ERROR at setup of test_runner_rejects_forged_child[forged_margin] _______
2026-10-01T08:32:22.8570133Z 
2026-10-01T08:32:22.8570239Z     @pytest.fixture(scope="module")
2026-10-01T08:32:22.8570502Z     def current_context():
2026-10-01T08:32:22.8570753Z         problem = runner._current_problem()
2026-10-01T08:32:22.8571073Z >       input_identity = runner._current_input_identity()
2026-10-01T08:32:22.8571393Z                          ^^^^^^^^^^^^^^^^^^^^^^^^^^^^^^^^
2026-10-01T08:32:22.8571589Z 
2026-10-01T08:32:22.8571710Z tests/test_fv_partial_face_event_runner.py:144: 
2026-10-01T08:32:22.8572056Z _ _ _ _ _ _ _ _ _ _ _ _ _ _ _ _ _ _ _ _ _ _ _ _ _ _ _ _ _ _ _ _ _ _ _ _ _ _ _ _ 
2026-10-01T08:32:22.8572543Z examples/weather_scenarios/fv_partial_face_event_runner.py:117: in _current_input_identity
2026-10-01T08:32:22.8573027Z     return probe.prior._preflight_identity()
2026-10-01T08:32:22.8573321Z            ^^^^^^^^^^^^^^^^^^^^^^^^^^^^^^^^^
2026-10-01T08:32:22.8573627Z _ _ _ _ _ _ _ _ _ _ _ _ _ _ _ _ _ _ _ _ _ _ _ _ _ _ _ _ _ _ _ _ _ _ _ _ _ _ _ _ 
2026-10-01T08:32:22.8573874Z 
2026-10-01T08:32:22.8574116Z     def _preflight_identity() -> dict[str, Any]:
2026-10-01T08:32:22.8574493Z         if (_sha(HISTORICAL_PREFLIGHT) != HISTORICAL_PREFLIGHT_SHA256
2026-10-01T08:32:22.8574914Z                 or _sha(HISTORICAL_MANIFEST) != HISTORICAL_MANIFEST_SHA256):
2026-10-01T08:32:22.8575379Z             raise ValueError("historical two-hole preflight or manifest changed")
2026-10-01T08:32:22.8575835Z         archived = json.loads(HISTORICAL_PREFLIGHT.read_text())
2026-10-01T08:32:22.8576179Z         current = preflight.run()
2026-10-01T08:32:22.8576709Z         if (archived["problem_identity"]["fixed_problem_sha256"] != HISTORICAL_PROBLEM_SHA256
2026-10-01T08:32:22.8577269Z                 or current["problem_identity"]["fixed_problem_sha256"] != CURRENT_PROBLEM_SHA256
2026-10-01T08:32:22.8577815Z                 or any(archived[name] != current[name] for name in COMPARED_PREFLIGHT_FIELDS)
2026-10-01T08:32:22.8578256Z                 or current.get("status") != "preflight_only"
2026-10-01T08:32:22.8578601Z                 or current.get("numerical_solver_runs") != 0):
2026-10-01T08:32:22.8579077Z >           raise ValueError("current-source two-hole input differs from declared fixed tensors")
2026-10-01T08:32:22.8579669Z E           ValueError: current-source two-hole input differs from declared fixed tensors
2026-10-01T08:32:22.8579999Z 
2026-10-01T08:32:22.8580212Z examples/weather_scenarios/fv_partial_sector_root_probe.py:105: ValueError
2026-10-01T08:32:22.8580719Z ____ ERROR at setup of test_runner_rejects_forged_child[forged_comparison] _____
2026-10-01T08:32:22.8581028Z 
2026-10-01T08:32:22.8581130Z     @pytest.fixture(scope="module")
2026-10-01T08:32:22.8581386Z     def current_context():
2026-10-01T08:32:22.8581631Z         problem = runner._current_problem()
2026-10-01T08:32:22.8581958Z >       input_identity = runner._current_input_identity()
2026-10-01T08:32:22.8582407Z                          ^^^^^^^^^^^^^^^^^^^^^^^^^^^^^^^^
2026-10-01T08:32:22.8582593Z 
2026-10-01T08:32:22.8582722Z tests/test_fv_partial_face_event_runner.py:144: 
2026-10-01T08:32:22.8583063Z _ _ _ _ _ _ _ _ _ _ _ _ _ _ _ _ _ _ _ _ _ _ _ _ _ _ _ _ _ _ _ _ _ _ _ _ _ _ _ _ 
2026-10-01T08:32:22.8583552Z examples/weather_scenarios/fv_partial_face_event_runner.py:117: in _current_input_identity
2026-10-01T08:32:22.8584025Z     return probe.prior._preflight_identity()
2026-10-01T08:32:22.8584304Z            ^^^^^^^^^^^^^^^^^^^^^^^^^^^^^^^^^
2026-10-01T08:32:22.8584605Z _ _ _ _ _ _ _ _ _ _ _ _ _ _ _ _ _ _ _ _ _ _ _ _ _ _ _ _ _ _ _ _ _ _ _ _ _ _ _ _ 
2026-10-01T08:32:22.8584842Z 
2026-10-01T08:32:22.8584964Z     def _preflight_identity() -> dict[str, Any]:
2026-10-01T08:32:22.8585328Z         if (_sha(HISTORICAL_PREFLIGHT) != HISTORICAL_PREFLIGHT_SHA256
2026-10-01T08:32:22.8585740Z                 or _sha(HISTORICAL_MANIFEST) != HISTORICAL_MANIFEST_SHA256):
2026-10-01T08:32:22.8586198Z             raise ValueError("historical two-hole preflight or manifest changed")
2026-10-01T08:32:22.8586826Z         archived = json.loads(HISTORICAL_PREFLIGHT.read_text())
2026-10-01T08:32:22.8587170Z         current = preflight.run()
2026-10-01T08:32:22.8587572Z         if (archived["problem_identity"]["fixed_problem_sha256"] != HISTORICAL_PROBLEM_SHA256
2026-10-01T08:32:22.8588139Z                 or current["problem_identity"]["fixed_problem_sha256"] != CURRENT_PROBLEM_SHA256
2026-10-01T08:32:22.8588684Z                 or any(archived[name] != current[name] for name in COMPARED_PREFLIGHT_FIELDS)
2026-10-01T08:32:22.8589120Z                 or current.get("status") != "preflight_only"
2026-10-01T08:32:22.8589463Z                 or current.get("numerical_solver_runs") != 0):
2026-10-01T08:32:22.8589935Z >           raise ValueError("current-source two-hole input differs from declared fixed tensors")
2026-10-01T08:32:22.8590517Z E           ValueError: current-source two-hole input differs from declared fixed tensors
2026-10-01T08:32:22.8590853Z 
2026-10-01T08:32:22.8591061Z examples/weather_scenarios/fv_partial_sector_root_probe.py:105: ValueError
2026-10-01T08:32:22.8591739Z _______ ERROR at setup of test_runner_rejects_forged_child[forged_input] _______
2026-10-01T08:32:22.8592047Z 
2026-10-01T08:32:22.8592147Z     @pytest.fixture(scope="module")
2026-10-01T08:32:22.8592403Z     def current_context():
2026-10-01T08:32:22.8592644Z         problem = runner._current_problem()
2026-10-01T08:32:22.8592957Z >       input_identity = runner._current_input_identity()
2026-10-01T08:32:22.8593280Z                          ^^^^^^^^^^^^^^^^^^^^^^^^^^^^^^^^
2026-10-01T08:32:22.8593468Z 
2026-10-01T08:32:22.8593594Z tests/test_fv_partial_face_event_runner.py:144: 
2026-10-01T08:32:22.8593927Z _ _ _ _ _ _ _ _ _ _ _ _ _ _ _ _ _ _ _ _ _ _ _ _ _ _ _ _ _ _ _ _ _ _ _ _ _ _ _ _ 
2026-10-01T08:32:22.8594411Z examples/weather_scenarios/fv_partial_face_event_runner.py:117: in _current_input_identity
2026-10-01T08:32:22.8594882Z     return probe.prior._preflight_identity()
2026-10-01T08:32:22.8595164Z            ^^^^^^^^^^^^^^^^^^^^^^^^^^^^^^^^^
2026-10-01T08:32:22.8595469Z _ _ _ _ _ _ _ _ _ _ _ _ _ _ _ _ _ _ _ _ _ _ _ _ _ _ _ _ _ _ _ _ _ _ _ _ _ _ _ _ 
2026-10-01T08:32:22.8595704Z 
2026-10-01T08:32:22.8595824Z     def _preflight_identity() -> dict[str, Any]:
2026-10-01T08:32:22.8596184Z         if (_sha(HISTORICAL_PREFLIGHT) != HISTORICAL_PREFLIGHT_SHA256
2026-10-01T08:32:22.8596729Z                 or _sha(HISTORICAL_MANIFEST) != HISTORICAL_MANIFEST_SHA256):
2026-10-01T08:32:22.8597189Z             raise ValueError("historical two-hole preflight or manifest changed")
2026-10-01T08:32:22.8597638Z         archived = json.loads(HISTORICAL_PREFLIGHT.read_text())
2026-10-01T08:32:22.8597974Z         current = preflight.run()
2026-10-01T08:32:22.8598366Z         if (archived["problem_identity"]["fixed_problem_sha256"] != HISTORICAL_PROBLEM_SHA256
2026-10-01T08:32:22.8598925Z                 or current["problem_identity"]["fixed_problem_sha256"] != CURRENT_PROBLEM_SHA256
2026-10-01T08:32:22.8599594Z                 or any(archived[name] != current[name] for name in COMPARED_PREFLIGHT_FIELDS)
2026-10-01T08:32:22.8600036Z                 or current.get("status") != "preflight_only"
2026-10-01T08:32:22.8600382Z                 or current.get("numerical_solver_runs") != 0):
2026-10-01T08:32:22.8600855Z >           raise ValueError("current-source two-hole input differs from declared fixed tensors")
2026-10-01T08:32:22.8601439Z E           ValueError: current-source two-hole input differs from declared fixed tensors
2026-10-01T08:32:22.8601767Z 
2026-10-01T08:32:22.8601974Z examples/weather_scenarios/fv_partial_sector_root_probe.py:105: ValueError
2026-10-01T08:32:22.8602474Z _______ ERROR at setup of test_runner_rejects_forged_child[forged_face] ________
2026-10-01T08:32:22.8602779Z 
2026-10-01T08:32:22.8602881Z     @pytest.fixture(scope="module")
2026-10-01T08:32:22.8603140Z     def current_context():
2026-10-01T08:32:22.8603386Z         problem = runner._current_problem()
2026-10-01T08:32:22.8603712Z >       input_identity = runner._current_input_identity()
2026-10-01T08:32:22.8604035Z                          ^^^^^^^^^^^^^^^^^^^^^^^^^^^^^^^^
2026-10-01T08:32:22.8604223Z 
2026-10-01T08:32:22.8604350Z tests/test_fv_partial_face_event_runner.py:144: 
2026-10-01T08:32:22.8604694Z _ _ _ _ _ _ _ _ _ _ _ _ _ _ _ _ _ _ _ _ _ _ _ _ _ _ _ _ _ _ _ _ _ _ _ _ _ _ _ _ 
2026-10-01T08:32:22.8605185Z examples/weather_scenarios/fv_partial_face_event_runner.py:117: in _current_input_identity
2026-10-01T08:32:22.8605661Z     return probe.prior._preflight_identity()
2026-10-01T08:32:22.8605946Z            ^^^^^^^^^^^^^^^^^^^^^^^^^^^^^^^^^
2026-10-01T08:32:22.8606376Z _ _ _ _ _ _ _ _ _ _ _ _ _ _ _ _ _ _ _ _ _ _ _ _ _ _ _ _ _ _ _ _ _ _ _ _ _ _ _ _ 
2026-10-01T08:32:22.8606620Z 
2026-10-01T08:32:22.8606741Z     def _preflight_identity() -> dict[str, Any]:
2026-10-01T08:32:22.8607109Z         if (_sha(HISTORICAL_PREFLIGHT) != HISTORICAL_PREFLIGHT_SHA256
2026-10-01T08:32:22.8607526Z                 or _sha(HISTORICAL_MANIFEST) != HISTORICAL_MANIFEST_SHA256):
2026-10-01T08:32:22.8608112Z             raise ValueError("historical two-hole preflight or manifest changed")
2026-10-01T08:32:22.8608570Z         archived = json.loads(HISTORICAL_PREFLIGHT.read_text())
2026-10-01T08:32:22.8608911Z         current = preflight.run()
2026-10-01T08:32:22.8609312Z         if (archived["problem_identity"]["fixed_problem_sha256"] != HISTORICAL_PROBLEM_SHA256
2026-10-01T08:32:22.8609876Z                 or current["problem_identity"]["fixed_problem_sha256"] != CURRENT_PROBLEM_SHA256
2026-10-01T08:32:22.8610408Z                 or any(archived[name] != current[name] for name in COMPARED_PREFLIGHT_FIELDS)
2026-10-01T08:32:22.8610847Z                 or current.get("status") != "preflight_only"
2026-10-01T08:32:22.8611192Z                 or current.get("numerical_solver_runs") != 0):
2026-10-01T08:32:22.8611668Z >           raise ValueError("current-source two-hole input differs from declared fixed tensors")
2026-10-01T08:32:22.8612258Z E           ValueError: current-source two-hole input differs from declared fixed tensors
2026-10-01T08:32:22.8612592Z 
2026-10-01T08:32:22.8612799Z examples/weather_scenarios/fv_partial_sector_root_probe.py:105: ValueError
2026-10-01T08:32:22.8613305Z ____ ERROR at setup of test_runner_rejects_forged_child[forged_sample_hash] ____
2026-10-01T08:32:22.8613608Z 
2026-10-01T08:32:22.8613710Z     @pytest.fixture(scope="module")
2026-10-01T08:32:22.8613971Z     def current_context():
2026-10-01T08:32:22.8614217Z         problem = runner._current_problem()
2026-10-01T08:32:22.8614539Z >       input_identity = runner._current_input_identity()
2026-10-01T08:32:22.8614852Z                          ^^^^^^^^^^^^^^^^^^^^^^^^^^^^^^^^
2026-10-01T08:32:22.8615047Z 
2026-10-01T08:32:22.8615166Z tests/test_fv_partial_face_event_runner.py:144: 
2026-10-01T08:32:22.8615506Z _ _ _ _ _ _ _ _ _ _ _ _ _ _ _ _ _ _ _ _ _ _ _ _ _ _ _ _ _ _ _ _ _ _ _ _ _ _ _ _ 
2026-10-01T08:32:22.8615989Z examples/weather_scenarios/fv_partial_face_event_runner.py:117: in _current_input_identity
2026-10-01T08:32:22.8616706Z     return probe.prior._preflight_identity()
2026-10-01T08:32:22.8616989Z            ^^^^^^^^^^^^^^^^^^^^^^^^^^^^^^^^^
2026-10-01T08:32:22.8617288Z _ _ _ _ _ _ _ _ _ _ _ _ _ _ _ _ _ _ _ _ _ _ _ _ _ _ _ _ _ _ _ _ _ _ _ _ _ _ _ _ 
2026-10-01T08:32:22.8617523Z 
2026-10-01T08:32:22.8617643Z     def _preflight_identity() -> dict[str, Any]:
2026-10-01T08:32:22.8618004Z         if (_sha(HISTORICAL_PREFLIGHT) != HISTORICAL_PREFLIGHT_SHA256
2026-10-01T08:32:22.8618416Z                 or _sha(HISTORICAL_MANIFEST) != HISTORICAL_MANIFEST_SHA256):
2026-10-01T08:32:22.8618879Z             raise ValueError("historical two-hole preflight or manifest changed")
2026-10-01T08:32:22.8619325Z         archived = json.loads(HISTORICAL_PREFLIGHT.read_text())
2026-10-01T08:32:22.8619667Z         current = preflight.run()
2026-10-01T08:32:22.8620058Z         if (archived["problem_identity"]["fixed_problem_sha256"] != HISTORICAL_PROBLEM_SHA256
2026-10-01T08:32:22.8620629Z                 or current["problem_identity"]["fixed_problem_sha256"] != CURRENT_PROBLEM_SHA256
2026-10-01T08:32:22.8621214Z                 or any(archived[name] != current[name] for name in COMPARED_PREFLIGHT_FIELDS)
2026-10-01T08:32:22.8621653Z                 or current.get("status") != "preflight_only"
2026-10-01T08:32:22.8621993Z                 or current.get("numerical_solver_runs") != 0):
2026-10-01T08:32:22.8622468Z >           raise ValueError("current-source two-hole input differs from declared fixed tensors")
2026-10-01T08:32:22.8623042Z E           ValueError: current-source two-hole input differs from declared fixed tensors
2026-10-01T08:32:22.8623374Z 
2026-10-01T08:32:22.8623574Z examples/weather_scenarios/fv_partial_sector_root_probe.py:105: ValueError
2026-10-01T08:32:22.8624112Z _ ERROR at setup of test_signature_validator_rejects_nonphysical_4x5_signature[shape] _
2026-10-01T08:32:22.8624450Z 
2026-10-01T08:32:22.8624552Z     @pytest.fixture(scope="module")
2026-10-01T08:32:22.8624820Z     def current_context():
2026-10-01T08:32:22.8625067Z         problem = runner._current_problem()
2026-10-01T08:32:22.8625503Z >       input_identity = runner._current_input_identity()
2026-10-01T08:32:22.8625826Z                          ^^^^^^^^^^^^^^^^^^^^^^^^^^^^^^^^
2026-10-01T08:32:22.8626017Z 
2026-10-01T08:32:22.8626135Z tests/test_fv_partial_face_event_runner.py:144: 
2026-10-01T08:32:22.8626666Z _ _ _ _ _ _ _ _ _ _ _ _ _ _ _ _ _ _ _ _ _ _ _ _ _ _ _ _ _ _ _ _ _ _ _ _ _ _ _ _ 
2026-10-01T08:32:22.8627163Z examples/weather_scenarios/fv_partial_face_event_runner.py:117: in _current_input_identity
2026-10-01T08:32:22.8627630Z     return probe.prior._preflight_identity()
2026-10-01T08:32:22.8627907Z            ^^^^^^^^^^^^^^^^^^^^^^^^^^^^^^^^^
2026-10-01T08:32:22.8628207Z _ _ _ _ _ _ _ _ _ _ _ _ _ _ _ _ _ _ _ _ _ _ _ _ _ _ _ _ _ _ _ _ _ _ _ _ _ _ _ _ 
2026-10-01T08:32:22.8628447Z 
2026-10-01T08:32:22.8628565Z     def _preflight_identity() -> dict[str, Any]:
2026-10-01T08:32:22.8628925Z         if (_sha(HISTORICAL_PREFLIGHT) != HISTORICAL_PREFLIGHT_SHA256
2026-10-01T08:32:22.8629346Z                 or _sha(HISTORICAL_MANIFEST) != HISTORICAL_MANIFEST_SHA256):
2026-10-01T08:32:22.8629808Z             raise ValueError("historical two-hole preflight or manifest changed")
2026-10-01T08:32:22.8630252Z         archived = json.loads(HISTORICAL_PREFLIGHT.read_text())
2026-10-01T08:32:22.8630590Z         current = preflight.run()
2026-10-01T08:32:22.8630990Z         if (archived["problem_identity"]["fixed_problem_sha256"] != HISTORICAL_PROBLEM_SHA256
2026-10-01T08:32:22.8631557Z                 or current["problem_identity"]["fixed_problem_sha256"] != CURRENT_PROBLEM_SHA256
2026-10-01T08:32:22.8632092Z                 or any(archived[name] != current[name] for name in COMPARED_PREFLIGHT_FIELDS)
2026-10-01T08:32:22.8632529Z                 or current.get("status") != "preflight_only"
2026-10-01T08:32:22.8632871Z                 or current.get("numerical_solver_runs") != 0):
2026-10-01T08:32:22.8633497Z >           raise ValueError("current-source two-hole input differs from declared fixed tensors")
2026-10-01T08:32:22.8634094Z E           ValueError: current-source two-hole input differs from declared fixed tensors
2026-10-01T08:32:22.8634430Z 
2026-10-01T08:32:22.8634636Z examples/weather_scenarios/fv_partial_sector_root_probe.py:105: ValueError
2026-10-01T08:32:22.8635199Z _ ERROR at setup of test_signature_validator_rejects_nonphysical_4x5_signature[sign_value] _
2026-10-01T08:32:22.8635554Z 
2026-10-01T08:32:22.8635657Z     @pytest.fixture(scope="module")
2026-10-01T08:32:22.8635922Z     def current_context():
2026-10-01T08:32:22.8636168Z         problem = runner._current_problem()
2026-10-01T08:32:22.8636620Z >       input_identity = runner._current_input_identity()
2026-10-01T08:32:22.8636952Z                          ^^^^^^^^^^^^^^^^^^^^^^^^^^^^^^^^
2026-10-01T08:32:22.8637154Z 
2026-10-01T08:32:22.8637283Z tests/test_fv_partial_face_event_runner.py:144: 
2026-10-01T08:32:22.8637631Z _ _ _ _ _ _ _ _ _ _ _ _ _ _ _ _ _ _ _ _ _ _ _ _ _ _ _ _ _ _ _ _ _ _ _ _ _ _ _ _ 
2026-10-01T08:32:22.8638147Z examples/weather_scenarios/fv_partial_face_event_runner.py:117: in _current_input_identity
2026-10-01T08:32:22.8638626Z     return probe.prior._preflight_identity()
2026-10-01T08:32:22.8638913Z            ^^^^^^^^^^^^^^^^^^^^^^^^^^^^^^^^^
2026-10-01T08:32:22.8639217Z _ _ _ _ _ _ _ _ _ _ _ _ _ _ _ _ _ _ _ _ _ _ _ _ _ _ _ _ _ _ _ _ _ _ _ _ _ _ _ _ 
2026-10-01T08:32:22.8639456Z 
2026-10-01T08:32:22.8639580Z     def _preflight_identity() -> dict[str, Any]:
2026-10-01T08:32:22.8639951Z         if (_sha(HISTORICAL_PREFLIGHT) != HISTORICAL_PREFLIGHT_SHA256
2026-10-01T08:32:22.8640374Z                 or _sha(HISTORICAL_MANIFEST) != HISTORICAL_MANIFEST_SHA256):
2026-10-01T08:32:22.8640846Z             raise ValueError("historical two-hole preflight or manifest changed")
2026-10-01T08:32:22.8641300Z         archived = json.loads(HISTORICAL_PREFLIGHT.read_text())
2026-10-01T08:32:22.8641645Z         current = preflight.run()
2026-10-01T08:32:22.8642066Z         if (archived["problem_identity"]["fixed_problem_sha256"] != HISTORICAL_PROBLEM_SHA256
2026-10-01T08:32:22.8642763Z                 or current["problem_identity"]["fixed_problem_sha256"] != CURRENT_PROBLEM_SHA256
2026-10-01T08:32:22.8643307Z                 or any(archived[name] != current[name] for name in COMPARED_PREFLIGHT_FIELDS)
2026-10-01T08:32:22.8643754Z                 or current.get("status") != "preflight_only"
2026-10-01T08:32:22.8644101Z                 or current.get("numerical_solver_runs") != 0):
2026-10-01T08:32:22.8644590Z >           raise ValueError("current-source two-hole input differs from declared fixed tensors")
2026-10-01T08:32:22.8645174Z E           ValueError: current-source two-hole input differs from declared fixed tensors
2026-10-01T08:32:22.8645508Z 
2026-10-01T08:32:22.8645716Z examples/weather_scenarios/fv_partial_sector_root_probe.py:105: ValueError
2026-10-01T08:32:22.8646154Z =================================== FAILURES ===================================
2026-10-01T08:32:22.8646888Z _ test_case_archives_direction_branch_and_nominal_gradient[_small_case-archive_names0-direction_slice0-54] _
2026-10-01T08:32:22.8647322Z 
2026-10-01T08:32:22.8647461Z case_factory = <function _small_case at 0x7f8ddb8be160>
2026-10-01T08:32:22.8647910Z archive_names = ('minmod_middle_time_bias_final.json', 'minmod_parameter_vjp.json')
2026-10-01T08:32:22.8648392Z direction_slice = slice(20, 40, None), expected_stages = 54
2026-10-01T08:32:22.8648634Z 
2026-10-01T08:32:22.8648744Z     @pytest.mark.parametrize(
2026-10-01T08:32:22.8649099Z         ("case_factory", "archive_names", "direction_slice", "expected_stages"),
2026-10-01T08:32:22.8649468Z         [
2026-10-01T08:32:22.8649645Z             (
2026-10-01T08:32:22.8649845Z                 probe._small_case,
2026-10-01T08:32:22.8650204Z                 ("minmod_middle_time_bias_final.json", "minmod_parameter_vjp.json"),
2026-10-01T08:32:22.8650580Z                 slice(20, 40),
2026-10-01T08:32:22.8650939Z                 54,
2026-10-01T08:32:22.8651129Z             ),
2026-10-01T08:32:22.8651307Z             (
2026-10-01T08:32:22.8651503Z                 probe._large_case,
2026-10-01T08:32:22.8651800Z                 ("fv86_seed_a.json", "fv86_reanalysis.json"),
2026-10-01T08:32:22.8652103Z                 slice(80, 160),
2026-10-01T08:32:22.8652326Z                 108,
2026-10-01T08:32:22.8652520Z             ),
2026-10-01T08:32:22.8652702Z         ],
2026-10-01T08:32:22.8652873Z     )
2026-10-01T08:32:22.8653137Z     def test_case_archives_direction_branch_and_nominal_gradient(
2026-10-01T08:32:22.8653564Z         case_factory, archive_names, direction_slice, expected_stages
2026-10-01T08:32:22.8653905Z     ):
2026-10-01T08:32:22.8654092Z         for name in archive_names:
2026-10-01T08:32:22.8654446Z             assert probe._hash(probe.EVIDENCE / name) == probe.ARCHIVED[name]
2026-10-01T08:32:22.8654804Z     
2026-10-01T08:32:22.8655065Z >       problem, control, parameters, direction, _ = case_factory()
2026-10-01T08:32:22.8655434Z                                                      ^^^^^^^^^^^^^^
2026-10-01T08:32:22.8655635Z 
2026-10-01T08:32:22.8655752Z tests/test_fv_concurrent_response.py:43: 
2026-10-01T08:32:22.8656079Z _ _ _ _ _ _ _ _ _ _ _ _ _ _ _ _ _ _ _ _ _ _ _ _ _ _ _ _ _ _ _ _ _ _ _ _ _ _ _ _ 
2026-10-01T08:32:22.8656451Z 
2026-10-01T08:32:22.8656668Z     def _small_case() -> tuple[FVResearchProblem, Tensor, Tensor, Tensor, float]:
2026-10-01T08:32:22.8657117Z         saved = _archive("minmod_middle_time_bias_final.json")
2026-10-01T08:32:22.8657514Z         archived_response = _archive("minmod_parameter_vjp.json")
2026-10-01T08:32:22.8658003Z         observations, frozen, future_echo, future_support = small_fixture.make_spatial_case()
2026-10-01T08:32:22.8658505Z         future_support = cast(BoundarySchedule, future_support)
2026-10-01T08:32:22.8658941Z         control = torch.tensor(saved["nominal_control"], dtype=torch.float64)
2026-10-01T08:32:22.8659491Z         parameters = torch.cat((observations.dbz.flatten(), observations.dbz.new_tensor([0.02])))
2026-10-01T08:32:22.8660171Z         if (_bytes_hash(control) != saved["input_identity"]["control_sha256"]
2026-10-01T08:32:22.8660671Z                 or _bytes_hash(parameters) != saved["input_identity"]["parameters_sha256"]):
2026-10-01T08:32:22.8661183Z >           raise ValueError("4x5 archived stationary input identity mismatch")
2026-10-01T08:32:22.8661646Z E           ValueError: 4x5 archived stationary input identity mismatch
2026-10-01T08:32:22.8661917Z 
2026-10-01T08:32:22.8662125Z examples/weather_scenarios/fv_concurrent_response_probe.py:79: ValueError
2026-10-01T08:32:22.8662743Z _ test_case_archives_direction_branch_and_nominal_gradient[_large_case-archive_names1-direction_slice1-108] _
2026-10-01T08:32:22.8663170Z 
2026-10-01T08:32:22.8663307Z case_factory = <function _large_case at 0x7f8ddb8be200>
2026-10-01T08:32:22.8663703Z archive_names = ('fv86_seed_a.json', 'fv86_reanalysis.json')
2026-10-01T08:32:22.8664101Z direction_slice = slice(80, 160, None), expected_stages = 108
2026-10-01T08:32:22.8664350Z 
2026-10-01T08:32:22.8664455Z     @pytest.mark.parametrize(
2026-10-01T08:32:22.8664808Z         ("case_factory", "archive_names", "direction_slice", "expected_stages"),
2026-10-01T08:32:22.8665174Z         [
2026-10-01T08:32:22.8665344Z             (
2026-10-01T08:32:22.8665540Z                 probe._small_case,
2026-10-01T08:32:22.8665895Z                 ("minmod_middle_time_bias_final.json", "minmod_parameter_vjp.json"),
2026-10-01T08:32:22.8666424Z                 slice(20, 40),
2026-10-01T08:32:22.8666651Z                 54,
2026-10-01T08:32:22.8666841Z             ),
2026-10-01T08:32:22.8667019Z             (
2026-10-01T08:32:22.8667211Z                 probe._large_case,
2026-10-01T08:32:22.8667497Z                 ("fv86_seed_a.json", "fv86_reanalysis.json"),
2026-10-01T08:32:22.8667798Z                 slice(80, 160),
2026-10-01T08:32:22.8668021Z                 108,
2026-10-01T08:32:22.8668211Z             ),
2026-10-01T08:32:22.8668523Z         ],
2026-10-01T08:32:22.8668698Z     )
2026-10-01T08:32:22.8668962Z     def test_case_archives_direction_branch_and_nominal_gradient(
2026-10-01T08:32:22.8669393Z         case_factory, archive_names, direction_slice, expected_stages
2026-10-01T08:32:22.8669731Z     ):
2026-10-01T08:32:22.8669920Z         for name in archive_names:
2026-10-01T08:32:22.8670267Z             assert probe._hash(probe.EVIDENCE / name) == probe.ARCHIVED[name]
2026-10-01T08:32:22.8670623Z     
2026-10-01T08:32:22.8670882Z >       problem, control, parameters, direction, _ = case_factory()
2026-10-01T08:32:22.8671245Z                                                      ^^^^^^^^^^^^^^
2026-10-01T08:32:22.8671447Z 
2026-10-01T08:32:22.8671560Z tests/test_fv_concurrent_response.py:43: 
2026-10-01T08:32:22.8671915Z _ _ _ _ _ _ _ _ _ _ _ _ _ _ _ _ _ _ _ _ _ _ _ _ _ _ _ _ _ _ _ _ _ _ _ _ _ _ _ _ 
2026-10-01T08:32:22.8672157Z 
2026-10-01T08:32:22.8672374Z     def _large_case() -> tuple[FVResearchProblem, Tensor, Tensor, Tensor, float]:
2026-10-01T08:32:22.8672788Z         saved = _archive("fv86_seed_a.json")
2026-10-01T08:32:22.8673076Z         case = large_fixture.make_case()
2026-10-01T08:32:22.8673455Z         control = torch.tensor(saved["workflow"]["control"], dtype=torch.float64)
2026-10-01T08:32:22.8673852Z         parameters = case.parameters
2026-10-01T08:32:22.8674209Z         if (_bytes_hash(parameters) != saved["input_identity"]["parameters"]
2026-10-01T08:32:22.8674719Z                 or _bytes_hash(case.verification) != saved["input_identity"]["verification"]):
2026-10-01T08:32:22.8675253Z >           raise ValueError("8x10 archived input/verification identity mismatch")
2026-10-01T08:32:22.8675729Z E           ValueError: 8x10 archived input/verification identity mismatch
2026-10-01T08:32:22.8676008Z 
2026-10-01T08:32:22.8676344Z examples/weather_scenarios/fv_concurrent_response_probe.py:110: ValueError
2026-10-01T08:32:22.8676854Z __________ test_multilead_layout_forecast_and_score_are_per_lead_mean __________
2026-10-01T08:32:22.8677165Z 
2026-10-01T08:32:22.8677674Z multilead_case = (FVResearchProblem(observations=AnalysisObservations(dbz=tensor([[[14.7857, 14.8742, 14.9665, 15.0623, 15.1614],
2026-10-01T08:32:22.8678266Z      ...5.2259, 15.3639, 15.5012, 15.6451, 15.2326,
2026-10-01T08:32:22.8678622Z         15.3919, 15.5503, 15.7095, 15.8567,  0.0200], dtype=torch.float64))
2026-10-01T08:32:22.8678884Z 
2026-10-01T08:32:22.8679110Z     def test_multilead_layout_forecast_and_score_are_per_lead_mean(multilead_case):
2026-10-01T08:32:22.8679566Z         one, problem, control, parameters = multilead_case
2026-10-01T08:32:22.8679864Z     
2026-10-01T08:32:22.8680051Z         layout = problem.layout
2026-10-01T08:32:22.8680314Z         assert problem.leads == 2
2026-10-01T08:32:22.8680626Z         assert layout["forecast_times_seconds"] == (180.0, 240.0)
2026-10-01T08:32:22.8680993Z         assert layout["forecast_time_seconds"] == 240.0
2026-10-01T08:32:22.8681313Z         assert layout["euler_stages"] == 72
2026-10-01T08:32:22.8681577Z     
2026-10-01T08:32:22.8681805Z         forecasts = problem.forecast(control, parameters)
2026-10-01T08:32:22.8682142Z         assert forecasts.shape == (2, 4, 5)
2026-10-01T08:32:22.8682601Z         torch.testing.assert_close(forecasts[0], one.forecast(control, parameters), rtol=0, atol=0)
2026-10-01T08:32:22.8683209Z         per_lead_mse = (forecasts - problem.verification).square().flatten(1).mean(dim=1)
2026-10-01T08:32:22.8683643Z         expected = per_lead_mse.mean()
2026-10-01T08:32:22.8684087Z >       torch.testing.assert_close(problem.score(control, parameters), expected, rtol=0, atol=0)
2026-10-01T08:32:22.8684584Z E       AssertionError: Scalars are not equal!
2026-10-01T08:32:22.8684867Z E       
2026-10-01T08:32:22.8685123Z E       Expected 0.0002547534333421225 but got 0.0002547534333421226.
2026-10-01T08:32:22.8685485Z E       Absolute difference: 5.421010862427522e-20
2026-10-01T08:32:22.8685796Z E       Relative difference: 2.1279441816775618e-16
2026-10-01T08:32:22.8686129Z 
2026-10-01T08:32:22.8686429Z tests/test_fv_research_multilead.py:32: AssertionError
2026-10-01T08:32:22.8686877Z _______ test_legacy_worker_validation_does_not_require_attempt_metadata ________
2026-10-01T08:32:22.8687194Z 
2026-10-01T08:32:22.8687385Z     def test_legacy_worker_validation_does_not_require_attempt_metadata():
2026-10-01T08:32:22.8687764Z >       child = _archived_child()
2026-10-01T08:32:22.8688009Z                 ^^^^^^^^^^^^^^^^^
2026-10-01T08:32:22.8688156Z 
2026-10-01T08:32:22.8688283Z tests/test_fv_response_job_lifecycle.py:137: 
2026-10-01T08:32:22.8688624Z _ _ _ _ _ _ _ _ _ _ _ _ _ _ _ _ _ _ _ _ _ _ _ _ _ _ _ _ _ _ _ _ _ _ _ _ _ _ _ _ 
2026-10-01T08:32:22.8689032Z tests/test_fv_response_job_lifecycle.py:99: in _archived_child
2026-10-01T08:32:22.8689381Z     identity, _ = jobs._identity()
2026-10-01T08:32:22.8689625Z                   ^^^^^^^^^^^^^^^^
2026-10-01T08:32:22.8689976Z examples/weather_scenarios/fv_response_job_lifecycle.py:57: in _identity
2026-10-01T08:32:22.8690481Z     problem, control, parameters, direction, expected = shared._small_case()
2026-10-01T08:32:22.8690901Z                                                         ^^^^^^^^^^^^^^^^^^^^
2026-10-01T08:32:22.8691253Z _ _ _ _ _ _ _ _ _ _ _ _ _ _ _ _ _ _ _ _ _ _ _ _ _ _ _ _ _ _ _ _ _ _ _ _ _ _ _ _ 
2026-10-01T08:32:22.8691490Z 
2026-10-01T08:32:22.8691699Z     def _small_case() -> tuple[FVResearchProblem, Tensor, Tensor, Tensor, float]:
2026-10-01T08:32:22.8692163Z         saved = _archive("minmod_middle_time_bias_final.json")
2026-10-01T08:32:22.8692559Z         archived_response = _archive("minmod_parameter_vjp.json")
2026-10-01T08:32:22.8693055Z         observations, frozen, future_echo, future_support = small_fixture.make_spatial_case()
2026-10-01T08:32:22.8693559Z         future_support = cast(BoundarySchedule, future_support)
2026-10-01T08:32:22.8693998Z         control = torch.tensor(saved["nominal_control"], dtype=torch.float64)
2026-10-01T08:32:22.8694555Z         parameters = torch.cat((observations.dbz.flatten(), observations.dbz.new_tensor([0.02])))
2026-10-01T08:32:22.8695227Z         if (_bytes_hash(control) != saved["input_identity"]["control_sha256"]
2026-10-01T08:32:22.8695732Z                 or _bytes_hash(parameters) != saved["input_identity"]["parameters_sha256"]):
2026-10-01T08:32:22.8696357Z >           raise ValueError("4x5 archived stationary input identity mismatch")
2026-10-01T08:32:22.8696821Z E           ValueError: 4x5 archived stationary input identity mismatch
2026-10-01T08:32:22.8697091Z 
2026-10-01T08:32:22.8697295Z examples/weather_scenarios/fv_concurrent_response_probe.py:79: ValueError
2026-10-01T08:32:22.8697799Z ________ test_finished_worker_publishes_only_after_reap_and_validation _________
2026-10-01T08:32:22.8698101Z 
2026-10-01T08:32:22.8698307Z monkeypatch = <_pytest.monkeypatch.MonkeyPatch object at 0x7f8dd50bfe90>
2026-10-01T08:32:22.8698853Z tmp_path = PosixPath('/tmp/pytest-of-runner/pytest-0/test_finished_worker_publishes0')
2026-10-01T08:32:22.8699206Z 
2026-10-01T08:32:22.8699469Z     def test_finished_worker_publishes_only_after_reap_and_validation(monkeypatch, tmp_path):
2026-10-01T08:32:22.8699925Z >       child = _archived_child()
2026-10-01T08:32:22.8700166Z                 ^^^^^^^^^^^^^^^^^
2026-10-01T08:32:22.8700318Z 
2026-10-01T08:32:22.8700436Z tests/test_fv_response_job_lifecycle.py:187: 
2026-10-01T08:32:22.8700784Z _ _ _ _ _ _ _ _ _ _ _ _ _ _ _ _ _ _ _ _ _ _ _ _ _ _ _ _ _ _ _ _ _ _ _ _ _ _ _ _ 
2026-10-01T08:32:22.8701183Z tests/test_fv_response_job_lifecycle.py:99: in _archived_child
2026-10-01T08:32:22.8701528Z     identity, _ = jobs._identity()
2026-10-01T08:32:22.8701769Z                   ^^^^^^^^^^^^^^^^
2026-10-01T08:32:22.8702116Z examples/weather_scenarios/fv_response_job_lifecycle.py:57: in _identity
2026-10-01T08:32:22.8702600Z     problem, control, parameters, direction, expected = shared._small_case()
2026-10-01T08:32:22.8703018Z                                                         ^^^^^^^^^^^^^^^^^^^^
2026-10-01T08:32:22.8703492Z _ _ _ _ _ _ _ _ _ _ _ _ _ _ _ _ _ _ _ _ _ _ _ _ _ _ _ _ _ _ _ _ _ _ _ _ _ _ _ _ 
2026-10-01T08:32:22.8703733Z 
2026-10-01T08:32:22.8703948Z     def _small_case() -> tuple[FVResearchProblem, Tensor, Tensor, Tensor, float]:
2026-10-01T08:32:22.8704395Z         saved = _archive("minmod_middle_time_bias_final.json")
2026-10-01T08:32:22.8704786Z         archived_response = _archive("minmod_parameter_vjp.json")
2026-10-01T08:32:22.8705283Z         observations, frozen, future_echo, future_support = small_fixture.make_spatial_case()
2026-10-01T08:32:22.8705779Z         future_support = cast(BoundarySchedule, future_support)
2026-10-01T08:32:22.8706340Z         control = torch.tensor(saved["nominal_control"], dtype=torch.float64)
2026-10-01T08:32:22.8706899Z         parameters = torch.cat((observations.dbz.flatten(), observations.dbz.new_tensor([0.02])))
2026-10-01T08:32:22.8707451Z         if (_bytes_hash(control) != saved["input_identity"]["control_sha256"]
2026-10-01T08:32:22.8707945Z                 or _bytes_hash(parameters) != saved["input_identity"]["parameters_sha256"]):
2026-10-01T08:32:22.8708462Z >           raise ValueError("4x5 archived stationary input identity mismatch")
2026-10-01T08:32:22.8708918Z E           ValueError: 4x5 archived stationary input identity mismatch
2026-10-01T08:32:22.8709189Z 
2026-10-01T08:32:22.8709396Z examples/weather_scenarios/fv_concurrent_response_probe.py:79: ValueError
2026-10-01T08:32:22.8709906Z ___ test_attempt_artifact_mutation_after_validation_blocks_publication[raw] ____
2026-10-01T08:32:22.8710219Z 
2026-10-01T08:32:22.8710417Z monkeypatch = <_pytest.monkeypatch.MonkeyPatch object at 0x7f8dd50bea20>
2026-10-01T08:32:22.8710960Z tmp_path = PosixPath('/tmp/pytest-of-runner/pytest-0/test_attempt_artifact_mutation0')
2026-10-01T08:32:22.8711378Z artifact = 'raw'
2026-10-01T08:32:22.8711504Z 
2026-10-01T08:32:22.8711695Z     @pytest.mark.parametrize("artifact", ["raw", "manifest", "resource"])
2026-10-01T08:32:22.8712182Z     def test_attempt_artifact_mutation_after_validation_blocks_publication(
2026-10-01T08:32:22.8712588Z             monkeypatch, tmp_path, artifact):
2026-10-01T08:32:22.8712988Z >       child = _archived_child()
2026-10-01T08:32:22.8713235Z                 ^^^^^^^^^^^^^^^^^
2026-10-01T08:32:22.8713389Z 
2026-10-01T08:32:22.8713505Z tests/test_fv_response_job_lifecycle.py:256: 
2026-10-01T08:32:22.8713848Z _ _ _ _ _ _ _ _ _ _ _ _ _ _ _ _ _ _ _ _ _ _ _ _ _ _ _ _ _ _ _ _ _ _ _ _ _ _ _ _ 
2026-10-01T08:32:22.8714246Z tests/test_fv_response_job_lifecycle.py:99: in _archived_child
2026-10-01T08:32:22.8714597Z     identity, _ = jobs._identity()
2026-10-01T08:32:22.8714847Z                   ^^^^^^^^^^^^^^^^
2026-10-01T08:32:22.8715198Z examples/weather_scenarios/fv_response_job_lifecycle.py:57: in _identity
2026-10-01T08:32:22.8715695Z     problem, control, parameters, direction, expected = shared._small_case()
2026-10-01T08:32:22.8716110Z                                                         ^^^^^^^^^^^^^^^^^^^^
2026-10-01T08:32:22.8716584Z _ _ _ _ _ _ _ _ _ _ _ _ _ _ _ _ _ _ _ _ _ _ _ _ _ _ _ _ _ _ _ _ _ _ _ _ _ _ _ _ 
2026-10-01T08:32:22.8716823Z 
2026-10-01T08:32:22.8717040Z     def _small_case() -> tuple[FVResearchProblem, Tensor, Tensor, Tensor, float]:
2026-10-01T08:32:22.8717490Z         saved = _archive("minmod_middle_time_bias_final.json")
2026-10-01T08:32:22.8717883Z         archived_response = _archive("minmod_parameter_vjp.json")
2026-10-01T08:32:22.8718378Z         observations, frozen, future_echo, future_support = small_fixture.make_spatial_case()
2026-10-01T08:32:22.8718875Z         future_support = cast(BoundarySchedule, future_support)
2026-10-01T08:32:22.8719310Z         control = torch.tensor(saved["nominal_control"], dtype=torch.float64)
2026-10-01T08:32:22.8719863Z         parameters = torch.cat((observations.dbz.flatten(), observations.dbz.new_tensor([0.02])))
2026-10-01T08:32:22.8720409Z         if (_bytes_hash(control) != saved["input_identity"]["control_sha256"]
2026-10-01T08:32:22.8720900Z                 or _bytes_hash(parameters) != saved["input_identity"]["parameters_sha256"]):
2026-10-01T08:32:22.8721592Z >           raise ValueError("4x5 archived stationary input identity mismatch")
2026-10-01T08:32:22.8722057Z E           ValueError: 4x5 archived stationary input identity mismatch
2026-10-01T08:32:22.8722324Z 
2026-10-01T08:32:22.8722529Z examples/weather_scenarios/fv_concurrent_response_probe.py:79: ValueError
2026-10-01T08:32:22.8723045Z _ test_attempt_artifact_mutation_after_validation_blocks_publication[manifest] _
2026-10-01T08:32:22.8723368Z 
2026-10-01T08:32:22.8723570Z monkeypatch = <_pytest.monkeypatch.MonkeyPatch object at 0x7f8dd503bb30>
2026-10-01T08:32:22.8724111Z tmp_path = PosixPath('/tmp/pytest-of-runner/pytest-0/test_attempt_artifact_mutation1')
2026-10-01T08:32:22.8724537Z artifact = 'manifest'
2026-10-01T08:32:22.8724674Z 
2026-10-01T08:32:22.8724862Z     @pytest.mark.parametrize("artifact", ["raw", "manifest", "resource"])
2026-10-01T08:32:22.8725354Z     def test_attempt_artifact_mutation_after_validation_blocks_publication(
2026-10-01T08:32:22.8725752Z             monkeypatch, tmp_path, artifact):
2026-10-01T08:32:22.8726039Z >       child = _archived_child()
2026-10-01T08:32:22.8726478Z                 ^^^^^^^^^^^^^^^^^
2026-10-01T08:32:22.8726638Z 
2026-10-01T08:32:22.8726757Z tests/test_fv_response_job_lifecycle.py:256: 
2026-10-01T08:32:22.8727096Z _ _ _ _ _ _ _ _ _ _ _ _ _ _ _ _ _ _ _ _ _ _ _ _ _ _ _ _ _ _ _ _ _ _ _ _ _ _ _ _ 
2026-10-01T08:32:22.8727493Z tests/test_fv_response_job_lifecycle.py:99: in _archived_child
2026-10-01T08:32:22.8727839Z     identity, _ = jobs._identity()
2026-10-01T08:32:22.8728089Z                   ^^^^^^^^^^^^^^^^
2026-10-01T08:32:22.8728438Z examples/weather_scenarios/fv_response_job_lifecycle.py:57: in _identity
2026-10-01T08:32:22.8728926Z     problem, control, parameters, direction, expected = shared._small_case()
2026-10-01T08:32:22.8729333Z                                                         ^^^^^^^^^^^^^^^^^^^^
2026-10-01T08:32:22.8729686Z _ _ _ _ _ _ _ _ _ _ _ _ _ _ _ _ _ _ _ _ _ _ _ _ _ _ _ _ _ _ _ _ _ _ _ _ _ _ _ _ 
2026-10-01T08:32:22.8729925Z 
2026-10-01T08:32:22.8730295Z     def _small_case() -> tuple[FVResearchProblem, Tensor, Tensor, Tensor, float]:
2026-10-01T08:32:22.8730750Z         saved = _archive("minmod_middle_time_bias_final.json")
2026-10-01T08:32:22.8731141Z         archived_response = _archive("minmod_parameter_vjp.json")
2026-10-01T08:32:22.8731635Z         observations, frozen, future_echo, future_support = small_fixture.make_spatial_case()
2026-10-01T08:32:22.8732135Z         future_support = cast(BoundarySchedule, future_support)
2026-10-01T08:32:22.8732573Z         control = torch.tensor(saved["nominal_control"], dtype=torch.float64)
2026-10-01T08:32:22.8733123Z         parameters = torch.cat((observations.dbz.flatten(), observations.dbz.new_tensor([0.02])))
2026-10-01T08:32:22.8733668Z         if (_bytes_hash(control) != saved["input_identity"]["control_sha256"]
2026-10-01T08:32:22.8734164Z                 or _bytes_hash(parameters) != saved["input_identity"]["parameters_sha256"]):
2026-10-01T08:32:22.8734673Z >           raise ValueError("4x5 archived stationary input identity mismatch")
2026-10-01T08:32:22.8735142Z E           ValueError: 4x5 archived stationary input identity mismatch
2026-10-01T08:32:22.8735407Z 
2026-10-01T08:32:22.8735617Z examples/weather_scenarios/fv_concurrent_response_probe.py:79: ValueError
2026-10-01T08:32:22.8736140Z _ test_attempt_artifact_mutation_after_validation_blocks_publication[resource] _
2026-10-01T08:32:22.8736593Z 
2026-10-01T08:32:22.8736806Z monkeypatch = <_pytest.monkeypatch.MonkeyPatch object at 0x7f8dd4ff4b30>
2026-10-01T08:32:22.8737350Z tmp_path = PosixPath('/tmp/pytest-of-runner/pytest-0/test_attempt_artifact_mutation2')
2026-10-01T08:32:22.8737782Z artifact = 'resource'
2026-10-01T08:32:22.8737918Z 
2026-10-01T08:32:22.8738107Z     @pytest.mark.parametrize("artifact", ["raw", "manifest", "resource"])
2026-10-01T08:32:22.8738599Z     def test_attempt_artifact_mutation_after_validation_blocks_publication(
2026-10-01T08:32:22.8739123Z             monkeypatch, tmp_path, artifact):
2026-10-01T08:32:22.8739408Z >       child = _archived_child()
2026-10-01T08:32:22.8739813Z                 ^^^^^^^^^^^^^^^^^
2026-10-01T08:32:22.8740040Z 
2026-10-01T08:32:22.8750771Z tests/test_fv_response_job_lifecycle.py:256: 
2026-10-01T08:32:22.8751213Z _ _ _ _ _ _ _ _ _ _ _ _ _ _ _ _ _ _ _ _ _ _ _ _ _ _ _ _ _ _ _ _ _ _ _ _ _ _ _ _ 
2026-10-01T08:32:22.8751655Z tests/test_fv_response_job_lifecycle.py:99: in _archived_child
2026-10-01T08:32:22.8752032Z     identity, _ = jobs._identity()
2026-10-01T08:32:22.8752290Z                   ^^^^^^^^^^^^^^^^
2026-10-01T08:32:22.8752654Z examples/weather_scenarios/fv_response_job_lifecycle.py:57: in _identity
2026-10-01T08:32:22.8753170Z     problem, control, parameters, direction, expected = shared._small_case()
2026-10-01T08:32:22.8753589Z                                                         ^^^^^^^^^^^^^^^^^^^^
2026-10-01T08:32:22.8753946Z _ _ _ _ _ _ _ _ _ _ _ _ _ _ _ _ _ _ _ _ _ _ _ _ _ _ _ _ _ _ _ _ _ _ _ _ _ _ _ _ 
2026-10-01T08:32:22.8754203Z 
2026-10-01T08:32:22.8754436Z     def _small_case() -> tuple[FVResearchProblem, Tensor, Tensor, Tensor, float]:
2026-10-01T08:32:22.8754906Z         saved = _archive("minmod_middle_time_bias_final.json")
2026-10-01T08:32:22.8755326Z         archived_response = _archive("minmod_parameter_vjp.json")
2026-10-01T08:32:22.8755839Z         observations, frozen, future_echo, future_support = small_fixture.make_spatial_case()
2026-10-01T08:32:22.8756519Z         future_support = cast(BoundarySchedule, future_support)
2026-10-01T08:32:22.8756970Z         control = torch.tensor(saved["nominal_control"], dtype=torch.float64)
2026-10-01T08:32:22.8757524Z         parameters = torch.cat((observations.dbz.flatten(), observations.dbz.new_tensor([0.02])))
2026-10-01T08:32:22.8758075Z         if (_bytes_hash(control) != saved["input_identity"]["control_sha256"]
2026-10-01T08:32:22.8758585Z                 or _bytes_hash(parameters) != saved["input_identity"]["parameters_sha256"]):
2026-10-01T08:32:22.8759110Z >           raise ValueError("4x5 archived stationary input identity mismatch")
2026-10-01T08:32:22.8759742Z E           ValueError: 4x5 archived stationary input identity mismatch
2026-10-01T08:32:22.8760030Z 
2026-10-01T08:32:22.8760236Z examples/weather_scenarios/fv_concurrent_response_probe.py:79: ValueError
2026-10-01T08:32:22.8760752Z _________ test_attempt_manifest_commit_failure_prevents_worker_launch __________
2026-10-01T08:32:22.8761059Z 
2026-10-01T08:32:22.8761269Z monkeypatch = <_pytest.monkeypatch.MonkeyPatch object at 0x7f8dd5250950>
2026-10-01T08:32:22.8761811Z tmp_path = PosixPath('/tmp/pytest-of-runner/pytest-0/test_attempt_manifest_commit_f0')
2026-10-01T08:32:22.8762157Z 
2026-10-01T08:32:22.8762415Z     def test_attempt_manifest_commit_failure_prevents_worker_launch(monkeypatch, tmp_path):
2026-10-01T08:32:22.8762845Z         calls = []
2026-10-01T08:32:22.8763223Z         monkeypatch.setattr(jobs, "run_guarded", lambda *args, **kwargs: calls.append("spawn"))
2026-10-01T08:32:22.8763675Z         original = jobs._atomic_json
2026-10-01T08:32:22.8763950Z         def fail_manifest(path, data):
2026-10-01T08:32:22.8764243Z             if Path(path).name == "attempt.json":
2026-10-01T08:32:22.8764583Z                 raise OSError("injected manifest commit failure")
2026-10-01T08:32:22.8764905Z             original(path, data)
2026-10-01T08:32:22.8765223Z         monkeypatch.setattr(jobs, "_atomic_json", fail_manifest)
2026-10-01T08:32:22.8765624Z         with pytest.raises(OSError, match="manifest commit"):
2026-10-01T08:32:22.8766042Z >           jobs.run_job(tmp_path / "uncommitted", request_id="uncommitted")
2026-10-01T08:32:22.8766482Z 
2026-10-01T08:32:22.8766606Z tests/test_fv_response_job_lifecycle.py:300: 
2026-10-01T08:32:22.8766957Z _ _ _ _ _ _ _ _ _ _ _ _ _ _ _ _ _ _ _ _ _ _ _ _ _ _ _ _ _ _ _ _ _ _ _ _ _ _ _ _ 
2026-10-01T08:32:22.8767391Z examples/weather_scenarios/fv_response_job_lifecycle.py:272: in run_job
2026-10-01T08:32:22.8768001Z     return _run_job_locked(directory, request_id=request_id, token=token)
2026-10-01T08:32:22.8768409Z            ^^^^^^^^^^^^^^^^^^^^^^^^^^^^^^^^^^^^^^^^^^^^^^^^^^^^^^^^^^^^^^
2026-10-01T08:32:22.8768843Z examples/weather_scenarios/fv_response_job_lifecycle.py:286: in _run_job_locked
2026-10-01T08:32:22.8769288Z     identity_before, expected_total = _identity()
2026-10-01T08:32:22.8769584Z                                       ^^^^^^^^^^^
2026-10-01T08:32:22.8769953Z examples/weather_scenarios/fv_response_job_lifecycle.py:57: in _identity
2026-10-01T08:32:22.8770452Z     problem, control, parameters, direction, expected = shared._small_case()
2026-10-01T08:32:22.8770887Z                                                         ^^^^^^^^^^^^^^^^^^^^
2026-10-01T08:32:22.8771237Z _ _ _ _ _ _ _ _ _ _ _ _ _ _ _ _ _ _ _ _ _ _ _ _ _ _ _ _ _ _ _ _ _ _ _ _ _ _ _ _ 
2026-10-01T08:32:22.8771479Z 
2026-10-01T08:32:22.8771696Z     def _small_case() -> tuple[FVResearchProblem, Tensor, Tensor, Tensor, float]:
2026-10-01T08:32:22.8772158Z         saved = _archive("minmod_middle_time_bias_final.json")
2026-10-01T08:32:22.8772570Z         archived_response = _archive("minmod_parameter_vjp.json")
2026-10-01T08:32:22.8773075Z         observations, frozen, future_echo, future_support = small_fixture.make_spatial_case()
2026-10-01T08:32:22.8773584Z         future_support = cast(BoundarySchedule, future_support)
2026-10-01T08:32:22.8774031Z         control = torch.tensor(saved["nominal_control"], dtype=torch.float64)
2026-10-01T08:32:22.8774587Z         parameters = torch.cat((observations.dbz.flatten(), observations.dbz.new_tensor([0.02])))
2026-10-01T08:32:22.8775150Z         if (_bytes_hash(control) != saved["input_identity"]["control_sha256"]
2026-10-01T08:32:22.8775652Z                 or _bytes_hash(parameters) != saved["input_identity"]["parameters_sha256"]):
2026-10-01T08:32:22.8776161Z >           raise ValueError("4x5 archived stationary input identity mismatch")
2026-10-01T08:32:22.8776747Z E           ValueError: 4x5 archived stationary input identity mismatch
2026-10-01T08:32:22.8777024Z 
2026-10-01T08:32:22.8777358Z examples/weather_scenarios/fv_concurrent_response_probe.py:79: ValueError
2026-10-01T08:32:22.8777885Z ______ test_manifest_change_between_replace_and_snapshot_prevents_launch _______
2026-10-01T08:32:22.8778201Z 
2026-10-01T08:32:22.8778405Z monkeypatch = <_pytest.monkeypatch.MonkeyPatch object at 0x7f8dd52d52e0>
2026-10-01T08:32:22.8778948Z tmp_path = PosixPath('/tmp/pytest-of-runner/pytest-0/test_manifest_change_between_r0')
2026-10-01T08:32:22.8779288Z 
2026-10-01T08:32:22.8779569Z     def test_manifest_change_between_replace_and_snapshot_prevents_launch(monkeypatch, tmp_path):
2026-10-01T08:32:22.8780020Z         calls = []
2026-10-01T08:32:22.8780396Z         monkeypatch.setattr(jobs, "run_guarded", lambda *args, **kwargs: calls.append("spawn"))
2026-10-01T08:32:22.8780878Z         original_snapshot = jobs._stable_file_snapshot
2026-10-01T08:32:22.8781249Z         def mutate_before_manifest_snapshot(path, *, sync=False):
2026-10-01T08:32:22.8781590Z             path = Path(path)
2026-10-01T08:32:22.8781852Z             if path.name == "attempt.json":
2026-10-01T08:32:22.8782192Z                 with path.open("a", encoding="utf-8") as stream:
2026-10-01T08:32:22.8782513Z                     stream.write(" ")
2026-10-01T08:32:22.8782805Z             return original_snapshot(path, sync=sync)
2026-10-01T08:32:22.8783245Z         monkeypatch.setattr(jobs, "_stable_file_snapshot", mutate_before_manifest_snapshot)
2026-10-01T08:32:22.8783741Z         with pytest.raises(OSError, match="manifest changed"):
2026-10-01T08:32:22.8784172Z >           jobs.run_job(tmp_path / "manifest-race", request_id="manifest-race")
2026-10-01T08:32:22.8784461Z 
2026-10-01T08:32:22.8784586Z tests/test_fv_response_job_lifecycle.py:317: 
2026-10-01T08:32:22.8784928Z _ _ _ _ _ _ _ _ _ _ _ _ _ _ _ _ _ _ _ _ _ _ _ _ _ _ _ _ _ _ _ _ _ _ _ _ _ _ _ _ 
2026-10-01T08:32:22.8785366Z examples/weather_scenarios/fv_response_job_lifecycle.py:272: in run_job
2026-10-01T08:32:22.8785971Z     return _run_job_locked(directory, request_id=request_id, token=token)
2026-10-01T08:32:22.8786543Z            ^^^^^^^^^^^^^^^^^^^^^^^^^^^^^^^^^^^^^^^^^^^^^^^^^^^^^^^^^^^^^^
2026-10-01T08:32:22.8786998Z examples/weather_scenarios/fv_response_job_lifecycle.py:286: in _run_job_locked
2026-10-01T08:32:22.8787447Z     identity_before, expected_total = _identity()
2026-10-01T08:32:22.8787747Z                                       ^^^^^^^^^^^
2026-10-01T08:32:22.8788121Z examples/weather_scenarios/fv_response_job_lifecycle.py:57: in _identity
2026-10-01T08:32:22.8788614Z     problem, control, parameters, direction, expected = shared._small_case()
2026-10-01T08:32:22.8789035Z                                                         ^^^^^^^^^^^^^^^^^^^^
2026-10-01T08:32:22.8789381Z _ _ _ _ _ _ _ _ _ _ _ _ _ _ _ _ _ _ _ _ _ _ _ _ _ _ _ _ _ _ _ _ _ _ _ _ _ _ _ _ 
2026-10-01T08:32:22.8789619Z 
2026-10-01T08:32:22.8789822Z     def _small_case() -> tuple[FVResearchProblem, Tensor, Tensor, Tensor, float]:
2026-10-01T08:32:22.8790275Z         saved = _archive("minmod_middle_time_bias_final.json")
2026-10-01T08:32:22.8790671Z         archived_response = _archive("minmod_parameter_vjp.json")
2026-10-01T08:32:22.8791169Z         observations, frozen, future_echo, future_support = small_fixture.make_spatial_case()
2026-10-01T08:32:22.8791676Z         future_support = cast(BoundarySchedule, future_support)
2026-10-01T08:32:22.8792118Z         control = torch.tensor(saved["nominal_control"], dtype=torch.float64)
2026-10-01T08:32:22.8792674Z         parameters = torch.cat((observations.dbz.flatten(), observations.dbz.new_tensor([0.02])))
2026-10-01T08:32:22.8793213Z         if (_bytes_hash(control) != saved["input_identity"]["control_sha256"]
2026-10-01T08:32:22.8793704Z                 or _bytes_hash(parameters) != saved["input_identity"]["parameters_sha256"]):
2026-10-01T08:32:22.8794217Z >           raise ValueError("4x5 archived stationary input identity mismatch")
2026-10-01T08:32:22.8794679Z E           ValueError: 4x5 archived stationary input identity mismatch
2026-10-01T08:32:22.8794943Z 
2026-10-01T08:32:22.8795261Z examples/weather_scenarios/fv_concurrent_response_probe.py:79: ValueError
2026-10-01T08:32:22.8795772Z __________ test_cancelled_worker_with_partial_report_never_publishes ___________
2026-10-01T08:32:22.8796073Z 
2026-10-01T08:32:22.8796406Z monkeypatch = <_pytest.monkeypatch.MonkeyPatch object at 0x7f8dd5038230>
2026-10-01T08:32:22.8796950Z tmp_path = PosixPath('/tmp/pytest-of-runner/pytest-0/test_cancelled_worker_with_par0')
2026-10-01T08:32:22.8797300Z 
2026-10-01T08:32:22.8797541Z     def test_cancelled_worker_with_partial_report_never_publishes(monkeypatch, tmp_path):
2026-10-01T08:32:22.8797993Z         token = jobs.CancellationToken()
2026-10-01T08:32:22.8798374Z         def fake_guard(command, *, wall_seconds, rss_bytes, report_path, log_path,
2026-10-01T08:32:22.8798768Z                        cancel_requested):
2026-10-01T08:32:22.8799148Z             Path(command[-1]).write_text(json.dumps({"status": "running", "pid": 456,
2026-10-01T08:32:22.8799686Z                                                     "attempt_id": command[command.index("--attempt-id") + 1]}))
2026-10-01T08:32:22.8800094Z             Path(log_path).write_text("")
2026-10-01T08:32:22.8800369Z             assert token.cancel()
2026-10-01T08:32:22.8800625Z             assert cancel_requested()
2026-10-01T08:32:22.8800985Z             resource = {"command": command, "child_pid": 456, "exit_code": -15,
2026-10-01T08:32:22.8801434Z                         "resource_termination": "cancelled", "monitor_error": None,
2026-10-01T08:32:22.8801859Z                         "rss_samples": 2, "sampled_peak_rss_bytes": 200_000_000,
2026-10-01T08:32:22.8802297Z                         "wall_limit_seconds": wall_seconds, "rss_limit_bytes": rss_bytes,
2026-10-01T08:32:22.8802685Z                         "elapsed_seconds": 0.2}
2026-10-01T08:32:22.8803008Z             Path(report_path).write_text(json.dumps(resource))
2026-10-01T08:32:22.8803451Z             return resource
2026-10-01T08:32:22.8803749Z         monkeypatch.setattr(jobs, "run_guarded", fake_guard)
2026-10-01T08:32:22.8804188Z >       result = jobs.run_job(tmp_path / "cancel", request_id="cancel", token=token)
2026-10-01T08:32:22.8804611Z                  ^^^^^^^^^^^^^^^^^^^^^^^^^^^^^^^^^^^^^^^^^^^^^^^^^^^^^^^^^^^^^^^^^^^
2026-10-01T08:32:22.8804841Z 
2026-10-01T08:32:22.8804963Z tests/test_fv_response_job_lifecycle.py:350: 
2026-10-01T08:32:22.8805322Z _ _ _ _ _ _ _ _ _ _ _ _ _ _ _ _ _ _ _ _ _ _ _ _ _ _ _ _ _ _ _ _ _ _ _ _ _ _ _ _ 
2026-10-01T08:32:22.8805752Z examples/weather_scenarios/fv_response_job_lifecycle.py:272: in run_job
2026-10-01T08:32:22.8806381Z     return _run_job_locked(directory, request_id=request_id, token=token)
2026-10-01T08:32:22.8806780Z            ^^^^^^^^^^^^^^^^^^^^^^^^^^^^^^^^^^^^^^^^^^^^^^^^^^^^^^^^^^^^^^
2026-10-01T08:32:22.8807214Z examples/weather_scenarios/fv_response_job_lifecycle.py:286: in _run_job_locked
2026-10-01T08:32:22.8807661Z     identity_before, expected_total = _identity()
2026-10-01T08:32:22.8807959Z                                       ^^^^^^^^^^^
2026-10-01T08:32:22.8808340Z examples/weather_scenarios/fv_response_job_lifecycle.py:57: in _identity
2026-10-01T08:32:22.8808826Z     problem, control, parameters, direction, expected = shared._small_case()
2026-10-01T08:32:22.8809235Z                                                         ^^^^^^^^^^^^^^^^^^^^
2026-10-01T08:32:22.8809580Z _ _ _ _ _ _ _ _ _ _ _ _ _ _ _ _ _ _ _ _ _ _ _ _ _ _ _ _ _ _ _ _ _ _ _ _ _ _ _ _ 
2026-10-01T08:32:22.8809821Z 
2026-10-01T08:32:22.8810028Z     def _small_case() -> tuple[FVResearchProblem, Tensor, Tensor, Tensor, float]:
2026-10-01T08:32:22.8810478Z         saved = _archive("minmod_middle_time_bias_final.json")
2026-10-01T08:32:22.8810873Z         archived_response = _archive("minmod_parameter_vjp.json")
2026-10-01T08:32:22.8811371Z         observations, frozen, future_echo, future_support = small_fixture.make_spatial_case()
2026-10-01T08:32:22.8811888Z         future_support = cast(BoundarySchedule, future_support)
2026-10-01T08:32:22.8812466Z         control = torch.tensor(saved["nominal_control"], dtype=torch.float64)
2026-10-01T08:32:22.8813026Z         parameters = torch.cat((observations.dbz.flatten(), observations.dbz.new_tensor([0.02])))
2026-10-01T08:32:22.8813576Z         if (_bytes_hash(control) != saved["input_identity"]["control_sha256"]
2026-10-01T08:32:22.8814065Z                 or _bytes_hash(parameters) != saved["input_identity"]["parameters_sha256"]):
2026-10-01T08:32:22.8814573Z >           raise ValueError("4x5 archived stationary input identity mismatch")
2026-10-01T08:32:22.8815031Z E           ValueError: 4x5 archived stationary input identity mismatch
2026-10-01T08:32:22.8815302Z 
2026-10-01T08:32:22.8815509Z examples/weather_scenarios/fv_concurrent_response_probe.py:79: ValueError
2026-10-01T08:32:22.8815992Z ________________ test_late_cancellation_before_publication_wins ________________
2026-10-01T08:32:22.8816408Z 
2026-10-01T08:32:22.8816617Z monkeypatch = <_pytest.monkeypatch.MonkeyPatch object at 0x7f8dd5617620>
2026-10-01T08:32:23.1444446Z tmp_path = PosixPath('/tmp/pytest-of-runner/pytest-0/test_late_cancellation_before_0')
2026-10-01T08:32:23.1445077Z 
2026-10-01T08:32:23.1445422Z     def test_late_cancellation_before_publication_wins(monkeypatch, tmp_path):
2026-10-01T08:32:23.1446066Z         token = jobs.CancellationToken()
2026-10-01T08:32:23.1446985Z >       child = _archived_child()
2026-10-01T08:32:23.1447284Z                 ^^^^^^^^^^^^^^^^^
2026-10-01T08:32:23.1447473Z 
2026-10-01T08:32:23.1447622Z tests/test_fv_response_job_lifecycle.py:360: 
2026-10-01T08:32:23.1448044Z _ _ _ _ _ _ _ _ _ _ _ _ _ _ _ _ _ _ _ _ _ _ _ _ _ _ _ _ _ _ _ _ _ _ _ _ _ _ _ _ 
2026-10-01T08:32:23.1448541Z tests/test_fv_response_job_lifecycle.py:99: in _archived_child
2026-10-01T08:32:23.1448975Z     identity, _ = jobs._identity()
2026-10-01T08:32:23.1449274Z                   ^^^^^^^^^^^^^^^^
2026-10-01T08:32:23.1449696Z examples/weather_scenarios/fv_response_job_lifecycle.py:57: in _identity
2026-10-01T08:32:23.1450576Z     problem, control, parameters, direction, expected = shared._small_case()
2026-10-01T08:32:23.1451089Z                                                         ^^^^^^^^^^^^^^^^^^^^
2026-10-01T08:32:23.1451518Z _ _ _ _ _ _ _ _ _ _ _ _ _ _ _ _ _ _ _ _ _ _ _ _ _ _ _ _ _ _ _ _ _ _ _ _ _ _ _ _ 
2026-10-01T08:32:23.1451814Z 
2026-10-01T08:32:23.1452080Z     def _small_case() -> tuple[FVResearchProblem, Tensor, Tensor, Tensor, float]:
2026-10-01T08:32:23.1452630Z         saved = _archive("minmod_middle_time_bias_final.json")
2026-10-01T08:32:23.1453116Z         archived_response = _archive("minmod_parameter_vjp.json")
2026-10-01T08:32:23.1453719Z         observations, frozen, future_echo, future_support = small_fixture.make_spatial_case()
2026-10-01T08:32:23.1454327Z         future_support = cast(BoundarySchedule, future_support)
2026-10-01T08:32:23.1454856Z         control = torch.tensor(saved["nominal_control"], dtype=torch.float64)
2026-10-01T08:32:23.1455540Z         parameters = torch.cat((observations.dbz.flatten(), observations.dbz.new_tensor([0.02])))
2026-10-01T08:32:23.1456206Z         if (_bytes_hash(control) != saved["input_identity"]["control_sha256"]
2026-10-01T08:32:23.1457005Z                 or _bytes_hash(parameters) != saved["input_identity"]["parameters_sha256"]):
2026-10-01T08:32:23.1457628Z >           raise ValueError("4x5 archived stationary input identity mismatch")
2026-10-01T08:32:23.1458141Z E           ValueError: 4x5 archived stationary input identity mismatch
2026-10-01T08:32:23.1458414Z 
2026-10-01T08:32:23.1458625Z examples/weather_scenarios/fv_concurrent_response_probe.py:79: ValueError
2026-10-01T08:32:23.1459078Z =============================== warnings summary ===============================
2026-10-01T08:32:23.1459430Z tests/test_a2_fso.py: 18 warnings
2026-10-01T08:32:23.1460286Z   /opt/hostedtoolcache/Python/3.12.14/x64/lib/python3.12/site-packages/torch/jit/_script.py:1488: DeprecationWarning: `torch.jit.script` is deprecated. Please switch to `torch.compile` or `torch.export`.
2026-10-01T08:32:23.1461122Z     warnings.warn(
2026-10-01T08:32:23.1461454Z 
2026-10-01T08:32:23.1461683Z -- Docs: https://docs.pytest.org/en/stable/how-to/capture-warnings.html
2026-10-01T08:32:23.1462131Z =========================== short test summary info ============================
2026-10-01T08:32:23.1463107Z FAILED tests/test_fv_concurrent_response.py::test_case_archives_direction_branch_and_nominal_gradient[_small_case-archive_names0-direction_slice0-54] - ValueError: 4x5 archived stationary input identity mismatch
2026-10-01T08:32:23.1464574Z FAILED tests/test_fv_concurrent_response.py::test_case_archives_direction_branch_and_nominal_gradient[_large_case-archive_names1-direction_slice1-108] - ValueError: 8x10 archived input/verification identity mismatch
2026-10-01T08:32:23.1465822Z FAILED tests/test_fv_research_multilead.py::test_multilead_layout_forecast_and_score_are_per_lead_mean - AssertionError: Scalars are not equal!
2026-10-01T08:32:23.1466504Z 
2026-10-01T08:32:23.1466654Z Expected 0.0002547534333421225 but got 0.0002547534333421226.
2026-10-01T08:32:23.1467000Z Absolute difference: 5.421010862427522e-20
2026-10-01T08:32:23.1467295Z Relative difference: 2.1279441816775618e-16
2026-10-01T08:32:23.1468033Z FAILED tests/test_fv_response_job_lifecycle.py::test_legacy_worker_validation_does_not_require_attempt_metadata - ValueError: 4x5 archived stationary input identity mismatch
2026-10-01T08:32:23.1469193Z FAILED tests/test_fv_response_job_lifecycle.py::test_finished_worker_publishes_only_after_reap_and_validation - ValueError: 4x5 archived stationary input identity mismatch
2026-10-01T08:32:23.1470383Z FAILED tests/test_fv_response_job_lifecycle.py::test_attempt_artifact_mutation_after_validation_blocks_publication[raw] - ValueError: 4x5 archived stationary input identity mismatch
2026-10-01T08:32:23.1471617Z FAILED tests/test_fv_response_job_lifecycle.py::test_attempt_artifact_mutation_after_validation_blocks_publication[manifest] - ValueError: 4x5 archived stationary input identity mismatch
2026-10-01T08:32:23.1473011Z FAILED tests/test_fv_response_job_lifecycle.py::test_attempt_artifact_mutation_after_validation_blocks_publication[resource] - ValueError: 4x5 archived stationary input identity mismatch
2026-10-01T08:32:23.1474207Z FAILED tests/test_fv_response_job_lifecycle.py::test_attempt_manifest_commit_failure_prevents_worker_launch - ValueError: 4x5 archived stationary input identity mismatch
2026-10-01T08:32:23.1475362Z FAILED tests/test_fv_response_job_lifecycle.py::test_manifest_change_between_replace_and_snapshot_prevents_launch - ValueError: 4x5 archived stationary input identity mismatch
2026-10-01T08:32:23.1476667Z FAILED tests/test_fv_response_job_lifecycle.py::test_cancelled_worker_with_partial_report_never_publishes - ValueError: 4x5 archived stationary input identity mismatch
2026-10-01T08:32:23.1477772Z FAILED tests/test_fv_response_job_lifecycle.py::test_late_cancellation_before_publication_wins - ValueError: 4x5 archived stationary input identity mismatch
2026-10-01T08:32:23.1478967Z ERROR tests/test_fv_partial_face_event_runner.py::test_runner_launches_exact_guarded_command_and_records_completion - ValueError: current-source two-hole input differs from declared fixed tensors
2026-10-01T08:32:23.1480367Z ERROR tests/test_fv_partial_face_event_runner.py::test_runner_distinguishes_child_exception_from_nonzero_exit[1-False-child_exception] - ValueError: current-source two-hole input differs from declared fixed tensors
2026-10-01T08:32:23.1481843Z ERROR tests/test_fv_partial_face_event_runner.py::test_runner_distinguishes_child_exception_from_nonzero_exit[2-True-child_nonzero_exit] - ValueError: current-source two-hole input differs from declared fixed tensors
2026-10-01T08:32:23.1483208Z ERROR tests/test_fv_partial_face_event_runner.py::test_runner_refuses_nonempty_or_archive_output_directory - ValueError: current-source two-hole input differs from declared fixed tensors
2026-10-01T08:32:23.1484663Z ERROR tests/test_fv_partial_face_event_runner.py::test_runner_marks_source_drift_after_child_as_identity_changed - ValueError: current-source two-hole input differs from declared fixed tensors
2026-10-01T08:32:23.1485892Z ERROR tests/test_fv_partial_face_event_runner.py::test_runner_rejects_forged_child[empty_chord] - ValueError: current-source two-hole input differs from declared fixed tensors
2026-10-01T08:32:23.1487475Z ERROR tests/test_fv_partial_face_event_runner.py::test_runner_rejects_forged_child[empty_sample] - ValueError: current-source two-hole input differs from declared fixed tensors
2026-10-01T08:32:23.1488676Z ERROR tests/test_fv_partial_face_event_runner.py::test_runner_rejects_forged_child[forged_margin] - ValueError: current-source two-hole input differs from declared fixed tensors
2026-10-01T08:32:23.1489884Z ERROR tests/test_fv_partial_face_event_runner.py::test_runner_rejects_forged_child[forged_comparison] - ValueError: current-source two-hole input differs from declared fixed tensors
2026-10-01T08:32:23.1491089Z ERROR tests/test_fv_partial_face_event_runner.py::test_runner_rejects_forged_child[forged_input] - ValueError: current-source two-hole input differs from declared fixed tensors
2026-10-01T08:32:23.1492250Z ERROR tests/test_fv_partial_face_event_runner.py::test_runner_rejects_forged_child[forged_face] - ValueError: current-source two-hole input differs from declared fixed tensors
2026-10-01T08:32:23.1493442Z ERROR tests/test_fv_partial_face_event_runner.py::test_runner_rejects_forged_child[forged_sample_hash] - ValueError: current-source two-hole input differs from declared fixed tensors
2026-10-01T08:32:23.1494705Z ERROR tests/test_fv_partial_face_event_runner.py::test_signature_validator_rejects_nonphysical_4x5_signature[shape] - ValueError: current-source two-hole input differs from declared fixed tensors
2026-10-01T08:32:23.1496079Z ERROR tests/test_fv_partial_face_event_runner.py::test_signature_validator_rejects_nonphysical_4x5_signature[sign_value] - ValueError: current-source two-hole input differs from declared fixed tensors
2026-10-01T08:32:23.1497367Z = 12 failed, 359 passed, 18 warnings, 14 errors, 117 subtests passed in 224.77s (0:03:44) =
2026-10-01T08:32:23.8741666Z ##[error]Process completed with exit code 1.
2026-10-01T08:32:23.8825364Z ##[group]Run actions/upload-artifact@043fb46d1a93c77aae656e7c1c64a875d1fc6a0a
2026-10-01T08:32:23.8825803Z with:
2026-10-01T08:32:23.8826086Z   name: cpu-shard-2-a9e321d15e4f7fc80b4ea494e1c732897fa0ccdf
2026-10-01T08:32:23.8826812Z   path: /home/runner/work/_temp/cpu-shard-records
2026-10-01T08:32:23.8827134Z   if-no-files-found: error
2026-10-01T08:32:23.8827369Z   retention-days: 7
2026-10-01T08:32:23.8827584Z   compression-level: 6
2026-10-01T08:32:23.8827800Z   overwrite: false
2026-10-01T08:32:23.8828014Z   include-hidden-files: false
2026-10-01T08:32:23.8828253Z   archive: true
2026-10-01T08:32:23.8828442Z env:
2026-10-01T08:32:23.8828705Z   pythonLocation: /opt/hostedtoolcache/Python/3.12.14/x64
2026-10-01T08:32:23.8829152Z   PKG_CONFIG_PATH: /opt/hostedtoolcache/Python/3.12.14/x64/lib/pkgconfig
2026-10-01T08:32:23.8829584Z   Python_ROOT_DIR: /opt/hostedtoolcache/Python/3.12.14/x64
2026-10-01T08:32:23.8829977Z   Python2_ROOT_DIR: /opt/hostedtoolcache/Python/3.12.14/x64
2026-10-01T08:32:23.8830424Z   Python3_ROOT_DIR: /opt/hostedtoolcache/Python/3.12.14/x64
2026-10-01T08:32:23.8830832Z   LD_LIBRARY_PATH: /opt/hostedtoolcache/Python/3.12.14/x64/lib
2026-10-01T08:32:23.8831166Z ##[endgroup]
2026-10-01T08:32:24.0274397Z With the provided path, there will be 5 files uploaded
2026-10-01T08:32:24.0275255Z Artifact name is valid!
2026-10-01T08:32:24.0275658Z Root directory input is valid!
2026-10-01T08:32:24.3707741Z Uploading artifact: cpu-shard-2-a9e321d15e4f7fc80b4ea494e1c732897fa0ccdf.zip
2026-10-01T08:32:24.3757347Z Beginning upload of artifact content to blob storage
2026-10-01T08:32:24.8027880Z Uploaded bytes 107831
2026-10-01T08:32:24.8662334Z Finished uploading artifact content to blob storage!
2026-10-01T08:32:24.8663411Z SHA256 digest of uploaded artifact is af1b8fc7a686c9dac97758b6d5729742401515e68f69e06687469000804d6438
2026-10-01T08:32:24.8664842Z Finalizing artifact upload
2026-10-01T08:32:25.2086458Z Artifact cpu-shard-2-a9e321d15e4f7fc80b4ea494e1c732897fa0ccdf successfully finalized. Artifact ID 11148954801
2026-10-01T08:32:25.2088054Z Artifact cpu-shard-2-a9e321d15e4f7fc80b4ea494e1c732897fa0ccdf has been successfully uploaded! Final size is 107831 bytes. Artifact ID is 11148954801
2026-10-01T08:32:25.2091886Z Artifact download URL: https://github.com/gonos2k/AD4DVAR-radar/actions/runs/36836402831/artifacts/11148954801
2026-10-01T08:32:25.2280840Z Post job cleanup.
2026-10-01T08:32:25.3152674Z [command]/usr/bin/git version
2026-10-01T08:32:25.3198145Z git version 2.55.0
2026-10-01T08:32:25.3247469Z Temporarily overriding HOME='/home/runner/work/_temp/0431510c-a9b0-4552-8ecc-d993eb16069f' before making global git config changes
2026-10-01T08:32:25.3249009Z Adding repository directory to the temporary git global config as a safe directory
2026-10-01T08:32:25.3253617Z [command]/usr/bin/git config --global --add safe.directory /home/runner/work/AD4DVAR-radar/AD4DVAR-radar
2026-10-01T08:32:25.3290375Z Removing SSH command configuration
2026-10-01T08:32:25.3297382Z [command]/usr/bin/git config --local --name-only --get-regexp core\.sshCommand
2026-10-01T08:32:25.3346828Z [command]/usr/bin/git submodule foreach --recursive sh -c "git config --local --name-only --get-regexp 'core\.sshCommand' && git config --local --unset-all 'core.sshCommand' || :"
2026-10-01T08:32:25.3608882Z Removing HTTP extra header
2026-10-01T08:32:25.3614741Z [command]/usr/bin/git config --local --name-only --get-regexp http\.https\:\/\/github\.com\/\.extraheader
2026-10-01T08:32:25.3662740Z [command]/usr/bin/git submodule foreach --recursive sh -c "git config --local --name-only --get-regexp 'http\.https\:\/\/github\.com\/\.extraheader' && git config --local --unset-all 'http.https://github.com/.extraheader' || :"
2026-10-01T08:32:25.3931519Z Removing includeIf entries pointing to credentials config files
2026-10-01T08:32:25.3940299Z [command]/usr/bin/git config --local --name-only --get-regexp ^includeIf\.gitdir:
2026-10-01T08:32:25.3978412Z includeif.gitdir:/home/runner/work/AD4DVAR-radar/AD4DVAR-radar/.git.path
2026-10-01T08:32:25.3979672Z includeif.gitdir:/home/runner/work/AD4DVAR-radar/AD4DVAR-radar/.git/worktrees/*.path
2026-10-01T08:32:25.3980529Z includeif.gitdir:/github/workspace/.git.path
2026-10-01T08:32:25.3981284Z includeif.gitdir:/github/workspace/.git/worktrees/*.path
2026-10-01T08:32:25.3989322Z [command]/usr/bin/git config --local --get-all includeif.gitdir:/home/runner/work/AD4DVAR-radar/AD4DVAR-radar/.git.path
2026-10-01T08:32:25.4032800Z /home/runner/work/_temp/git-credentials-d4462f50-5c18-4365-a16f-cb32ba4400e3.config
2026-10-01T08:32:25.4039818Z [command]/usr/bin/git config --local --unset includeif.gitdir:/home/runner/work/AD4DVAR-radar/AD4DVAR-radar/.git.path \/home\/runner\/work\/_temp\/git\-credentials\-d4462f50\-5c18\-4365\-a16f\-cb32ba4400e3\.config
2026-10-01T08:32:25.4094279Z [command]/usr/bin/git config --local --get-all includeif.gitdir:/home/runner/work/AD4DVAR-radar/AD4DVAR-radar/.git/worktrees/*.path
2026-10-01T08:32:25.4125655Z /home/runner/work/_temp/git-credentials-d4462f50-5c18-4365-a16f-cb32ba4400e3.config
2026-10-01T08:32:25.4148944Z [command]/usr/bin/git config --local --unset includeif.gitdir:/home/runner/work/AD4DVAR-radar/AD4DVAR-radar/.git/worktrees/*.path \/home\/runner\/work\/_temp\/git\-credentials\-d4462f50\-5c18\-4365\-a16f\-cb32ba4400e3\.config
2026-10-01T08:32:25.4217139Z [command]/usr/bin/git config --local --get-all includeif.gitdir:/github/workspace/.git.path
2026-10-01T08:32:25.4247852Z /github/runner_temp/git-credentials-d4462f50-5c18-4365-a16f-cb32ba4400e3.config
2026-10-01T08:32:25.4256634Z [command]/usr/bin/git config --local --unset includeif.gitdir:/github/workspace/.git.path \/github\/runner_temp\/git\-credentials\-d4462f50\-5c18\-4365\-a16f\-cb32ba4400e3\.config
2026-10-01T08:32:25.4298262Z [command]/usr/bin/git config --local --get-all includeif.gitdir:/github/workspace/.git/worktrees/*.path
2026-10-01T08:32:25.4328103Z /github/runner_temp/git-credentials-d4462f50-5c18-4365-a16f-cb32ba4400e3.config
2026-10-01T08:32:25.4336858Z [command]/usr/bin/git config --local --unset includeif.gitdir:/github/workspace/.git/worktrees/*.path \/github\/runner_temp\/git\-credentials\-d4462f50\-5c18\-4365\-a16f\-cb32ba4400e3\.config
2026-10-01T08:32:25.4379885Z [command]/usr/bin/git submodule foreach --recursive git config --local --show-origin --name-only --get-regexp remote.origin.url
2026-10-01T08:32:25.4638271Z Removing credentials config '/home/runner/work/_temp/git-credentials-d4462f50-5c18-4365-a16f-cb32ba4400e3.config'
2026-10-01T08:32:25.4821718Z Cleaning up orphan processes
