tests/test_a2_artifacts.py::test_v5_grid_is_research_usable_but_rejected_by_current_nowcast
tests/test_a2_artifacts.py::test_current_run_from_inputs_rejects_v5_grid_before_forecast_issuance
tests/test_a2_artifacts.py::test_legacy_v5_grid_artifact_migrates_without_current_issuance_gate
tests/test_a2_artifacts.py::test_current_v72_artifact_rejects_v5_grid_but_legacy_version_is_not_gated
tests/test_a2_artifacts.py::test_integer_background_age_is_canonicalized_and_serialized_as_float
tests/test_a2_artifacts.py::test_legacy_nan_forecast_migration_compares_nan_masks
tests/test_a2_branch.py::test_interior_peak_switch_is_not_certified_by_matching_samples
tests/test_a2_branch.py::test_current_learning_rejects_nonzero_uncertified_p0_path
tests/test_a2_cli_tools.py::A2CliToolTests::test_builder_rejects_non_x86_linux_before_creating_output
tests/test_a2_cli_tools.py::A2CliToolTests::test_physical_pair_options_remain_supported_with_grid_metadata
tests/test_a2_cli_tools.py::A2CliToolTests::test_physical_pair_options_require_grid_time_metadata
tests/test_a2_fso.py::test_current_v22_censored_weight_binds_p1_domain_and_score
tests/test_a2_fso.py::test_current_v22_spatial_gate_produces_no_fso_support
tests/test_a2_fso.py::test_current_v22_m0_uses_censored_and_fractional_weights
tests/test_a2_fso.py::test_metric_domain_weight_detaches_fractional_typed_verification_weight
tests/test_a2_fso.py::test_v4_learning_approval_binds_full_analysis_input_digest
tests/test_a2_intervention.py::InterventionA2Tests::test_prospective_decision_rejects_all_canonical_noops
tests/test_a2_intervention.py::InterventionA2Tests::test_selected_override_with_real_change_remains_decidable
tests/test_a2_ledger_io.py::LedgerIORegressionTests::test_concurrent_recovery_returns_success_to_both_workers
tests/test_a2_ledger_io.py::LedgerIORegressionTests::test_failed_receipt_insert_removes_only_new_action_directory
tests/test_a2_ledger_io.py::LedgerIORegressionTests::test_operational_provenance_fsync_failure_removes_only_new_directory
tests/test_a2_ledger_io.py::LedgerIORegressionTests::test_source_coverage_rechecks_deadline_inside_write_transaction
tests/test_a2_ledger_snapshot.py::LedgerSnapshotA2Tests::test_computed_snapshot_public_round_trip_preserves_nan_evidence
tests/test_a2_ledger_snapshot.py::LedgerSnapshotA2Tests::test_noncanonical_context_names_are_rejected_before_publication
tests/test_a2_ledger_snapshot.py::LedgerSnapshotA2Tests::test_unavailable_tile_impact_must_be_nan
tests/test_a2_ledger_snapshot.py::LedgerSnapshotA2Tests::test_whitened_tile_norm_checks_only_retained_maps
tests/test_a2_ledger_snapshot.py::LedgerSnapshotA2Tests::test_zero_spatial_snapshot_is_rejected
tests/test_a2_numerics.py::test_extreme_finite_remap_is_zero_and_has_finite_ad_paths
tests/test_a2_numerics.py::test_canonical_observations_are_finite_without_binding_frozen_state
tests/test_a2_numerics.py::test_retained_linearization_rejects_control_inconsistent_remap_cells
tests/test_a2_numerics.py::test_range_partition_evidence_requires_nonempty_unique_labels
tests/test_a2_numerics_cross.py::test_cross_dtype_giant_finite_remap_has_zero_connected_ad_paths
tests/test_a2_numerics_cross.py::test_cross_dtype_integer_boundary_keeps_frozen_branch_derivative
tests/test_a2_numerics_cross.py::test_mps_float32_echo_accepts_cpu_float64_displacement
tests/test_a2_numerics_cross.py::test_cpu_float64_echo_accepts_mps_float32_displacement
tests/test_a2_numerics_cross.py::test_linearization_admission_rejects_malformed_control[wrong_dtype]
tests/test_a2_numerics_cross.py::test_linearization_admission_rejects_malformed_control[extra_tail]
tests/test_a2_numerics_cross.py::test_linearization_admission_rejects_malformed_control[short]
tests/test_a2_promotion.py::A2PromotionTests::test_automatic_ucb_does_not_construct_multiplier_samples
tests/test_a2_promotion.py::A2PromotionTests::test_automatic_ucb_is_invariant_to_unused_bootstrap_resolution
tests/test_a2_promotion.py::A2PromotionTests::test_disjoint_association_uses_chronology_and_time_gap_limit
tests/test_a2_promotion.py::A2PromotionTests::test_overlapping_tracks_are_symmetric_and_connected
tests/test_a2_promotion.py::A2PromotionTests::test_overlapping_tracks_are_symmetric_and_disconnected
tests/test_a5_artifacts_intervention.py::test_source_availability_is_required_and_blocks_zero_effect_dbz_action
tests/test_a5_artifacts_intervention.py::test_source_backed_context_keeps_existing_positive_dbz_decision
tests/test_a5_artifacts_intervention.py::test_present_malformed_common_bias_is_rejected[1.0]
tests/test_a5_artifacts_intervention.py::test_present_malformed_common_bias_is_rejected[None]
tests/test_a5_artifacts_intervention.py::test_present_malformed_common_bias_is_rejected[True]
tests/test_a5_artifacts_intervention.py::test_present_malformed_common_bias_is_rejected[-1.0]
tests/test_a5_artifacts_intervention.py::test_common_bias_guard_accepts_absent_or_zero_and_rejects_positive
tests/test_a5_artifacts_intervention.py::test_single_site_range_resolver_validates_contract_before_use
tests/test_a5_artifacts_intervention.py::test_p1_loader_rejects_conflicting_duplicate_acceptance_flag
tests/test_a5_artifacts_intervention.py::test_durable_source_mask_rebuild_rejects_ambiguous_current_archive
tests/test_a5_artifacts_intervention.py::test_legacy_archive_rebuilds_all_source_mask_and_action_state
tests/test_a5_artifacts_intervention.py::test_durable_append_rejects_nontrivial_source_before_publishing
tests/test_a5_artifacts_intervention.py::test_acceptance_non_directory_root_normalizes_open_error
tests/test_a5_artifacts_intervention.py::test_acceptance_fifo_final_component_is_rejected_without_blocking
tests/test_a5_derivatives.py::A5DerivativeTests::test_censored_observations_drive_frozen_p0_dynamics
tests/test_a5_derivatives.py::A5DerivativeTests::test_observation_removal_reinfers_exogenous_prior
tests/test_a5_derivatives.py::A5DerivativeTests::test_observation_removal_requires_and_preserves_source_history
tests/test_a5_derivatives.py::A5DerivativeTests::test_partial_radar_prior_keeps_identity_fallback_in_fsoi
tests/test_a5_input_defaults.py::SourceAvailabilityDefaultsTests::test_default_quality_matches_explicit_effective_mask
tests/test_a5_input_defaults.py::SourceAvailabilityDefaultsTests::test_explicit_quality_on_an_unavailable_source_remains_invalid
tests/test_a5_input_defaults.py::SourceAvailabilityDefaultsTests::test_public_variational_forecast_uses_same_defaults
tests/test_a5_input_defaults.py::SourceAvailabilityDefaultsTests::test_rehashed_psr_metadata_must_be_floating_scalar
tests/test_a5_input_defaults.py::SourceAvailabilityDefaultsTests::test_zero_taylor_probe_is_not_a_linearity_check
tests/test_a5_io_runtime.py::A5IoRuntimeTests::test_acceptance_fd_walk_does_not_follow_a_parent_replacement
tests/test_a5_io_runtime.py::A5IoRuntimeTests::test_mps_workflow_pins_the_certified_torch_version
tests/test_a5_io_runtime.py::A5IoRuntimeTests::test_report_outside_inputs_is_complete_and_revalidates
tests/test_a5_io_runtime.py::A5IoRuntimeTests::test_report_rejects_a_path_inside_the_artifact_tree
tests/test_a5_io_runtime.py::A5IoRuntimeTests::test_report_rejects_manifest_and_artifact_aliases
tests/test_a5_io_runtime.py::A5IoRuntimeTests::test_runtime_rejects_a_fifo_replacing_a_checked_regular_file
tests/test_a5_io_runtime.py::A5IoRuntimeTests::test_runtime_rejects_fifo_before_open
tests/test_a5_io_runtime.py::A5IoRuntimeTests::test_runtime_rejects_unresolved_ldd_dependency
tests/test_a5_io_runtime.py::A5IoRuntimeTests::test_transport_rejects_moved_grid_shape_mismatch
tests/test_a5_ledger_inputs.py::A5LedgerInputTests::test_episode_listing_orders_by_utc_without_rewriting_legacy_strings
tests/test_a5_ledger_inputs.py::A5LedgerInputTests::test_model_contract_rejects_non_string_annotated_field
tests/test_a5_ledger_inputs.py::A5LedgerInputTests::test_operational_coverage_binding_rejects_cross_plan_and_raw_digest
tests/test_a5_ledger_inputs.py::A5LedgerInputTests::test_operational_history_duplicate_is_idempotent
tests/test_a5_ledger_inputs.py::A5LedgerInputTests::test_operational_plan_rejects_duplicate_single_site_time_slot
tests/test_a5_ledger_inputs.py::A5LedgerInputTests::test_raw_receipt_accepts_equivalent_uppercase_trust_key
tests/test_a5_ledger_storage.py::A5LedgerStorageTests::test_direct_impact_is_rederived_from_retained_map_and_innovation
tests/test_a5_ledger_storage.py::A5LedgerStorageTests::test_direct_maps_must_be_zero_outside_retained_support
tests/test_a5_ledger_storage.py::A5LedgerStorageTests::test_empty_active_support_is_rejected_but_normal_missingness_is_valid
tests/test_a5_ledger_storage.py::A5LedgerStorageTests::test_episode_append_rolls_back_scalar_rows_and_directory
tests/test_a5_ledger_storage.py::A5LedgerStorageTests::test_holdout_plan_clock_abort_rolls_back_all_plan_rows
tests/test_a5_ledger_storage.py::A5LedgerStorageTests::test_public_scoring_replay_retries_after_process_death_orphan
tests/test_a5_ledger_storage.py::A5LedgerStorageTests::test_retained_tile_l2_norms_are_nonnegative_and_map_consistent
tests/test_a5_ledger_storage.py::A5LedgerStorageTests::test_scalar_impact_migration_preserves_existing_rows
tests/test_a5_ledger_storage.py::A5LedgerStorageTests::test_standalone_evaluation_loader_binds_declared_digest_list
tests/test_a5_loss_stats.py::A5LossAndStatisticsTests::test_classifier_joint_min_is_diagnostic_only
tests/test_a5_loss_stats.py::A5LossAndStatisticsTests::test_explicit_preflight_maps_cover_exact_policy_keys
tests/test_a5_loss_stats.py::A5LossAndStatisticsTests::test_explicit_preflight_minima_cannot_lower_policy_floors
tests/test_a5_loss_stats.py::A5LossAndStatisticsTests::test_preflight_brier_requirement_uses_only_proper_scores
tests/test_a5_loss_stats.py::A5LossAndStatisticsTests::test_simultaneous_family_bounds_match_independent_oracle
tests/test_a5_loss_stats.py::A5LossAndStatisticsTests::test_truncated_pit_matches_independent_noncentral_oracle
tests/test_a5_loss_stats.py::A5LossAndStatisticsTests::test_weighted_loss_handles_fp64_weighted_extreme
tests/test_a5_loss_stats.py::A5LossAndStatisticsTests::test_weighted_loss_handles_representable_weighted_value
tests/test_a5_loss_stats.py::A5LossAndStatisticsTests::test_weighted_loss_masks_before_overflow_and_scalar_weight_cancels
tests/test_a5_loss_stats.py::A5LossAndStatisticsTests::test_weighted_loss_promotes_accumulators_and_preserves_ad
tests/test_a5_loss_stats.py::A5LossAndStatisticsTests::test_weighted_loss_rejects_unrepresentable_mathematical_result
tests/test_a5_loss_stats.py::A5LossAndStatisticsTests::test_weighted_loss_zero_quality_excludes_prediction_gradient
tests/test_a5_offline_bounds.py::A5OfflineBoundsTests::test_exact_signed_ledger_genesis_fixture_is_accepted
tests/test_a5_offline_bounds.py::A5OfflineBoundsTests::test_exact_signed_operational_certificate_uses_current_trust_store
tests/test_a5_offline_bounds.py::A5OfflineBoundsTests::test_exact_signed_runtime_expiry_matches_release_expiry
tests/test_a5_offline_bounds.py::A5OfflineBoundsTests::test_signed_operational_certificate_with_wrong_trust_digest_is_rejected
tests/test_a5_offline_bounds.py::A5OfflineBoundsTests::test_signed_runtime_expiry_beyond_release_is_rejected
tests/test_a5_offline_bounds.py::A5OfflineBoundsTests::test_signed_sequence_two_genesis_fixture_is_rejected
tests/test_a5_regression_oracles.py::test_zero_background_vector_update_binds_control_and_both_ad_paths
tests/test_a5_regression_oracles.py::test_canonical_observation_residual_binds_detected_value_and_censor_limit
tests/test_a5_regression_oracles.py::test_current_v22_censored_fso_uses_typed_nonuniform_weights_and_sensitivity
tests/test_a5_resources.py::A5ResourceTests::test_skinny_grid_whitening_keeps_blocks_and_bounded_padding
tests/test_a5_scoring.py::A5ScoringTests::test_full_map_scoring_rejects_off_grid_leads
tests/test_a5_scoring.py::A5ScoringTests::test_issuance_change_fractions_use_operational_and_parent_denominators
tests/test_a5_scoring.py::A5ScoringTests::test_public_targets_keep_confirmed_clear_out_of_echo_support
tests/test_a5_scoring.py::A5ScoringTests::test_public_targets_use_detection_limit_for_censored_event_domain
tests/test_a5_scoring.py::A5ScoringTests::test_support_and_intensity_oracles_use_their_declared_weights
tests/test_a5_uncertainty_oracles.py::A5UncertaintyOracleTests::test_m0_whitened_map_and_tile_norm_use_positive_known_std
tests/test_a5_uncertainty_oracles.py::A5UncertaintyOracleTests::test_physical_posterior_metadata_matches_independent_covariance
tests/test_a5_uncertainty_oracles.py::A5UncertaintyOracleTests::test_posterior_saturation_guard_is_two_sided_at_sigma_boundary
tests/test_a5_uncertainty_oracles.py::A5UncertaintyOracleTests::test_retained_linearization_matches_fresh_weighted_and_robust_gradients
tests/test_a5_variational.py::A5VariationalTests::test_exact_speed_boundary_exposes_inward_generalized_jvp
tests/test_a5_variational.py::A5VariationalTests::test_extreme_common_bias_tile_is_one_bounded_full_grid_tile
tests/test_a5_variational.py::A5VariationalTests::test_extreme_pixel_footprints_are_clipped_to_grid
tests/test_a5_variational.py::A5VariationalTests::test_extreme_pseudo_huber_delta_retains_quadratic_cost_and_gradient
tests/test_a5_variational.py::A5VariationalTests::test_physical_vector_scales_are_rejected_at_public_dtype_boundary
tests/test_a5_variational.py::A5VariationalTests::test_pseudo_huber_cost_and_irls_have_independent_value_oracles
tests/test_a5_variational.py::A5VariationalTests::test_subnormal_pseudo_huber_delta_is_rejected_at_public_dtype_boundary
tests/test_a5_variational.py::A5VariationalTests::test_vector_update_rejects_unrepresentable_limit_and_ratio
tests/test_a5_verification.py::A5VerificationTests::test_current_producer_dtypes_remain_native
tests/test_a5_verification.py::A5VerificationTests::test_current_v22_uses_independent_spatial_temporal_and_weight_oracle
tests/test_a5_verification.py::A5VerificationTests::test_replay_and_contract_boundaries_require_exact_dtypes
tests/test_a5_verification.py::A5VerificationTests::test_selection_certification_keeps_transcendentals_non_authoritative
tests/test_acceptance.py::RealCaseAcceptanceTests::test_complete_matrix_is_report_only_and_content_addressed
tests/test_acceptance.py::RealCaseAcceptanceTests::test_manifest_rejects_live_mode_and_reused_events
tests/test_acceptance.py::RealCaseAcceptanceTests::test_product_digest_cannot_be_injected_outside_the_stage_file
tests/test_acceptance.py::RealCaseAcceptanceTests::test_relabelled_events_never_satisfy_scientific_sample_size
tests/test_acceptance.py::RealCaseAcceptanceTests::test_sample_size_requirement_is_replayed_from_the_typed_preflight
tests/test_affine_holdout.py::test_affine_oracle_matches_closed_characteristic_cell_integrals[translation]
tests/test_affine_holdout.py::test_affine_oracle_matches_closed_characteristic_cell_integrals[shear_with_translation]
tests/test_affine_holdout.py::test_affine_oracle_matches_closed_characteristic_cell_integrals[strain]
tests/test_affine_holdout.py::test_affine_streamfunction_flux_matches_integrated_normal_velocity
tests/test_affine_holdout.py::test_trace_check_uses_the_flow_scale
tests/test_affine_holdout.py::test_lead_outflow_uses_a_common_integrating_factor_origin
tests/test_async_observer_context.py::test_sibling_async_tasks_keep_their_own_stage_and_pcg_records
tests/test_async_observer_context.py::test_inherited_child_does_not_record_after_parent_observer_scope_exits
tests/test_async_observer_context.py::test_inherited_thread_context_does_not_record_after_scope_exits
tests/test_async_observer_context.py::test_expired_inner_scope_keeps_live_outer_observer
tests/test_calibration.py::OperationalCalibrationManifestTests::test_algorithm_bundle_digest_tracks_source_content
tests/test_calibration.py::OperationalCalibrationManifestTests::test_load_rejects_noncanonical_json
tests/test_calibration.py::OperationalCalibrationManifestTests::test_manifest_rejects_invalid_lineage
tests/test_calibration.py::OperationalCalibrationManifestTests::test_metrics_and_regimes_are_certified
tests/test_calibration.py::OperationalCalibrationManifestTests::test_operational_p0_run_has_independent_certified_profile
tests/test_calibration.py::OperationalCalibrationManifestTests::test_operational_p1_run_requires_matching_approved_manifest
tests/test_calibration.py::OperationalCalibrationManifestTests::test_operational_radar_source_identity_round_trips
tests/test_calibration.py::OperationalCalibrationManifestTests::test_p0_runtime_profile_excludes_p1_only_settings
tests/test_calibration.py::OperationalCalibrationManifestTests::test_recursive_algorithm_manifest_covers_subpackages
tests/test_calibration.py::OperationalCalibrationManifestTests::test_round_trip_is_canonical_and_content_addressed
tests/test_calibration.py::OperationalCalibrationManifestTests::test_training_and_validation_periods_cannot_overlap
tests/test_cli.py::CliTests::test_all_qc_rejected_uses_stale_background
tests/test_cli.py::CliTests::test_all_qc_rejected_without_background_is_unavailable
tests/test_cli.py::CliTests::test_atomic_save_fsyncs_file_and_parent_directory
tests/test_cli.py::CliTests::test_atomic_save_preserves_existing_file_on_failure
tests/test_cli.py::CliTests::test_audit_is_optional_and_reuses_the_forecast
tests/test_cli.py::CliTests::test_background_requires_age
tests/test_cli.py::CliTests::test_cli_diagnostic_tampering_breaks_artifact_digest
tests/test_cli.py::CliTests::test_cli_persists_grid_time_contract
tests/test_cli.py::CliTests::test_cli_records_operational_amplitude_policy
tests/test_cli.py::CliTests::test_normal_p0_output_contains_operational_metadata
tests/test_cli.py::CliTests::test_operational_manifest_rejects_changed_runtime_profile
tests/test_cli.py::CliTests::test_operational_mode_records_complete_fail_closed_profile
tests/test_cli.py::CliTests::test_operational_mode_requires_explicit_calibration
tests/test_cli.py::CliTests::test_operational_mode_requires_manifest_with_matching_identity
tests/test_cli.py::CliTests::test_operational_mode_requires_pair_calibration
tests/test_cli.py::CliTests::test_operational_p0_profile_is_supported
tests/test_cli.py::CliTests::test_operational_runtime_profile_tracks_content_not_label
tests/test_cli.py::CliTests::test_variational_cli_binds_common_bias_group_map
tests/test_cli.py::CliTests::test_variational_cli_binds_overlapping_common_bias_modes
tests/test_cli.py::CliTests::test_variational_cli_rejects_modes_before_materializing_them
tests/test_cli.py::CliTests::test_variational_output_records_feasibility_diagnostics
tests/test_contract_registry.py::ContractRegistryTests::test_current_package_explicitly_rejects_operational_deployment
tests/test_contract_registry.py::ContractRegistryTests::test_readme_capability_table_is_generated_from_registry
tests/test_contract_registry.py::ContractRegistryTests::test_registry_is_a_small_runtime_generation_authority
tests/test_contract_registry.py::ContractRegistryTests::test_runtime_current_generations_are_registry_derived
tests/test_deployment_bundle.py::DeploymentBundleTests::test_bundle_seals_wheel_lock_sbom_audit_and_installation
tests/test_deployment_bundle.py::DeploymentBundleTests::test_native_library_identity_is_relocatable_within_import_root
tests/test_deployment_bundle.py::DeploymentBundleTests::test_public_lock_accepts_exact_hashed_local_cpu_wheel
tests/test_deployment_bundle.py::DeploymentBundleTests::test_runtime_tree_excludes_distribution_files_outside_import_roots
tests/test_deployment_bundle.py::DeploymentBundleTests::test_runtime_tree_mismatch_diagnostic_exposes_only_field_names
tests/test_deployment_bundle.py::DeploymentBundleTests::test_runtime_tree_rejects_import_hooks_shadow_files_and_extra_distributions
tests/test_ensemble_sensitivity.py::EnsembleFSOTests::test_beneficial_fraction_excludes_zero_localization_support
tests/test_ensemble_sensitivity.py::EnsembleFSOTests::test_computes_direct_ensemble_observation_impact
tests/test_ensemble_sensitivity.py::EnsembleFSOTests::test_full_r_approval_cannot_be_reused_for_another_spd_operator
tests/test_ensemble_sensitivity.py::EnsembleFSOTests::test_full_r_factory_rejects_an_unverified_precision_vector
tests/test_ensemble_sensitivity.py::EnsembleFSOTests::test_full_r_factory_requires_root_approved_operator
tests/test_ensemble_sensitivity.py::EnsembleFSOTests::test_full_r_factory_verifies_the_precision_solve
tests/test_ensemble_sensitivity.py::EnsembleFSOTests::test_full_r_operator_mutation_is_detected_before_use
tests/test_ensemble_sensitivity.py::EnsembleFSOTests::test_full_r_rejects_an_indefinite_covariance
tests/test_ensemble_sensitivity.py::EnsembleFSOTests::test_full_r_rejects_dense_resource_and_condition_budgets
tests/test_ensemble_sensitivity.py::EnsembleFSOTests::test_localization_and_inputs_are_content_addressed
tests/test_ensemble_sensitivity.py::EnsembleFSOTests::test_localization_mutation_is_rejected
tests/test_ensemble_sensitivity.py::EnsembleFSOTests::test_member_and_observation_ordering_must_match
tests/test_ensemble_sensitivity.py::EnsembleFSOTests::test_member_jackknife_uncertainty_is_reported
tests/test_ensemble_sensitivity.py::EnsembleFSOTests::test_nested_precision_mutation_is_rejected
tests/test_ensemble_sensitivity.py::EnsembleFSOTests::test_rejects_uncentered_ensemble
tests/test_finite_volume_transport.py::test_face_fluxes_cancel_discrete_divergence_and_preserve_gauge
tests/test_finite_volume_transport.py::test_face_fluxes_use_row_increase_as_positive_y_on_a_nonsquare_grid
tests/test_finite_volume_transport.py::test_ssprk2_matches_three_cell_upwind_oracle
tests/test_finite_volume_transport.py::test_cfl_one_is_admissible_when_requested_but_default_margin_rejects
tests/test_finite_volume_transport.py::test_cfl_multiple_requires_explicit_two_steps_and_matches_oracle
tests/test_finite_volume_transport.py::test_no_flow_growth_is_exact_and_source_quadrature_is_independent[-0.3]
tests/test_finite_volume_transport.py::test_no_flow_growth_is_exact_and_source_quadrature_is_independent[0.0]
tests/test_finite_volume_transport.py::test_no_flow_growth_is_exact_and_source_quadrature_is_independent[0.3]
tests/test_finite_volume_transport.py::test_unknown_clear_and_partial_inflow_support_are_separate_fields
tests/test_finite_volume_transport.py::test_time_varying_known_inflow_uses_start_and_end_traces_once
tests/test_finite_volume_transport.py::test_boundary_jump_is_applied_only_after_the_previous_interval_ends
tests/test_finite_volume_transport.py::test_physical_and_integrating_factor_inflow_budgets_use_stage_traces
tests/test_finite_volume_transport.py::test_r_budget_uses_nonunit_cell_area_and_local_growth_factor
tests/test_finite_volume_transport.py::test_no_flow_source_quadrature_has_cubic_local_error
tests/test_finite_volume_transport.py::test_boundary_budget_corners_and_sides_has_no_double_face_weight
tests/test_finite_volume_transport.py::test_transport_budget_matches_source_free_mass_change_with_full_outflow
tests/test_finite_volume_transport.py::test_positive_ssprk2_preserves_nonnegative_echo_across_supported_scales[1e-20-dtype0]
tests/test_finite_volume_transport.py::test_positive_ssprk2_preserves_nonnegative_echo_across_supported_scales[1e-20-dtype1]
tests/test_finite_volume_transport.py::test_positive_ssprk2_preserves_nonnegative_echo_across_supported_scales[1.0-dtype0]
tests/test_finite_volume_transport.py::test_positive_ssprk2_preserves_nonnegative_echo_across_supported_scales[1.0-dtype1]
tests/test_finite_volume_transport.py::test_positive_ssprk2_preserves_nonnegative_echo_across_supported_scales[1e+20-dtype0]
tests/test_finite_volume_transport.py::test_positive_ssprk2_preserves_nonnegative_echo_across_supported_scales[1e+20-dtype1]
tests/test_finite_volume_transport.py::test_known_constant_field_is_preserved_for_random_streamfunction[dtype0-11]
tests/test_finite_volume_transport.py::test_known_constant_field_is_preserved_for_random_streamfunction[dtype1-8]
tests/test_finite_volume_transport.py::test_known_constant_field_is_preserved_for_random_streamfunction[dtype2-13]
tests/test_finite_volume_transport.py::test_known_constant_field_is_preserved_for_random_streamfunction[dtype3-17]
tests/test_finite_volume_transport.py::test_zero_face_flux_has_the_two_one_sided_upwind_derivatives
tests/test_finite_volume_transport.py::test_jvp_vjp_and_finite_difference_agree_away_from_sign_boundaries
tests/test_finite_volume_transport.py::test_step_rejects_invalid_shapes_units_and_step_controls[<lambda>0]
tests/test_finite_volume_transport.py::test_step_rejects_invalid_shapes_units_and_step_controls[<lambda>1]
tests/test_finite_volume_transport.py::test_step_rejects_invalid_shapes_units_and_step_controls[<lambda>2]
tests/test_finite_volume_transport.py::test_step_rejects_invalid_shapes_units_and_step_controls[<lambda>3]
tests/test_finite_volume_transport.py::test_step_rejects_invalid_shapes_units_and_step_controls[<lambda>4]
tests/test_finite_volume_transport.py::test_step_rejects_invalid_shapes_units_and_step_controls[<lambda>5]
tests/test_finite_volume_transport.py::test_step_rejects_invalid_shapes_units_and_step_controls[<lambda>6]
tests/test_finite_volume_transport.py::test_step_rejects_nonfinite_negative_or_mixed_dtype_inputs[echo_nan]
tests/test_finite_volume_transport.py::test_step_rejects_nonfinite_negative_or_mixed_dtype_inputs[support_nan]
tests/test_finite_volume_transport.py::test_step_rejects_nonfinite_negative_or_mixed_dtype_inputs[negative_echo]
tests/test_finite_volume_transport.py::test_step_rejects_nonfinite_negative_or_mixed_dtype_inputs[support_gt_one]
tests/test_finite_volume_transport.py::test_step_rejects_nonfinite_negative_or_mixed_dtype_inputs[qx_nan]
tests/test_finite_volume_transport.py::test_step_rejects_nonfinite_negative_or_mixed_dtype_inputs[dtype]
tests/test_finite_volume_transport.py::test_face_fluxes_reject_wrong_shape_and_nonfinite_psi[bad_psi0]
tests/test_finite_volume_transport.py::test_face_fluxes_reject_wrong_shape_and_nonfinite_psi[bad_psi1]
tests/test_finite_volume_transport.py::test_subnormal_face_flux_keeps_representable_echo_transfer[-1-dtype0-1e+30]
tests/test_finite_volume_transport.py::test_subnormal_face_flux_keeps_representable_echo_transfer[-1-dtype1-1e+300]
tests/test_finite_volume_transport.py::test_subnormal_face_flux_keeps_representable_echo_transfer[1-dtype0-1e+30]
tests/test_finite_volume_transport.py::test_subnormal_face_flux_keeps_representable_echo_transfer[1-dtype1-1e+300]
tests/test_finite_volume_transport.py::test_zero_flux_preserves_midpoint_generalized_derivative
tests/test_finite_volume_transport.py::test_cfl_one_fp32_nonunit_area_uses_the_checked_coefficient
tests/test_full_transport_resource_probe.py::test_post_exit_wall_time_is_still_a_failure
tests/test_full_transport_resource_probe.py::test_missing_worker_output_cannot_reuse_stale_report
tests/test_full_transport_resource_probe.py::test_worker_result_rejects_missing_nonfinite_and_mismatched_evidence
tests/test_full_transport_resource_probe.py::test_worker_result_accepts_the_worker_contract
tests/test_fv86_execution.py::test_resource_guard_terminates_child[0.05-2147483648-wall_time_limit]
tests/test_fv86_execution.py::test_resource_guard_terminates_child[5-1-rss_limit]
tests/test_fv86_execution.py::test_resource_guard_records_normal_exit
tests/test_fv86_execution.py::test_resource_guard_cancels_only_the_requested_child
tests/test_fv86_execution.py::test_numerical_refusal_categories_preserve_distinctions[operator must be symmetric positive definite-nonpositive_curvature]
tests/test_fv86_execution.py::test_numerical_refusal_categories_preserve_distinctions[matrix-free adjoint PCG did not converge-linear_budget_exhausted]
tests/test_fv86_execution.py::test_numerical_refusal_categories_preserve_distinctions[matrix-free Newton PCG true residual exceeds tolerance-linear_residual_failed]
tests/test_fv86_execution.py::test_numerical_refusal_categories_preserve_distinctions[stationarity refinement iteration budget exhausted-stationarity_not_met]
tests/test_fv86_execution.py::test_numerical_refusal_categories_preserve_distinctions[scaled minmod branch identity mismatch-branch_uncertified]
tests/test_fv86_execution.py::test_numerical_refusal_categories_preserve_distinctions[unexpected callback defect-unclassified_refusal]
tests/test_fv86_execution_status.py::test_execution_status_requires_successful_completed_unchanged_run[data0-resource0-completed]
tests/test_fv86_execution_status.py::test_execution_status_requires_successful_completed_unchanged_run[data1-resource1-failed]
tests/test_fv86_execution_status.py::test_execution_status_requires_successful_completed_unchanged_run[data2-resource2-failed]
tests/test_fv86_execution_status.py::test_execution_status_requires_successful_completed_unchanged_run[data3-resource3-failed]
tests/test_fv86_execution_status.py::test_execution_status_requires_successful_completed_unchanged_run[data4-resource4-failed]
tests/test_fv86_execution_status.py::test_execution_status_requires_successful_completed_unchanged_run[data5-resource5-failed]
tests/test_fv86_execution_status.py::test_execution_status_requires_successful_completed_unchanged_run[data6-resource6-failed]
tests/test_fv86_execution_status.py::test_execution_status_requires_successful_completed_unchanged_run[data7-resource7-resource_limited]
tests/test_fv86_execution_status.py::test_execution_status_requires_successful_completed_unchanged_run[data8-resource8-resource_limited]
tests/test_fv86_execution_status.py::test_execution_status_requires_successful_completed_unchanged_run[data9-resource9-failed]
tests/test_fv86_execution_status.py::test_execution_status_requires_successful_completed_unchanged_run[data10-resource10-failed]
tests/test_fv86_execution_status.py::test_summary_counts_only_completed_numerically_eligible_entries
tests/test_fv86_execution_status.py::test_numerical_status_uses_workflow_before_execution_error
tests/test_fv86_execution_status.py::test_run_integrates_factory_and_writes_new_summary_path
tests/test_fv86_execution_status.py::test_run_summarizes_resource_cutoffs_before_identity_or_seed
tests/test_fv86_reanalysis.py::test_full_probe_varies_parameters_at_both_endpoints
tests/test_fv86_reanalysis.py::test_bad_cached_derivatives_fail_before_tangent[direct]
tests/test_fv86_reanalysis.py::test_bad_cached_derivatives_fail_before_tangent[adjoint]
tests/test_fv86_reanalysis.py::test_bad_cached_derivatives_fail_before_tangent[rhs]
tests/test_fv86_reanalysis.py::test_bad_cached_derivatives_fail_before_tangent[mixed]
tests/test_fv86_reanalysis.py::test_pair_error_uses_declared_response_scale
tests/test_fv86_reanalysis.py::test_refused_pairs_reset_consecutive_validation[0-3]
tests/test_fv86_reanalysis.py::test_refused_pairs_reset_consecutive_validation[1-4]
tests/test_fv_analysis_forecast.py::test_forecast_starts_at_analysis_end_and_matches_split_backend
tests/test_fv_analysis_forecast.py::test_future_time_varying_edges_are_consumed_and_differentiable
tests/test_fv_analysis_forecast.py::test_forecast_rejects_a_boundary_start_other_than_analysis_interval
tests/test_fv_analysis_forecast.py::test_analysis_plus_forecast_matches_one_uninterrupted_trajectory_and_jvp[donorcell]
tests/test_fv_analysis_forecast.py::test_analysis_plus_forecast_matches_one_uninterrupted_trajectory_and_jvp[minmod]
tests/test_fv_analysis_forecast.py::test_wrong_boundary_time_is_rejected_before_analysis[0]
tests/test_fv_analysis_forecast.py::test_wrong_boundary_time_is_rejected_before_analysis[1]
tests/test_fv_analysis_forecast.py::test_wrong_boundary_time_is_rejected_before_analysis[3]
tests/test_fv_analysis_forecast.py::test_wrong_boundary_time_is_rejected_before_analysis[2.0]
tests/test_fv_analysis_forecast.py::test_wrong_boundary_time_is_rejected_before_analysis[True]
tests/test_fv_analysis_forecast.py::test_future_boundary_schedule_cannot_reuse_a_different_horizon
tests/test_fv_analysis_response.py::test_eligible_control_skips_refinement_and_returns_response
tests/test_fv_analysis_response.py::test_nonstationary_without_refinement_is_ineligible_and_preserves_control
tests/test_fv_analysis_response.py::test_initial_assessment_failure_never_invokes_refinement[branch]
tests/test_fv_analysis_response.py::test_initial_assessment_failure_never_invokes_refinement[nonfinite]
tests/test_fv_analysis_response.py::test_response_failure_never_returns_partial_response
tests/test_fv_analysis_response.py::test_non_tensor_refiner_result_is_a_bounded_refusal
tests/test_fv_analysis_response.py::test_failed_refinement_or_branch_change_returns_no_response[raises]
tests/test_fv_analysis_response.py::test_failed_refinement_or_branch_change_returns_no_response[bad_control]
tests/test_fv_analysis_response.py::test_failed_refinement_or_branch_change_returns_no_response[branch_change]
tests/test_fv_analysis_response.py::test_explicit_refinement_enables_actual_response
tests/test_fv_analysis_response.py::test_refiner_parameter_mutation_is_rejected_and_caller_parameter_is_preserved[False]
tests/test_fv_analysis_response.py::test_refiner_parameter_mutation_is_rejected_and_caller_parameter_is_preserved[True]
tests/test_fv_analysis_response.py::test_refiner_candidate_contract_is_checked_before_post_assessment[shape]
tests/test_fv_analysis_response.py::test_refiner_candidate_contract_is_checked_before_post_assessment[dtype]
tests/test_fv_analysis_response.py::test_refiner_candidate_contract_is_checked_before_post_assessment[device]
tests/test_fv_analysis_response.py::test_matrix_free_refiner_integrates_or_refuses_without_partial_response[True]
tests/test_fv_analysis_response.py::test_matrix_free_refiner_integrates_or_refuses_without_partial_response[False]
tests/test_fv_analytic_oracle.py::test_pointwise_translation_uses_departure_coordinates
tests/test_fv_analytic_oracle.py::test_pointwise_rotation_has_inverse_characteristic_sign
tests/test_fv_analytic_oracle.py::test_cell_averages_match_independent_midpoint_integration
tests/test_fv_analytic_oracle.py::test_growth_multiplies_echo_and_zero_time_is_identity
tests/test_fv_analytic_oracle.py::test_face_averages_match_independent_fine_midpoint_quadrature
tests/test_fv_analytic_oracle.py::test_oracle_rejects_combined_flow_and_invalid_quadrature
tests/test_fv_comparison_publisher.py::test_archived_comparison_validates_independent_of_row_order
tests/test_fv_comparison_publisher.py::test_donor_report_cannot_be_published_under_minmod_filename
tests/test_fv_comparison_publisher.py::test_incompatible_global_conditions_are_rejected[domain_side_m-24000]
tests/test_fv_comparison_publisher.py::test_incompatible_global_conditions_are_rejected[interval_seconds-300]
tests/test_fv_comparison_publisher.py::test_incompatible_global_conditions_are_rejected[leads-17]
tests/test_fv_comparison_publisher.py::test_incompatible_global_conditions_are_rejected[sizes-value3]
tests/test_fv_comparison_publisher.py::test_incompatible_global_conditions_are_rejected[boundary_condition-periodic]
tests/test_fv_comparison_publisher.py::test_incompatible_row_conditions_are_rejected[reconstruction-donorcell]
tests/test_fv_comparison_publisher.py::test_incompatible_row_conditions_are_rejected[spacing_m-1.0]
tests/test_fv_comparison_publisher.py::test_incompatible_row_conditions_are_rejected[echo_area_threshold-0.2]
tests/test_fv_comparison_publisher.py::test_incompatible_row_conditions_are_rejected[substeps_per_lead-0]
tests/test_fv_comparison_publisher.py::test_duplicate_case_grid_cannot_hide_missing_case
tests/test_fv_comparison_publisher.py::test_changed_evaluation_time_is_rejected
tests/test_fv_comparison_publisher.py::test_shared_wrong_source_hash_is_not_sufficient
tests/test_fv_comparison_publisher.py::test_nonfinite_display_metric_is_rejected
tests/test_fv_comparison_publisher.py::test_panel_cannot_bypass_scheme_validation
tests/test_fv_comparison_publisher.py::test_joint_inverse_panel_preserves_local_scope[False]
tests/test_fv_comparison_publisher.py::test_joint_inverse_panel_preserves_local_scope[True]
tests/test_fv_comparison_publisher.py::test_joint_inverse_rejects_invalid_evidence[gradient_max-nan-gradient_max]
tests/test_fv_comparison_publisher.py::test_joint_inverse_rejects_invalid_evidence[gradient_max-1e-06-gradient_max]
tests/test_fv_comparison_publisher.py::test_joint_inverse_rejects_invalid_evidence[adjoint_relative_residual-inf-adjoint_relative_residual]
tests/test_fv_comparison_publisher.py::test_joint_inverse_rejects_invalid_evidence[adjoint_relative_residual--1e-12-adjoint_relative_residual]
tests/test_fv_comparison_publisher.py::test_joint_inverse_rejects_invalid_evidence[hessian_min_eigenvalue--1.0-Hessian]
tests/test_fv_comparison_publisher.py::test_joint_inverse_rejects_invalid_evidence[source_sha256-value5-identity]
tests/test_fv_comparison_publisher.py::test_joint_inverse_panel_rejects_mutated_numeric_or_source_evidence[zero_margin-branch margin]
tests/test_fv_comparison_publisher.py::test_joint_inverse_panel_rejects_mutated_numeric_or_source_evidence[negative_error-reanalysis numbers]
tests/test_fv_comparison_publisher.py::test_joint_inverse_panel_rejects_mutated_numeric_or_source_evidence[wrong_error-absolute_error]
tests/test_fv_comparison_publisher.py::test_joint_inverse_panel_rejects_mutated_numeric_or_source_evidence[source_hash-identity]
tests/test_fv_comparison_publisher.py::test_local_path_panel_uses_completed_archived_pairs
tests/test_fv_comparison_publisher.py::test_local_path_panel_rejects_changed_evidence[gradient]
tests/test_fv_comparison_publisher.py::test_local_path_panel_rejects_changed_evidence[finite_path]
tests/test_fv_comparison_publisher.py::test_local_path_panel_rejects_changed_evidence[derivative]
tests/test_fv_comparison_publisher.py::test_local_path_panel_rejects_changed_evidence[source]
tests/test_fv_comparison_publisher.py::test_additional_directions_panel_uses_measured_results
tests/test_fv_comparison_publisher.py::test_additional_direction_evidence_rejects_mutation[direct]
tests/test_fv_comparison_publisher.py::test_additional_direction_evidence_rejects_mutation[direction]
tests/test_fv_comparison_publisher.py::test_additional_direction_evidence_rejects_mutation[step]
tests/test_fv_comparison_publisher.py::test_additional_direction_evidence_rejects_mutation[score]
tests/test_fv_comparison_publisher.py::test_additional_direction_evidence_rejects_mutation[branch]
tests/test_fv_comparison_publisher.py::test_additional_direction_evidence_rejects_mutation[gradient]
tests/test_fv_comparison_publisher.py::test_additional_direction_evidence_rejects_mutation[error]
tests/test_fv_comparison_publisher.py::test_matrix_free_panel_shows_separate_terms_and_scope
tests/test_fv_comparison_publisher.py::test_matrix_free_panel_rejects_damaged_evidence[residual]
tests/test_fv_comparison_publisher.py::test_matrix_free_panel_rejects_damaged_evidence[total]
tests/test_fv_comparison_publisher.py::test_matrix_free_panel_rejects_damaged_evidence[source]
tests/test_fv_comparison_publisher.py::test_matrix_free_panel_rejects_damaged_evidence[scope]
tests/test_fv_comparison_publisher.py::test_matrix_free_panel_rejects_damaged_evidence[curvature]
tests/test_fv_comparison_publisher.py::test_matrix_free_panel_rejects_damaged_evidence[mixed]
tests/test_fv_comparison_publisher.py::test_parameter_vjp_panel_and_archive_guard
tests/test_fv_comparison_publisher.py::test_gn_response_panel_and_evidence_identity
tests/test_fv_comparison_publisher.py::test_current_gn_panel_and_identity
tests/test_fv_comparison_publisher.py::test_matrix_free_refinement_panel_and_identity
tests/test_fv_comparison_publisher.py::test_fv86_panel_rejects_changed_summary
tests/test_fv_comparison_publisher.py::test_fv86_panel_rejects_changed_child_artifact
tests/test_fv_comparison_publisher.py::test_fv86_status_summary_is_displayed_and_mutation_rejected
tests/test_fv_comparison_publisher.py::test_fv86_reanalysis_panel_rejects_modified_resource
tests/test_fv_concurrent_response.py::test_runner_and_probe_bind_the_same_sources
tests/test_fv_concurrent_response.py::test_case_archives_direction_branch_and_nominal_gradient[_small_case-archive_names0-direction_slice0-54]
tests/test_fv_concurrent_response.py::test_case_archives_direction_branch_and_nominal_gradient[_large_case-archive_names1-direction_slice1-108]
tests/test_fv_concurrent_response.py::test_runner_classifies_exit_and_source_identity_without_child_run[0-False-1.0-False-completed]
tests/test_fv_concurrent_response.py::test_runner_classifies_exit_and_source_identity_without_child_run[1-False-1.0-False-failed]
tests/test_fv_concurrent_response.py::test_runner_classifies_exit_and_source_identity_without_child_run[0-True-1.0-False-failed]
tests/test_fv_concurrent_response.py::test_runner_classifies_exit_and_source_identity_without_child_run[0-False-300.01-False-failed]
tests/test_fv_concurrent_response.py::test_runner_classifies_exit_and_source_identity_without_child_run[0-False-1.0-True-failed]
tests/test_fv_control_domain.py::test_every_small_box_corner_and_interior_point_respects_actual_cfl[donorcell-dtype0]
tests/test_fv_control_domain.py::test_every_small_box_corner_and_interior_point_respects_actual_cfl[donorcell-dtype1]
tests/test_fv_control_domain.py::test_every_small_box_corner_and_interior_point_respects_actual_cfl[minmod-dtype0]
tests/test_fv_control_domain.py::test_every_small_box_corner_and_interior_point_respects_actual_cfl[minmod-dtype1]
tests/test_fv_control_domain.py::test_unsafe_box_is_rejected_even_at_zero_current_control
tests/test_fv_control_domain.py::test_near_cap_box_rejection_is_from_rounding_allowance[dtype0]
tests/test_fv_control_domain.py::test_near_cap_box_rejection_is_from_rounding_allowance[dtype1]
tests/test_fv_control_domain.py::test_chart_preserves_first_and_second_derivatives
tests/test_fv_external_background_phase1.py::test_background_uses_only_first_observation_and_is_bounded
tests/test_fv_external_background_phase1.py::test_saved_phase1_chain_and_reload_evidence
tests/test_fv_general_boundary.py::test_minmod_stage_boundary_has_independent_growth_oracle
tests/test_fv_general_boundary.py::test_minmod_boundary_jump_uses_separate_step_endpoints
tests/test_fv_general_boundary.py::test_minmod_rejects_unknown_partial_initial_or_inflow[0.0]
tests/test_fv_general_boundary.py::test_minmod_rejects_unknown_partial_initial_or_inflow[0.5]
tests/test_fv_general_boundary.py::test_minmod_rejects_unknown_partial_initial_or_inflow[0.999]
tests/test_fv_general_boundary.py::test_unused_outflow_boundary_support_need_not_be_known
tests/test_fv_general_boundary.py::test_known_zero_matches_frozen_minmod[dtype0]
tests/test_fv_general_boundary.py::test_known_zero_matches_frozen_minmod[dtype1]
tests/test_fv_general_boundary.py::test_boundary_budget_and_derivatives_on_nonsquare_grid[0.02]
tests/test_fv_general_boundary.py::test_boundary_budget_and_derivatives_on_nonsquare_grid[-0.02]
tests/test_fv_general_boundary.py::test_minmod_uses_its_own_cfl_bound
tests/test_fv_gn_response_probe.py::test_fresh_gn_forwards_exact_solver_control_after_verification[False]
tests/test_fv_gn_response_probe.py::test_fresh_gn_forwards_exact_solver_control_after_verification[True]
tests/test_fv_grid_convergence_probe.py::test_spatial_and_jvp_errors_decrease_on_refinement[translation]
tests/test_fv_grid_convergence_probe.py::test_spatial_and_jvp_errors_decrease_on_refinement[rotation]
tests/test_fv_grid_convergence_probe.py::test_spatial_and_jvp_errors_decrease_on_refinement[area_preserving_strain]
tests/test_fv_grid_convergence_probe.py::test_shape_moments_include_uniform_cell_interior
tests/test_fv_grid_convergence_probe.py::test_empty_shape_has_no_defined_centroid_or_width
tests/test_fv_grid_convergence_probe.py::test_minmod_one_lead_forwards_reconstruction_to_primal_and_jvp
tests/test_fv_inverse_identifiability.py::test_zero_flow_selected_jacobian_is_not_a_directional_stationarity_test[False]
tests/test_fv_inverse_identifiability.py::test_zero_flow_selected_jacobian_is_not_a_directional_stationarity_test[True]
tests/test_fv_inverse_identifiability.py::test_constant_echo_with_matching_boundary_cannot_identify_rotation[donorcell]
tests/test_fv_inverse_identifiability.py::test_constant_echo_with_matching_boundary_cannot_identify_rotation[minmod]
tests/test_fv_inverse_identifiability.py::test_constant_echo_psi_null_does_not_certify_mixed_field_psi_derivatives
tests/test_fv_learning_probe.py::test_exact_stationary_observation_scale_update_has_reanalysis_and_reload_evidence
tests/test_fv_minmod_derivative_branches.py::test_equal_slope_limiter_has_one_sided_split_even_when_ad_vjp_is_consistent
tests/test_fv_minmod_derivative_branches.py::test_smooth_quadratic_profile_has_matching_one_sided_finite_differences
tests/test_fv_minmod_derivative_branches.py::test_zero_flow_at_limiter_ties_is_identity_with_identity_derivative
tests/test_fv_minmod_inverse_probe.py::test_joint_inverse_traces_both_rk_stages_across_replay_boundary
tests/test_fv_minmod_inverse_probe.py::test_joint_inverse_rejects_nominal_zero_controlled_flux
tests/test_fv_minmod_inverse_probe.py::test_joint_inverse_traces_decay_maintain_and_growth_on_smooth_branches[-0.023187493904503132]
tests/test_fv_minmod_inverse_probe.py::test_joint_inverse_traces_decay_maintain_and_growth_on_smooth_branches[0.0]
tests/test_fv_minmod_inverse_probe.py::test_joint_inverse_traces_decay_maintain_and_growth_on_smooth_branches[0.023187493904503132]
tests/test_fv_minmod_inverse_probe.py::test_zero_growth_objective_hvp_has_two_sided_second_order_convergence
tests/test_fv_minmod_inverse_probe.py::test_flat_echo_is_forward_available_but_strict_local_response_is_refused
tests/test_fv_minmod_inverse_probe.py::test_joint_inverse_rejects_active_limiter_tie
tests/test_fv_minmod_inverse_probe.py::test_branch_signature_keeps_signed_faces_and_per_cell_slope_choices
tests/test_fv_minmod_inverse_probe.py::test_strict_opposite_slopes_have_a_smooth_zero_limiter
tests/test_fv_minmod_joint_derivatives.py::test_minmod_joint_gradient_hvp_and_replay_with_signed_flow
tests/test_fv_minmod_joint_derivatives.py::test_one_sided_joint_state_and_gradient_taylor_slopes
tests/test_fv_minmod_joint_derivatives.py::test_nominal_zero_flow_forward_identity_is_distinct_from_signed_flow
tests/test_fv_minmod_local_path_probe.py::test_measured_cached_linearization_is_resolved
tests/test_fv_minmod_local_path_probe.py::test_corrupted_cached_linearization_is_rejected[tangent]
tests/test_fv_minmod_local_path_probe.py::test_corrupted_cached_linearization_is_rejected[adjoint]
tests/test_fv_minmod_local_path_probe.py::test_corrupted_cached_linearization_is_rejected[asymmetry]
tests/test_fv_minmod_local_path_probe.py::test_corrupted_cached_linearization_is_rejected[nan]
tests/test_fv_minmod_local_path_probe.py::test_resume_counts_structural_and_derivative_pairs_separately
tests/test_fv_minmod_local_path_probe.py::test_cached_score_derivatives_require_scaled_finite_agreement
tests/test_fv_minmod_local_path_probe.py::test_cached_parameter_direction_is_literal_and_typed
tests/test_fv_minmod_local_path_probe.py::test_cache_payload_binds_numerical_contract_and_rejects_mutation
tests/test_fv_minmod_local_path_probe.py::test_legacy_cache_requires_trusted_archive_and_producer
tests/test_fv_minmod_local_path_probe.py::test_direct_cache_rejects_changes_to_current_score[direct]
tests/test_fv_minmod_local_path_probe.py::test_direct_cache_rejects_changes_to_current_score[shape]
tests/test_fv_minmod_local_path_probe.py::test_direct_cache_rejects_changes_to_current_score[tiny_component]
tests/test_fv_minmod_local_path_probe.py::test_direct_cache_rejects_changes_to_current_score[verification]
tests/test_fv_minmod_local_path_probe.py::test_direct_cache_rejects_changes_to_current_score[score]
tests/test_fv_minmod_local_path_probe.py::test_calculation_identity_ignores_logging_but_detects_changed_equations
tests/test_fv_minmod_local_path_probe.py::test_new_direction_clears_old_pairs_and_computes_its_cross
tests/test_fv_minmod_local_path_probe.py::test_completed_direction_resume_validates_without_repeating_reanalysis
tests/test_fv_minmod_matrix_free_probe.py::test_research_adapter_rejects_unsupported_inputs[donorcell]
tests/test_fv_minmod_matrix_free_probe.py::test_research_adapter_rejects_unsupported_inputs[missing]
tests/test_fv_minmod_matrix_free_probe.py::test_research_adapter_rejects_unsupported_inputs[boundary]
tests/test_fv_minmod_matrix_free_probe.py::test_research_adapter_rejects_unsupported_inputs[pattern]
tests/test_fv_minmod_matrix_free_probe.py::test_branch_guard_rejects_changed_signature_and_transform_floor
tests/test_fv_minmod_matrix_free_probe.py::test_archived_sources_relocate_without_basename_collision
tests/test_fv_minmod_matrix_free_probe.py::test_archived_sources_reject_outside_root
tests/test_fv_minmod_matrix_free_probe.py::test_actual_archived_gn_result_is_rejected_before_adjoint
tests/test_fv_neural_learning_probe.py::test_neural_features_are_not_a_duplicate_intercept_and_output_is_bounded
tests/test_fv_neural_learning_probe.py::test_neural_fv_update_and_checkpoint_reanalysis
tests/test_fv_neural_observation_path.py::test_neural_feature_path_matches_reanalysis_without_changing_raw_observations
tests/test_fv_numerical_range.py::test_stationary_minimum_subnormal_and_its_derivative_are_preserved[donorcell-dtype0]
tests/test_fv_numerical_range.py::test_stationary_minimum_subnormal_and_its_derivative_are_preserved[donorcell-dtype1]
tests/test_fv_numerical_range.py::test_stationary_minimum_subnormal_and_its_derivative_are_preserved[minmod-dtype0]
tests/test_fv_numerical_range.py::test_stationary_minimum_subnormal_and_its_derivative_are_preserved[minmod-dtype1]
tests/test_fv_numerical_range.py::test_tiny_boundary_is_amplified_before_transport_rounding[donorcell-dtype0-80.0]
tests/test_fv_numerical_range.py::test_tiny_boundary_is_amplified_before_transport_rounding[donorcell-dtype1-700.0]
tests/test_fv_numerical_range.py::test_tiny_boundary_is_amplified_before_transport_rounding[minmod-dtype0-80.0]
tests/test_fv_numerical_range.py::test_tiny_boundary_is_amplified_before_transport_rounding[minmod-dtype1-700.0]
tests/test_fv_numerical_range.py::test_large_decaying_boundary_has_finite_transformed_budget[donorcell]
tests/test_fv_numerical_range.py::test_large_decaying_boundary_has_finite_transformed_budget[minmod]
tests/test_fv_numerical_range.py::test_unrepresentable_transformed_budget_is_explicitly_rejected
tests/test_fv_numerical_range.py::test_large_growing_boundary_is_transported_before_scaling_when_needed[donorcell]
tests/test_fv_numerical_range.py::test_large_growing_boundary_is_transported_before_scaling_when_needed[minmod]
tests/test_fv_numerical_range.py::test_decay_transformed_inflow_retains_tiny_boundary[dtype0--80.0]
tests/test_fv_numerical_range.py::test_decay_transformed_inflow_retains_tiny_boundary[dtype1--700.0]
tests/test_fv_numerical_range.py::test_growth_branch_has_the_analytic_first_and_second_derivatives[-1e-08-donorcell]
tests/test_fv_numerical_range.py::test_growth_branch_has_the_analytic_first_and_second_derivatives[-1e-08-minmod]
tests/test_fv_numerical_range.py::test_growth_branch_has_the_analytic_first_and_second_derivatives[0.0-donorcell]
tests/test_fv_numerical_range.py::test_growth_branch_has_the_analytic_first_and_second_derivatives[0.0-minmod]
tests/test_fv_numerical_range.py::test_growth_branch_has_the_analytic_first_and_second_derivatives[1e-08-donorcell]
tests/test_fv_numerical_range.py::test_growth_branch_has_the_analytic_first_and_second_derivatives[1e-08-minmod]
tests/test_fv_numerical_range.py::test_zero_flux_small_growth_resolves_sub_ulp_integrating_factor
tests/test_fv_numerical_range.py::test_growth_product_uses_exp_fallback_at_small_log_boundary[-0.125]
tests/test_fv_numerical_range.py::test_growth_product_uses_exp_fallback_at_small_log_boundary[0.125]
tests/test_fv_numerical_range.py::test_large_unused_boundary_does_not_erase_tiny_inflow[-80.0-donorcell]
tests/test_fv_numerical_range.py::test_large_unused_boundary_does_not_erase_tiny_inflow[-80.0-minmod]
tests/test_fv_numerical_range.py::test_large_unused_boundary_does_not_erase_tiny_inflow[80.0-donorcell]
tests/test_fv_numerical_range.py::test_large_unused_boundary_does_not_erase_tiny_inflow[80.0-minmod]
tests/test_fv_observability.py::test_clear_and_constant_cases_have_unobservable_flow
tests/test_fv_observability.py::test_asymmetric_case_reports_local_flow_observability_without_full_rank_claim
tests/test_fv_observation_response.py::test_parameterized_background_matches_external_exact_oracle
tests/test_fv_observation_response.py::test_parameterized_background_matches_polished_centered_reanalysis
tests/test_fv_observation_response.py::test_parameterized_background_requires_exact_frozen_baseline
tests/test_fv_observation_response.py::test_parameterized_background_keeps_typed_prior_gate
tests/test_fv_observation_response.py::test_response_rejects_non_donorcell_before_stationarity
tests/test_fv_observation_response.py::test_response_is_cpu_fp64_only
tests/test_fv_observation_response.py::test_response_rejects_nonstationary_nonzero_dynamics
tests/test_fv_observation_response.py::test_response_requires_the_declared_first_observation_background
tests/test_fv_observation_response.py::test_response_rejects_missing_first_observation_background
tests/test_fv_observation_response.py::test_response_rejects_invalid_metric_weights[metric_weight0-positive total]
tests/test_fv_observation_response.py::test_response_rejects_invalid_metric_weights[metric_weight1-nonnegative]
tests/test_fv_observation_response.py::test_response_rejects_an_exhausted_normal_product_budget
tests/test_fv_observation_response.py::test_zero_flow_control_is_rejected_as_a_sensitive_face_tie
tests/test_fv_observation_response.py::test_response_accepts_partial_future_boundary_support
tests/test_fv_observation_response.py::test_response_rejects_support_outside_fixed_unit_interval
tests/test_fv_observation_response.py::test_response_rejects_near_one_fractional_support
tests/test_fv_observation_response.py::test_response_accepts_partial_outflow_analysis_support_with_missing_data
tests/test_fv_observation_response.py::test_response_rejects_active_observations_outside_known_support
tests/test_fv_observation_response.py::test_response_requires_fixed_verification_and_weight_tensors[verification_dbz]
tests/test_fv_observation_response.py::test_response_requires_fixed_verification_and_weight_tensors[metric_weight]
tests/test_fv_observation_response.py::test_response_requires_fixed_future_boundary_tensors
tests/test_fv_observation_response.py::test_refined_response_ignores_finite_huge_verification_at_zero_weight
tests/test_fv_observation_response.py::test_refined_response_is_invariant_to_uniform_weight_scaling
tests/test_fv_observation_response.py::test_exact_robust_hessian_matches_dense_small_oracle
tests/test_fv_observation_response.py::test_exact_response_matches_reanalysis_fd_with_missing_and_partial_support
tests/test_fv_observation_response.py::test_exact_robust_hessian_allows_zero_score_response
tests/test_fv_observation_response.py::test_exact_robust_hessian_rejects_negative_curvature
tests/test_fv_observation_response.py::test_response_rejects_weight_range_that_underflows_normalization
tests/test_fv_observation_response.py::test_response_rejects_observation_dtype_mismatch
tests/test_fv_observation_response.py::test_response_rejects_narrow_observation_shape_without_broadcasting
tests/test_fv_observation_response.py::test_parameterized_background_rejects_transform_join[-1]
tests/test_fv_observation_response.py::test_parameterized_background_rejects_transform_join[0]
tests/test_fv_observation_response.py::test_parameterized_background_rejects_transform_join[1]
tests/test_fv_observation_response.py::test_initial_transform_open_branches_match_two_sided_derivatives[0.5]
tests/test_fv_observation_response.py::test_initial_transform_open_branches_match_two_sided_derivatives[2.0]
tests/test_fv_observation_response.py::test_first_observation_rejects_initial_transform_join
tests/test_fv_observation_response.py::test_initial_transform_nonzero_control_mixed_derivative[0.5-0.0-1.0]
tests/test_fv_observation_response.py::test_initial_transform_nonzero_control_mixed_derivative[0.5--10.0-4.0]
tests/test_fv_observation_response.py::test_initial_transform_nonzero_control_mixed_derivative[2.0-0.0-1.0]
tests/test_fv_observation_response.py::test_initial_transform_nonzero_control_mixed_derivative[2.0--10.0-4.0]
tests/test_fv_original_cases.py::test_fixed_metric_keeps_persistence_on_full_domain
tests/test_fv_original_cases.py::test_any_missing_candidate_is_unscored_and_marked
tests/test_fv_original_cases.py::test_failed_metric_records_both_leads_with_fixed_domain
tests/test_fv_original_cases.py::test_outer_budget_rejects_nonpositive_without_running_cases
tests/test_fv_partial_alternate_root.py::test_changed_signature_uses_measured_phi_decrease_only
tests/test_fv_partial_alternate_root.py::test_same_signature_keeps_refiners_normalized_armijo
tests/test_fv_partial_alternate_root.py::test_seed_control_is_reconstructed_from_hash_pinned_pr209_raw_trial
tests/test_fv_partial_alternate_root.py::test_corrupt_pr212_manifest_cannot_be_a_completed_numerical_refusal
tests/test_fv_partial_alternate_root.py::test_resealed_wrong_pr212_evidence_is_execution_error[seed_status]
tests/test_fv_partial_alternate_root.py::test_resealed_wrong_pr212_evidence_is_execution_error[resource_exit]
tests/test_fv_partial_alternate_root.py::test_resealed_wrong_pr212_evidence_is_execution_error[source_pin]
tests/test_fv_partial_alternate_root.py::test_direct_probe_cannot_write_inside_either_raw_archive[archive0]
tests/test_fv_partial_alternate_root.py::test_direct_probe_cannot_write_inside_either_raw_archive[archive1]
tests/test_fv_partial_alternate_root.py::test_changed_signature_rejects_non_decrease_at_roundoff_floor
tests/test_fv_partial_alternate_root.py::test_publication_requires_true_residual_and_switch_policy_evidence
tests/test_fv_partial_alternate_root.py::test_terminal_pcg_refusal_is_a_numerical_refusal[nonconverged]
tests/test_fv_partial_alternate_root.py::test_terminal_pcg_refusal_is_a_numerical_refusal[true_residual]
tests/test_fv_partial_alternate_root.py::test_terminal_pcg_refusal_rejects_unrelated_reason_and_followup_work
tests/test_fv_partial_alternate_root.py::test_nonconverged_pcg_refusal_requires_limit_and_both_residuals[iterations-0]
tests/test_fv_partial_alternate_root.py::test_nonconverged_pcg_refusal_requires_limit_and_both_residuals[iterations-103]
tests/test_fv_partial_alternate_root.py::test_nonconverged_pcg_refusal_requires_limit_and_both_residuals[reported_relative_residual-1e-10]
tests/test_fv_partial_alternate_root.py::test_nonconverged_pcg_refusal_requires_limit_and_both_residuals[true_relative_residual-1e-10]
tests/test_fv_partial_alternate_root.py::test_terminal_known_pcg_operator_refusal_is_accepted
tests/test_fv_partial_alternate_root.py::test_publication_requires_exact_policy_for_signature_switch
tests/test_fv_partial_alternate_root.py::test_root_success_and_low_margin_are_distinct
tests/test_fv_partial_alternate_seed_gate.py::test_selection_is_one_previously_refused_cross_sector_candidate
tests/test_fv_partial_alternate_seed_gate.py::test_changed_archived_control_hash_is_rejected
tests/test_fv_partial_alternate_seed_gate.py::test_parent_requires_only_seed_evidence[none]
tests/test_fv_partial_alternate_seed_gate.py::test_parent_requires_only_seed_evidence[response]
tests/test_fv_partial_alternate_seed_gate.py::test_parent_requires_only_seed_evidence[wrong_curvature_hash]
tests/test_fv_partial_alternate_seed_gate.py::test_parent_requires_only_seed_evidence[low_margin]
tests/test_fv_partial_alternate_seed_gate.py::test_parent_requires_only_seed_evidence[wrong_exit]
tests/test_fv_partial_alternate_seed_gate.py::test_parent_requires_only_seed_evidence[accepted_seed]
tests/test_fv_partial_alternate_seed_gate.py::test_parent_requires_only_seed_evidence[wrong_input]
tests/test_fv_partial_alternate_seed_gate.py::test_parent_requires_only_seed_evidence[newton_count]
tests/test_fv_partial_alternate_seed_gate.py::test_gate_cannot_write_into_archived_raw_directory
tests/test_fv_partial_alternate_seed_gate.py::test_guarded_parent_cannot_create_directory_inside_raw_archive
tests/test_fv_partial_alternate_seed_gate.py::test_direct_cli_cannot_create_directory_inside_raw_archive
tests/test_fv_partial_alternate_seed_gate.py::test_reviewed_plan_and_probe_hashes_are_required_before_fv_work
tests/test_fv_partial_alternate_seed_gate.py::test_status_helper_source_mismatch_fails_before_fv_preflight
tests/test_fv_partial_alternate_seed_gate.py::test_guarded_parent_rejects_unreviewed_runner_before_child
tests/test_fv_partial_face_event_probe.py::test_bisect_zero_finds_linear_event_with_bounded_bracket
tests/test_fv_partial_face_event_probe.py::test_bisect_zero_accepts_exact_representable_root_without_event_derivatives
tests/test_fv_partial_face_event_probe.py::test_bisect_zero_refuses_unbracketed_or_nonfinite_events[<lambda>-opposite signs]
tests/test_fv_partial_face_event_probe.py::test_bisect_zero_refuses_unbracketed_or_nonfinite_events[<lambda>-endpoint event]
tests/test_fv_partial_face_event_probe.py::test_bisect_zero_refuses_unbracketed_or_nonfinite_events[<lambda>-finite]
tests/test_fv_partial_face_event_probe.py::test_event_side_parameters_keep_declared_offsets_separate
tests/test_fv_partial_face_event_probe.py::test_event_side_parameters_omits_offsets_outside_open_chord
tests/test_fv_partial_face_event_probe.py::test_event_side_schedule_records_each_unavailable_offset_without_replacement
tests/test_fv_partial_face_event_probe.py::test_event_side_parameters_requires_finite_interior_event[nan]
tests/test_fv_partial_face_event_probe.py::test_event_side_parameters_requires_finite_interior_event[-0.1]
tests/test_fv_partial_face_event_probe.py::test_event_side_parameters_requires_finite_interior_event[1.0]
tests/test_fv_partial_face_event_probe.py::test_event_side_parameters_requires_finite_interior_event[1.1]
tests/test_fv_partial_face_event_probe.py::test_known_strict_branch_refusal_is_recorded_without_derivatives
tests/test_fv_partial_face_event_probe.py::test_unexpected_branch_callback_error_fails_closed
tests/test_fv_partial_face_event_runner.py::test_runner_launches_exact_guarded_command_and_records_completion
tests/test_fv_partial_face_event_runner.py::test_runner_distinguishes_child_exception_from_nonzero_exit[1-False-child_exception]
tests/test_fv_partial_face_event_runner.py::test_runner_distinguishes_child_exception_from_nonzero_exit[2-True-child_nonzero_exit]
tests/test_fv_partial_face_event_runner.py::test_runner_rejects_stale_plan_or_source_before_guard
tests/test_fv_partial_face_event_runner.py::test_runner_refuses_nonempty_or_archive_output_directory
tests/test_fv_partial_face_event_runner.py::test_runner_marks_source_drift_after_child_as_identity_changed
tests/test_fv_partial_face_event_runner.py::test_runner_rejects_forged_child[empty_chord]
tests/test_fv_partial_face_event_runner.py::test_runner_rejects_forged_child[empty_sample]
tests/test_fv_partial_face_event_runner.py::test_runner_rejects_forged_child[forged_margin]
tests/test_fv_partial_face_event_runner.py::test_runner_rejects_forged_child[forged_comparison]
tests/test_fv_partial_face_event_runner.py::test_runner_rejects_forged_child[forged_input]
tests/test_fv_partial_face_event_runner.py::test_runner_rejects_forged_child[forged_face]
tests/test_fv_partial_face_event_runner.py::test_runner_rejects_forged_child[forged_sample_hash]
tests/test_fv_partial_face_event_runner.py::test_signature_validator_rejects_nonphysical_4x5_signature[shape]
tests/test_fv_partial_face_event_runner.py::test_signature_validator_rejects_nonphysical_4x5_signature[sign_value]
tests/test_fv_partial_face_geometry.py::test_diagnostic_cannot_write_inside_raw_archive
tests/test_fv_partial_face_geometry.py::test_diagnostic_cannot_overwrite_existing_temporary_symlink
tests/test_fv_partial_face_geometry.py::test_changed_transport_source_is_not_attributed_to_archived_geometry
tests/test_fv_partial_face_geometry.py::test_archived_seed_face_sign_and_ratio_are_recomputed_from_production_map
tests/test_fv_partial_face_tangent_probe.py::test_tangent_projection_removes_only_the_normal_component
tests/test_fv_partial_face_tangent_probe.py::test_segment_minimum_uses_clipped_analytic_minimizer
tests/test_fv_partial_face_tangent_probe.py::test_segment_minimum_reports_degenerate_pair_without_division
tests/test_fv_partial_face_tangent_probe.py::test_fake_diagnostic_records_float_face_value_without_event_objective_ad
tests/test_fv_partial_face_tangent_probe.py::test_guard_validators_reject_forged_resource_and_child
tests/test_fv_partial_face_tangent_probe.py::test_guarded_launch_requires_a_fresh_attempt_directory
tests/test_fv_partial_face_tangent_probe.py::test_guarded_launch_requires_the_caller_reviewed_probe_hash
tests/test_fv_partial_field_correction_probe.py::test_reduced_gradient_hessian_and_fixed_dynamics_match_full_quadratic
tests/test_fv_partial_field_correction_probe.py::test_objective_gate_preserves_armijo_when_j_does_not_increase
tests/test_fv_partial_field_correction_probe.py::test_fake_guard_requires_reviewed_child_identity_and_resource_completion
tests/test_fv_partial_field_correction_probe.py::test_fake_guard_rejects_invalid_resource_evidence[rss_samples-0]
tests/test_fv_partial_field_correction_probe.py::test_fake_guard_rejects_invalid_resource_evidence[sampled_peak_rss_bytes-1073741825]
tests/test_fv_partial_field_correction_probe.py::test_fake_guard_rejects_invalid_resource_evidence[elapsed_seconds-301.0]
tests/test_fv_partial_field_correction_probe.py::test_parent_final_audit_recomputes_metrics_at_reported_control
tests/test_fv_partial_observation_preparation.py::test_partial_prepare_solve_refine_forecast_and_exact_response[missing]
tests/test_fv_partial_observation_preparation.py::test_partial_prepare_solve_refine_forecast_and_exact_response[qc]
tests/test_fv_partial_observation_preparation.py::test_partial_prepare_solve_refine_forecast_and_exact_response[quality]
tests/test_fv_partial_observation_preparation.py::test_finite_masked_values_do_not_change_prepared_fv_state
tests/test_fv_partial_observation_preparation.py::test_parameterized_background_masks_invalid_observation_dependency
tests/test_fv_partial_observation_preparation.py::test_parameterized_background_uses_fixed_censored_representative
tests/test_fv_partial_observation_preparation.py::test_fv_prepare_rejects_no_valid_observations
tests/test_fv_partial_observation_preparation.py::test_fv_prepare_rejects_missing_initial_support_without_background
tests/test_fv_partial_policy_decision.py::test_archived_refusal_is_a_policy_outcome_not_root_absence
tests/test_fv_partial_policy_decision.py::test_output_cannot_overwrite_plan_manifest_or_archived_raw
tests/test_fv_partial_policy_decision.py::test_reclassification_rejects_tampered_archived_semantics[issued_response]
tests/test_fv_partial_policy_decision.py::test_reclassification_rejects_tampered_archived_semantics[zero_exit]
tests/test_fv_partial_policy_decision.py::test_reclassification_rejects_tampered_archived_semantics[wrong_reason_counts]
tests/test_fv_partial_policy_decision.py::test_reclassification_rejects_tampered_archived_semantics[resource_killed]
tests/test_fv_partial_policy_decision.py::test_reclassification_rejects_tampered_archived_semantics[path_escape]
tests/test_fv_partial_reanalysis_preflight.py::test_source_bound_preflight_does_not_solve_and_checks_both_branch_margins
tests/test_fv_partial_reanalysis_preflight.py::test_guarded_runner_refuses_changed_preflight_before_numerical_child
tests/test_fv_partial_reanalysis_preflight.py::test_guarded_runner_preserves_existing_artifacts
tests/test_fv_partial_reanalysis_preflight.py::test_guarded_runner_rejects_invalid_wall_cap_before_launch
tests/test_fv_partial_reanalysis_preflight.py::test_nominal_only_resource_run_cannot_start_signed_endpoints
tests/test_fv_partial_reanalysis_preflight.py::test_numerical_driver_identity_and_directional_arithmetic_are_fail_closed
tests/test_fv_partial_reanalysis_preflight.py::test_refused_nominal_refinement_is_recorded_as_attempted
tests/test_fv_partial_sector_root.py::test_current_source_preflight_preserves_frozen_tensors_but_versions_identity
tests/test_fv_partial_sector_root.py::test_changed_sector_gets_explicit_measured_merit_decision
tests/test_fv_partial_sector_root.py::test_parent_distinguishes_root_refusal_and_resource[root_margin_qualified-None-completed]
tests/test_fv_partial_sector_root.py::test_parent_distinguishes_root_refusal_and_resource[root_margin_qualified-valid_switch-completed]
tests/test_fv_partial_sector_root.py::test_parent_distinguishes_root_refusal_and_resource[root_margin_qualified-wrong_switch_merit-failed]
tests/test_fv_partial_sector_root.py::test_parent_distinguishes_root_refusal_and_resource[root_low_margin-None-completed]
tests/test_fv_partial_sector_root.py::test_parent_distinguishes_root_refusal_and_resource[root_refused-None-completed]
tests/test_fv_partial_sector_root.py::test_parent_distinguishes_root_refusal_and_resource[seed_branch_refused-None-completed]
tests/test_fv_partial_sector_root.py::test_parent_distinguishes_root_refusal_and_resource[seed_branch_refused-wrong_seed_hash-failed]
tests/test_fv_partial_sector_root.py::test_parent_distinguishes_root_refusal_and_resource[seed_branch_refused-unrecognized_seed_reason-failed]
tests/test_fv_partial_sector_root.py::test_parent_distinguishes_root_refusal_and_resource[seed_branch_refused-admitted_seed-failed]
tests/test_fv_partial_sector_root.py::test_parent_distinguishes_root_refusal_and_resource[seed_branch_refused-seed_curvature_present-failed]
tests/test_fv_partial_sector_root.py::test_parent_distinguishes_root_refusal_and_resource[seed_branch_refused-final_gradient_present-failed]
tests/test_fv_partial_sector_root.py::test_parent_distinguishes_root_refusal_and_resource[seed_branch_refused-response_data_present-failed]
tests/test_fv_partial_sector_root.py::test_parent_distinguishes_root_refusal_and_resource[seed_branch_refused-final_curvature_hash_present-failed]
tests/test_fv_partial_sector_root.py::test_parent_distinguishes_root_refusal_and_resource[seed_branch_refused-nested_gn_response-failed]
tests/test_fv_partial_sector_root.py::test_parent_distinguishes_root_refusal_and_resource[seed_branch_refused-nested_branch_final-failed]
tests/test_fv_partial_sector_root.py::test_parent_distinguishes_root_refusal_and_resource[seed_branch_refused-adjoint_solve_phase-failed]
tests/test_fv_partial_sector_root.py::test_parent_distinguishes_root_refusal_and_resource[seed_branch_refused-wrong_exit-failed]
tests/test_fv_partial_sector_root.py::test_parent_distinguishes_root_refusal_and_resource[seed_branch_refused-resource_limited-failed]
tests/test_fv_partial_sector_root.py::test_parent_distinguishes_root_refusal_and_resource[seed_curvature_refused-None-completed]
tests/test_fv_partial_sector_root.py::test_parent_distinguishes_root_refusal_and_resource[root_margin_qualified-wrong_final_hash-failed]
tests/test_fv_partial_sector_root.py::test_parent_distinguishes_root_refusal_and_resource[root_margin_qualified-missing_final_trace-failed]
tests/test_fv_partial_sector_root.py::test_parent_distinguishes_root_refusal_and_resource[root_margin_qualified-missing_seed_trace-failed]
tests/test_fv_partial_sector_root.py::test_parent_distinguishes_root_refusal_and_resource[root_margin_qualified-wrong_seed_curvature_hash-failed]
tests/test_fv_partial_sector_root.py::test_parent_distinguishes_root_refusal_and_resource[root_margin_qualified-missing_trials-failed]
tests/test_fv_partial_sector_root.py::test_parent_distinguishes_root_refusal_and_resource[root_margin_qualified-wrong_accepted_hash-failed]
tests/test_fv_partial_sector_root.py::test_parent_distinguishes_root_refusal_and_resource[root_margin_qualified-wrong_true_residual-failed]
tests/test_fv_partial_sector_root.py::test_parent_distinguishes_root_refusal_and_resource[root_margin_qualified-wrong_pcg_iterations-failed]
tests/test_fv_partial_sector_root.py::test_parent_distinguishes_root_refusal_and_resource[root_margin_qualified-unproved_switch-failed]
tests/test_fv_partial_sector_root.py::test_parent_distinguishes_root_refusal_and_resource[root_margin_qualified-fake_armijo-failed]
tests/test_fv_partial_sector_root.py::test_parent_distinguishes_root_refusal_and_resource[root_low_margin-false_high_margin-failed]
tests/test_fv_partial_sector_root.py::test_parent_distinguishes_root_refusal_and_resource[root_refused-wrong_exit-failed]
tests/test_fv_partial_sector_root.py::test_parent_distinguishes_root_refusal_and_resource[root_refused-resource_limited-failed]
tests/test_fv_partial_sector_root.py::test_callback_failure_is_not_scientific_refusal[RefinementNumericalRefusal-root_refused]
tests/test_fv_partial_sector_root.py::test_callback_failure_is_not_scientific_refusal[RefinementCallbackError-running]
tests/test_fv_partial_sector_root.py::test_branch_error_has_explicit_seed_and_candidate_classification[False-ValueError-unexpected malformed observer-execution_error]
tests/test_fv_partial_sector_root.py::test_branch_error_has_explicit_seed_and_candidate_classification[False-ValueError-minmod joint oracle left its strict smooth branch-root_refused]
tests/test_fv_partial_sector_root.py::test_branch_error_has_explicit_seed_and_candidate_classification[True-ValueError-minmod joint oracle left its strict smooth branch-seed_branch_refused]
tests/test_fv_partial_sector_root.py::test_branch_error_has_explicit_seed_and_candidate_classification[True-ValueError-unexpected malformed observer-execution_error]
tests/test_fv_partial_sector_root.py::test_branch_error_has_explicit_seed_and_candidate_classification[True-ValueError-malformed-summary-execution_error]
tests/test_fv_partial_sector_root.py::test_branch_error_has_explicit_seed_and_candidate_classification[True-RuntimeError-unexpected oracle runtime-execution_error]
tests/test_fv_partial_sector_root.py::test_nonfinite_candidate_is_recorded_without_invalid_json
tests/test_fv_persistent_learning_probe.py::test_saved_persistent_learning_evidence
tests/test_fv_persistent_learning_probe.py::test_persistent_learning_reanalysis_and_resume
tests/test_fv_point_3h_first_branch_probe.py::test_classifier_keeps_strict_predicate_order_and_counts_simultaneous_failures
tests/test_fv_point_3h_first_branch_probe.py::test_classifier_reports_active_limiter_tie_before_flux_with_global_cell_index
tests/test_fv_point_3h_first_branch_probe.py::test_classifier_reports_y_predicate_after_all_x_predicates_pass
tests/test_fv_point_3h_first_branch_probe.py::test_classifier_reports_first_zero_flux_face_and_full_face_index
tests/test_fv_point_3h_first_branch_probe.py::test_classifier_passes_only_when_all_strict_predicates_hold
tests/test_fv_point_3h_first_branch_probe.py::test_invalid_field_scale_is_first_and_stops_dependent_predicates
tests/test_fv_point_3h_first_branch_probe.py::test_nonfinite_field_scale_can_be_serialized_as_failure_evidence
tests/test_fv_point_3h_first_branch_probe.py::test_first_failure_stops_forecast_after_observer_callback
tests/test_fv_point_3h_first_branch_probe.py::test_global_stage_context_maps_analysis_and_forecast_intervals[359-analysis_replay-None-89-1]
tests/test_fv_point_3h_first_branch_probe.py::test_global_stage_context_maps_analysis_and_forecast_intervals[360-future_forecast-1-0-0]
tests/test_fv_point_3h_first_branch_probe.py::test_global_stage_context_maps_analysis_and_forecast_intervals[539-future_forecast-1-89-1]
tests/test_fv_point_3h_first_branch_probe.py::test_global_stage_context_maps_analysis_and_forecast_intervals[3599-future_forecast-18-89-1]
tests/test_fv_point_3h_first_branch_probe.py::test_refused_branch_is_a_completed_diagnostic_when_child_and_guard_succeed
tests/test_fv_point_3h_first_branch_probe.py::test_parent_rejects_wrong_child_exit_even_if_refusal_report_is_valid
tests/test_fv_point_3h_forward.py::test_long_point_layout_schedule_and_external_background
tests/test_fv_point_3h_forward.py::test_future_boundary_must_cover_all_18_leads
tests/test_fv_point_3h_forward.py::test_original_one_lead_layout_and_input_identity_stay_unchanged
tests/test_fv_point_3h_forward.py::test_parent_rejects_incomplete_child_even_with_clean_resource
tests/test_fv_point_3h_forward.py::test_parent_accepts_complete_json_roundtrip_layout
tests/test_fv_point_3h_forward.py::test_point_three_hour_clis_import_from_unrelated_cwd
tests/test_fv_point_3h_merit_continuation.py::test_transpose_check_accepts_exact_quadratic_jvp_and_vjp
tests/test_fv_point_3h_merit_continuation.py::test_transpose_check_refuses_mismatch_and_nonfinite_products
tests/test_fv_point_3h_merit_continuation.py::test_strict_endpoint_uses_one_complete_oracle_call
tests/test_fv_point_3h_merit_continuation.py::test_pinned_seed_checks_raw_report_and_control_tensor_sha
tests/test_fv_point_3h_merit_continuation.py::test_tail_policy_pins_pr223_refused_epoch_endpoint_without_fv
tests/test_fv_point_3h_merit_continuation.py::test_default_policy_preserves_historical_numeric_gates_and_cli_defaults
tests/test_fv_point_3h_merit_continuation.py::test_epoch_link_requires_seed_or_immediately_prior_accepted_point
tests/test_fv_point_3h_merit_continuation.py::test_internal_budget_and_total_trial_cap_are_hard_limits
tests/test_fv_point_3h_merit_continuation.py::test_analytic_two_epoch_relinearizes_after_branch_switch
tests/test_fv_point_3h_merit_continuation.py::test_candidate_gate_requires_dual_decrease_and_only_same_branch_armijo
tests/test_fv_point_3h_merit_continuation.py::test_fake_guard_failure_is_reported_without_child_reconstruction
tests/test_fv_point_3h_merit_step_probe.py::test_joint_direction_is_exactly_negative_hg_and_both_slopes_are_negative
tests/test_fv_point_3h_merit_step_probe.py::test_joint_direction_refuses_when_curvature_gate_does_not_clear_roundoff
tests/test_fv_point_3h_merit_step_probe.py::test_changed_signature_accepts_only_actual_joint_decrease_without_armijo
tests/test_fv_point_3h_merit_step_probe.py::test_same_signature_refuses_candidate_that_decreases_but_fails_armijo
tests/test_fv_point_3h_merit_step_probe.py::test_same_signature_refuses_without_roundoff_resolvable_joint_decrease
tests/test_fv_point_3h_merit_step_probe.py::test_parent_rejects_accepted_status_without_a_matching_accepted_trial
tests/test_fv_point_3h_merit_step_probe.py::test_parent_recomputes_gate_instead_of_trusting_forged_candidate_decrease
tests/test_fv_point_3h_merit_step_probe.py::test_parent_rejects_same_signature_trial_falsely_marked_branch_changed
tests/test_fv_point_3h_merit_step_probe.py::test_parent_guard_rejects_fake_child_or_resource_record_mutation[child_identity]
tests/test_fv_point_3h_merit_step_probe.py::test_parent_guard_rejects_fake_child_or_resource_record_mutation[guard_exit]
tests/test_fv_point_3h_response_policy.py::test_current_strict_branch_refuses_response_but_forward_passes
tests/test_fv_point_3h_response_policy.py::test_resealed_child_cannot_change_response_support_decision[branch_passed]
tests/test_fv_point_3h_response_policy.py::test_resealed_child_cannot_change_response_support_decision[false_response]
tests/test_fv_point_3h_response_policy.py::test_resealed_child_cannot_change_response_support_decision[resource_exit]
tests/test_fv_point_3h_response_policy.py::test_resealed_child_cannot_change_response_support_decision[forward_failed]
tests/test_fv_point_3h_response_policy.py::test_resealed_child_cannot_change_response_support_decision[wrong_stage]
tests/test_fv_point_3h_response_policy.py::test_resealed_child_cannot_change_response_support_decision[wrong_input]
tests/test_fv_point_3h_response_policy.py::test_resealed_child_cannot_change_response_support_decision[resource_sidecar]
tests/test_fv_point_3h_response_policy.py::test_resealed_child_cannot_change_response_support_decision[source_aggregate]
tests/test_fv_point_3h_response_policy.py::test_raw_manifest_path_escape_is_refused_even_if_resealed
tests/test_fv_point_3h_seed_hessian_probe.py::test_exact_hessian_audit_uses_columns_and_fresh_minimum_eigenpair[matrix0-locally_negative_curvature]
tests/test_fv_point_3h_seed_hessian_probe.py::test_exact_hessian_audit_uses_columns_and_fresh_minimum_eigenpair[matrix1-locally_positive_curvature]
tests/test_fv_point_3h_seed_hessian_probe.py::test_exact_hessian_audit_uses_columns_and_fresh_minimum_eigenpair[matrix2-near_zero_inconclusive]
tests/test_fv_point_3h_seed_hessian_probe.py::test_exact_hessian_audit_rejects_nonfinite_hvp_without_curvature_claim
tests/test_fv_point_3h_seed_hessian_probe.py::test_zero_hessian_is_inconclusive_and_has_no_eigenvalue_ratio
tests/test_fv_point_3h_seed_hessian_probe.py::test_nonfinite_hessian_norm_is_not_reported_as_zero_scale
tests/test_fv_point_3h_seed_hessian_probe.py::test_zero_lambda_max_is_recorded_but_ratio_is_undefined
tests/test_fv_point_3h_seed_hessian_probe.py::test_hessian_audit_does_not_hide_objective_callback_error
tests/test_fv_point_3h_seed_hessian_probe.py::test_hessian_audit_does_not_classify_callback_runtime_by_message_text
tests/test_fv_point_3h_seed_hessian_probe.py::test_parent_recomputes_curvature_claim_and_requires_all_eigenvalues
tests/test_fv_point_3h_seed_hessian_probe.py::test_parent_rejects_curvature_sign_label_inconsistent_with_spectrum
tests/test_fv_point_3h_seed_hessian_probe.py::test_parent_rejects_inflated_delta_that_masks_positive_curvature
tests/test_fv_point_3h_seed_hessian_probe.py::test_parent_guard_rejects_source_mutation_after_child
tests/test_fv_point_3h_seed_hessian_probe.py::test_parent_guard_rejects_plan_mutation_after_child
tests/test_fv_point_3h_seed_linear_probe.py::test_margin_prepass_covers_full_forecast_before_strict_refusal
tests/test_fv_point_3h_seed_linear_probe.py::test_full_branch_requires_all_margin_stages
tests/test_fv_point_3h_seed_linear_probe.py::test_linear_preflight_solves_one_rhs_and_recomputes_true_residual
tests/test_fv_point_3h_seed_linear_probe.py::test_stationary_zero_rhs_skips_pcg_and_leaves_curvature_unverified
tests/test_fv_point_3h_seed_linear_probe.py::test_linear_preflight_classifies_only_known_pcg_runtime_failures[error0-pcg_refused_non_spd]
tests/test_fv_point_3h_seed_linear_probe.py::test_linear_preflight_classifies_only_known_pcg_runtime_failures[error1-nonfinite_derivative]
tests/test_fv_point_3h_seed_linear_probe.py::test_unexpected_pcg_callback_error_is_not_hidden
tests/test_fv_point_3h_seed_linear_probe.py::test_parent_guard_does_not_rebuild_fixture_and_rejects_bad_exit
tests/test_fv_point_3h_seed_linear_probe.py::test_parent_accepts_only_a_valid_completed_child
tests/test_fv_point_3h_seed_linear_probe.py::test_parent_rejects_child_branch_status_contradiction
tests/test_fv_point_3h_shifted_branch_probe.py::test_shift_changes_only_second_flow_latent_at_control_21
tests/test_fv_point_3h_shifted_branch_probe.py::test_shift_rejects_unexpected_original_fractions
tests/test_fv_point_3h_shifted_branch_probe.py::test_static_face_gate_uses_production_operators_and_finds_nonzero_fluxes
tests/test_fv_point_3h_shifted_branch_probe.py::test_child_recomputes_live_input_identity_after_diagnostic_mutation
tests/test_fv_point_3h_shifted_branch_probe.py::test_static_face_refusal_stops_before_candidate_forecast
tests/test_fv_point_3h_shifted_branch_probe.py::test_full_oracle_record_is_compact_and_hashes_signature
tests/test_fv_point_3h_shifted_branch_probe.py::test_guarded_parent_accepts_completed_pointwise_branch_pass
tests/test_fv_point_3h_shifted_branch_probe.py::test_guarded_parent_keeps_numerical_refusal_distinct_from_execution_failure
tests/test_fv_point_3h_shifted_branch_probe.py::test_guarded_parent_rejects_nonzero_child_exit
tests/test_fv_point_3h_shifted_branch_probe.py::test_guarded_parent_rejects_status_evidence_contradictions[static]
tests/test_fv_point_3h_shifted_branch_probe.py::test_guarded_parent_rejects_status_evidence_contradictions[full_oracle]
tests/test_fv_point_3h_shifted_branch_probe.py::test_guarded_parent_rejects_candidate_report_mutations[original_control_sha256]
tests/test_fv_point_3h_shifted_branch_probe.py::test_guarded_parent_rejects_candidate_report_mutations[shifted_control_sha256]
tests/test_fv_point_3h_shifted_branch_probe.py::test_guarded_parent_rejects_candidate_report_mutations[parameters_sha256]
tests/test_fv_point_3h_shifted_branch_probe.py::test_guarded_parent_rejects_candidate_report_mutations[terminal_truth_sha256]
tests/test_fv_point_3h_shifted_branch_probe.py::test_guarded_parent_rejects_candidate_report_mutations[changed_control_index]
tests/test_fv_point_3h_shifted_branch_probe.py::test_guarded_parent_rejects_candidate_report_mutations[changed_control_indices]
tests/test_fv_point_3h_shifted_branch_probe.py::test_guarded_parent_rejects_candidate_report_mutations[original_fraction]
tests/test_fv_point_3h_shifted_branch_probe.py::test_guarded_parent_rejects_candidate_report_mutations[shifted_fraction]
tests/test_fv_point_basin_runner.py::test_guard_requires_matching_resource_child_and_numerical_status[nominal_stationarity-None-completed]
tests/test_fv_point_basin_runner.py::test_guard_requires_matching_resource_child_and_numerical_status[basin_incomplete-None-completed]
tests/test_fv_point_basin_runner.py::test_guard_requires_matching_resource_child_and_numerical_status[curvature_refused-None-completed]
tests/test_fv_point_basin_runner.py::test_guard_requires_matching_resource_child_and_numerical_status[refinement_refused-None-completed]
tests/test_fv_point_basin_runner.py::test_guard_requires_matching_resource_child_and_numerical_status[basin_refused-None-completed]
tests/test_fv_point_basin_runner.py::test_guard_requires_matching_resource_child_and_numerical_status[exploration_terminal_ineligible-None-completed]
tests/test_fv_point_basin_runner.py::test_guard_requires_matching_resource_child_and_numerical_status[basin_incomplete-over_time-failed]
tests/test_fv_point_basin_runner.py::test_guard_requires_matching_resource_child_and_numerical_status[basin_incomplete-over_rss-failed]
tests/test_fv_point_basin_runner.py::test_guard_requires_matching_resource_child_and_numerical_status[basin_incomplete-wrong_pid-failed]
tests/test_fv_point_basin_runner.py::test_guard_requires_matching_resource_child_and_numerical_status[basin_incomplete-wrong_exit-failed]
tests/test_fv_point_basin_runner.py::test_guard_requires_matching_resource_child_and_numerical_status[basin_incomplete-source_drift-failed]
tests/test_fv_point_basin_runner.py::test_guard_requires_matching_resource_child_and_numerical_status[nominal_stationarity-missing_gradient-failed]
tests/test_fv_point_basin_runner.py::test_guard_requires_matching_resource_child_and_numerical_status[nominal_stationarity-bad_curvature-failed]
tests/test_fv_point_basin_runner.py::test_guard_requires_matching_resource_child_and_numerical_status[nominal_stationarity-bad_final_margin-failed]
tests/test_fv_point_basin_search.py::test_spd_quadratic_reaches_a_small_gradient_with_true_objective_decrease
tests/test_fv_point_basin_search.py::test_nonconvex_negative_curvature_start_can_reach_a_local_basin
tests/test_fv_point_basin_search.py::test_accepted_sector_change_clears_local_curvature_history
tests/test_fv_point_basin_search.py::test_no_strict_trial_is_a_refusal_not_a_stationary_result
tests/test_fv_point_basin_search.py::test_finite_gradient_components_with_overflowed_norm_are_rejected
tests/test_fv_point_basin_search.py::test_phase_budget_includes_initial_branch_and_gradient_evaluation
tests/test_fv_point_basin_search.py::test_explicit_trial_budget_stops_a_nonaccepting_search
tests/test_fv_point_basin_search.py::test_point_adapter_enforces_stage_and_both_margin_gates[54-0.0002-0.0003-True]
tests/test_fv_point_basin_search.py::test_point_adapter_enforces_stage_and_both_margin_gates[53-0.0002-0.0003-False]
tests/test_fv_point_basin_search.py::test_point_adapter_enforces_stage_and_both_margin_gates[54-5e-05-0.0003-False]
tests/test_fv_point_basin_search.py::test_point_adapter_enforces_stage_and_both_margin_gates[54-0.0002-5e-05-False]
tests/test_fv_point_basin_search.py::test_point_adapter_enforces_stage_and_both_margin_gates[54-nan-0.0003-False]
tests/test_fv_point_basin_search.py::test_point_adapter_enforces_stage_and_both_margin_gates[54-0.0002-nan-False]
tests/test_fv_point_basin_search.py::test_exact_hessian_gate_distinguishes_spd_and_weak_curvature[diagonal0-True]
tests/test_fv_point_basin_search.py::test_exact_hessian_gate_distinguishes_spd_and_weak_curvature[diagonal1-False]
tests/test_fv_point_basin_search.py::test_exact_hessian_gate_distinguishes_spd_and_weak_curvature[diagonal2-False]
tests/test_fv_point_basin_search.py::test_warm_entry_reuses_finite_margin_gate
tests/test_fv_point_basin_search.py::test_exploration_gate_is_pointwise_but_final_gate_keeps_robust_margin[5e-05-5e-05-True]
tests/test_fv_point_basin_search.py::test_exploration_gate_is_pointwise_but_final_gate_keeps_robust_margin[nan-5e-05-False]
tests/test_fv_point_basin_search.py::test_exploration_gate_is_pointwise_but_final_gate_keeps_robust_margin[5e-05-nan-False]
tests/test_fv_point_basin_search.py::test_exploration_gate_is_pointwise_but_final_gate_keeps_robust_margin[0.0-5e-05-False]
tests/test_fv_point_centered_prior_case.py::test_centered_prior_is_stationary_and_strict_at_declared_control
tests/test_fv_point_centered_prior_case.py::test_centered_prior_changes_only_fixed_dynamics_prior_mean
tests/test_fv_point_centered_prior_case.py::test_branch_check_rejects_wrong_nominal_signature
tests/test_fv_point_centered_prior_response.py::test_independent_result_gate_rejects_false_success[None]
tests/test_fv_point_centered_prior_response.py::test_independent_result_gate_rejects_false_success[bad_control_hash]
tests/test_fv_point_centered_prior_response.py::test_independent_result_gate_rejects_false_success[bad_parameter_hash]
tests/test_fv_point_centered_prior_response.py::test_independent_result_gate_rejects_false_success[bad_gradient]
tests/test_fv_point_centered_prior_response.py::test_independent_result_gate_rejects_false_success[bad_branch]
tests/test_fv_point_centered_prior_response.py::test_independent_result_gate_rejects_false_success[bad_adjoint_residual]
tests/test_fv_point_centered_prior_response.py::test_independent_result_gate_rejects_false_success[bad_pair]
tests/test_fv_point_centered_prior_response.py::test_independent_result_gate_rejects_false_success[forged_projection_limit]
tests/test_fv_point_centered_prior_response.py::test_independent_result_gate_rejects_false_success[forged_direct_scalar]
tests/test_fv_point_centered_prior_response.py::test_independent_result_gate_rejects_false_success[self_consistent_forged_scores]
tests/test_fv_point_centered_prior_response.py::test_independent_result_gate_rejects_false_success[missing_adjoint]
tests/test_fv_point_centered_prior_response.py::test_independent_result_gate_rejects_false_success[forged_adjoint]
tests/test_fv_point_centered_prior_response.py::test_independent_result_gate_rejects_false_success[forged_indirect_vector]
tests/test_fv_point_centered_prior_response.py::test_independent_result_gate_rejects_false_success[forged_tangent]
tests/test_fv_point_centered_prior_response.py::test_projection_limit_has_absolute_fallback_near_zero
tests/test_fv_point_centered_prior_response.py::test_small_score_offsets_cannot_flip_recomputed_pair_decision
tests/test_fv_point_centered_prior_response.py::test_parent_requires_clean_exit_and_source_identity
tests/test_fv_point_centered_prior_response.py::test_validation_failure_is_distinct_from_execution_failure
tests/test_fv_point_core_strict_root.py::test_locked_seed_and_prior_report_still_match_current_problem
tests/test_fv_point_core_strict_root.py::test_core_gate_is_distinct_from_final_response_margin[54-5e-05-5e-05-True]
tests/test_fv_point_core_strict_root.py::test_core_gate_is_distinct_from_final_response_margin[53-5e-05-5e-05-False]
tests/test_fv_point_core_strict_root.py::test_core_gate_is_distinct_from_final_response_margin[54-0.0-5e-05-False]
tests/test_fv_point_core_strict_root.py::test_core_gate_is_distinct_from_final_response_margin[54-nan-5e-05-False]
tests/test_fv_point_core_strict_root.py::test_core_gate_is_distinct_from_final_response_margin[54-5e-05-nan-False]
tests/test_fv_point_core_strict_root.py::test_runner_separates_execution_root_and_response_margin[core_strict_root_margin_qualified-None-completed]
tests/test_fv_point_core_strict_root.py::test_runner_separates_execution_root_and_response_margin[core_strict_root_low_margin-None-completed]
tests/test_fv_point_core_strict_root.py::test_runner_separates_execution_root_and_response_margin[seed_curvature_refused-None-completed]
tests/test_fv_point_core_strict_root.py::test_runner_separates_execution_root_and_response_margin[root_refused-None-completed]
tests/test_fv_point_core_strict_root.py::test_runner_separates_execution_root_and_response_margin[root_refused-final_curvature_phase-completed]
tests/test_fv_point_core_strict_root.py::test_runner_separates_execution_root_and_response_margin[root_refused-wrong_exit-failed]
tests/test_fv_point_core_strict_root.py::test_runner_separates_execution_root_and_response_margin[root_refused-wall_overrun-failed]
tests/test_fv_point_core_strict_root.py::test_runner_separates_execution_root_and_response_margin[core_strict_root_margin_qualified-missing_final_curvature-failed]
tests/test_fv_point_core_strict_root.py::test_runner_separates_execution_root_and_response_margin[core_strict_root_margin_qualified-wrong_plan_hash-failed]
tests/test_fv_point_core_strict_root.py::test_runner_separates_execution_root_and_response_margin[core_strict_root_margin_qualified-wrong_preflight_plan_hash-failed]
tests/test_fv_point_core_strict_root.py::test_runner_separates_execution_root_and_response_margin[core_strict_root_low_margin-false_high_margin_flag-failed]
tests/test_fv_point_empty_centered_response.py::test_empty_first_time_keeps_complete_state_schedule_and_external_background
tests/test_fv_point_empty_centered_response.py::test_four_inactive_first_time_payloads_have_zero_local_effect
tests/test_fv_point_empty_centered_response.py::test_empty_profile_wrappers_bind_plan_mask_theta_and_scope
tests/test_fv_point_empty_centered_response.py::test_empty_profile_direct_cli_imports_from_unrelated_cwd
tests/test_fv_point_empty_time.py::test_one_declared_empty_time_has_zero_likelihood_and_inactive_derivatives[0]
tests/test_fv_point_empty_time.py::test_one_declared_empty_time_has_zero_likelihood_and_inactive_derivatives[1]
tests/test_fv_point_empty_time.py::test_one_declared_empty_time_has_zero_likelihood_and_inactive_derivatives[2]
tests/test_fv_point_empty_time.py::test_default_and_mismatched_empty_time_declarations_fail_closed
tests/test_fv_point_empty_time.py::test_legacy_nonempty_identity_is_unchanged
tests/test_fv_point_empty_time.py::test_legacy_positional_expected_branch_slot_is_preserved
tests/test_fv_point_empty_time.py::test_entire_declared_empty_time_may_have_one_inactive_reason[1]
tests/test_fv_point_empty_time.py::test_entire_declared_empty_time_may_have_one_inactive_reason[2]
tests/test_fv_point_merit_root.py::test_changed_sector_uses_measured_merit_not_objective_or_max_gradient
tests/test_fv_point_merit_root.py::test_merit_rejects_increase_roundoff_and_overflow
tests/test_fv_point_merit_root.py::test_pinned_seed_and_plan_without_newton
tests/test_fv_point_merit_root.py::test_parent_separates_execution_refusal_and_final_root[merit_refused-None-completed]
tests/test_fv_point_merit_root.py::test_parent_separates_execution_refusal_and_final_root[merit_refused-wrong_exit-failed]
tests/test_fv_point_merit_root.py::test_parent_separates_execution_refusal_and_final_root[merit_refused-wrong_plan-failed]
tests/test_fv_point_merit_root.py::test_parent_separates_execution_refusal_and_final_root[merit_root_margin_qualified-None-completed]
tests/test_fv_point_merit_root.py::test_parent_separates_execution_refusal_and_final_root[merit_root_low_margin-None-completed]
tests/test_fv_point_merit_root.py::test_parent_separates_execution_refusal_and_final_root[merit_root_margin_qualified-missing_final_trace-failed]
tests/test_fv_point_merit_root.py::test_parent_separates_execution_refusal_and_final_root[merit_root_margin_qualified-bad_control_hash-failed]
tests/test_fv_point_merit_root.py::test_unexpected_final_score_error_propagates_as_execution_failure
tests/test_fv_point_missing.py::test_single_valid_point_uses_singleton_correlation_and_ignores_missing_payload
tests/test_fv_point_missing.py::test_time_varying_masks_match_per_time_principal_submatrices
tests/test_fv_point_missing.py::test_missing_payload_has_zero_objective_and_mixed_derivatives_and_no_forecast_effect
tests/test_fv_point_missing.py::test_active_observation_range_is_checked_but_missing_payload_may_match
tests/test_fv_point_missing.py::test_status_contract_rejects_invalid_layout_or_unsupported_codes[dtype]
tests/test_fv_point_missing.py::test_status_contract_rejects_invalid_layout_or_unsupported_codes[shape]
tests/test_fv_point_missing.py::test_status_contract_rejects_invalid_layout_or_unsupported_codes[unknown]
tests/test_fv_point_missing.py::test_status_contract_rejects_invalid_layout_or_unsupported_codes[censored]
tests/test_fv_point_missing.py::test_every_frame_requires_at_least_one_detected_point[status0]
tests/test_fv_point_missing.py::test_missing_stored_values_must_use_canonical_minimum_dbz
tests/test_fv_point_missing.py::test_missing_mask_and_cached_subset_whiteners_are_bound_to_identity
tests/test_fv_point_missing.py::test_point_permutation_carries_status_data_and_correlation
tests/test_fv_point_missing.py::test_all_detected_status_matches_legacy_none_contract
tests/test_fv_point_missing_centered_response.py::test_missing_middle_point_is_inactive_but_time_and_state_remain
tests/test_fv_point_missing_centered_response.py::test_missing_parameter_has_zero_objective_score_and_mixed_derivatives
tests/test_fv_point_missing_centered_response.py::test_profile_wrappers_bind_plan_source_and_inactive_slot
tests/test_fv_point_missing_centered_response.py::test_plan_distinguishes_missing_profile_from_full_profile
tests/test_fv_point_missing_centered_response.py::test_direct_cli_wrappers_import_from_another_working_directory
tests/test_fv_point_nominal_runner.py::test_guard_classifies_execution_and_numerical_status[nominal_stationarity-None-completed]
tests/test_fv_point_nominal_runner.py::test_guard_classifies_execution_and_numerical_status[refused-None-completed]
tests/test_fv_point_nominal_runner.py::test_guard_classifies_execution_and_numerical_status[refused-resource_limit-failed]
tests/test_fv_point_nominal_runner.py::test_guard_classifies_execution_and_numerical_status[refused-wrong_exit-failed]
tests/test_fv_point_nominal_runner.py::test_guard_classifies_execution_and_numerical_status[refused-missing_identity-failed]
tests/test_fv_point_nominal_runner.py::test_guard_classifies_execution_and_numerical_status[refused-wrong_pid-failed]
tests/test_fv_point_nominal_runner.py::test_guard_classifies_execution_and_numerical_status[refused-wall_overrun-failed]
tests/test_fv_point_original_policy.py::test_exact_original_input_is_unsupported_by_current_search_policies
tests/test_fv_point_original_policy.py::test_archive_semantic_mutations_cannot_be_reclassified_as_refusal[published_response]
tests/test_fv_point_original_policy.py::test_archive_semantic_mutations_cannot_be_reclassified_as_refusal[false_gradient]
tests/test_fv_point_original_policy.py::test_archive_semantic_mutations_cannot_be_reclassified_as_refusal[accepted_final_trial]
tests/test_fv_point_original_policy.py::test_archive_semantic_mutations_cannot_be_reclassified_as_refusal[wrong_merit_seed]
tests/test_fv_point_original_policy.py::test_archive_semantic_mutations_cannot_be_reclassified_as_refusal[constructed_identity_reused]
tests/test_fv_point_original_policy.py::test_archive_semantic_mutations_cannot_be_reclassified_as_refusal[changed_raw_hash]
tests/test_fv_point_original_policy.py::test_archive_semantic_mutations_cannot_be_reclassified_as_refusal[child_status]
tests/test_fv_point_original_policy.py::test_archive_semantic_mutations_cannot_be_reclassified_as_refusal[parent_status]
tests/test_fv_point_original_policy.py::test_archive_semantic_mutations_cannot_be_reclassified_as_refusal[resource_limited]
tests/test_fv_point_original_policy.py::test_raw_manifest_cannot_escape_its_attempt_directory
tests/test_fv_point_original_policy.py::test_coordinated_resealed_attempts_cannot_change_the_original_problem
tests/test_fv_point_qc_centered_response.py::test_external_qc_identity_and_principal_whitener
tests/test_fv_point_qc_centered_response.py::test_qc_payload_has_no_fixed_mask_objective_score_or_mixed_effect
tests/test_fv_point_qc_centered_response.py::test_qc_wrappers_bind_distinct_scope_and_plan
tests/test_fv_point_qc_centered_response.py::test_qc_direct_cli_imports_from_unrelated_working_directory
tests/test_fv_point_qc_status.py::test_qc_rows_are_inactive_but_have_a_distinct_fixed_identity
tests/test_fv_point_qc_status.py::test_qc_requires_canonical_prepared_fill_and_explicit_status
tests/test_fv_point_research_correlation.py::test_correlated_objective_matches_analytic_two_point_whitening_and_data_gradient
tests/test_fv_point_research_correlation.py::test_correlation_changes_fixed_problem_identity
tests/test_fv_point_research_correlation.py::test_correlation_cannot_change_after_whitener_is_frozen
tests/test_fv_point_research_correlation.py::test_cached_whitener_cannot_change_without_invalidating_objective
tests/test_fv_point_research_correlation.py::test_default_objective_retains_diagonal_pseudohuber_contract
tests/test_fv_point_research_correlation.py::test_point_reordering_with_correlation_permutation_preserves_robust_cost
tests/test_fv_point_research_correlation.py::test_roundoff_asymmetry_is_interpreted_by_a_symmetric_matrix
tests/test_fv_point_research_correlation.py::test_problem_rejects_invalid_observation_correlation[shape]
tests/test_fv_point_research_correlation.py::test_problem_rejects_invalid_observation_correlation[dtype]
tests/test_fv_point_research_correlation.py::test_problem_rejects_invalid_observation_correlation[requires_grad]
tests/test_fv_point_research_correlation.py::test_problem_rejects_invalid_observation_correlation[asymmetric]
tests/test_fv_point_research_correlation.py::test_problem_rejects_invalid_observation_correlation[diagonal]
tests/test_fv_point_research_correlation.py::test_problem_rejects_invalid_observation_correlation[singular]
tests/test_fv_point_research_correlation.py::test_problem_rejects_invalid_observation_correlation[near_singular]
tests/test_fv_point_research_problem.py::test_point_problem_has_separate_state_observation_and_time_layout
tests/test_fv_point_research_problem.py::test_point_values_do_not_redefine_the_fixed_state_grid_background
tests/test_fv_point_research_problem.py::test_point_objective_data_gradient_matches_diagonal_pseudohuber
tests/test_fv_point_research_problem.py::test_point_objective_keeps_control_and_data_mixed_derivatives
tests/test_fv_point_research_problem.py::test_point_objective_hvp_matches_branch_stable_central_gradients
tests/test_fv_point_research_problem.py::test_geometry_and_source_identity_are_bound
tests/test_fv_point_research_problem.py::test_nominal_branch_can_be_explicitly_pinned_for_response_checks
tests/test_fv_point_research_problem.py::test_point_objective_refuses_noncontract_parameter_vectors[float32]
tests/test_fv_point_research_problem.py::test_point_objective_refuses_noncontract_parameter_vectors[integer]
tests/test_fv_point_research_problem.py::test_point_objective_refuses_noncontract_parameter_vectors[nonfinite]
tests/test_fv_point_research_problem.py::test_point_objective_refuses_noncontract_parameter_vectors[shape]
tests/test_fv_point_research_problem.py::test_point_objective_refuses_values_outside_detected_contract
tests/test_fv_point_research_problem.py::test_point_problem_refuses_unsupported_observation_contract[missing]
tests/test_fv_point_research_problem.py::test_point_problem_refuses_unsupported_observation_contract[censored]
tests/test_fv_point_research_problem.py::test_point_problem_refuses_unsupported_observation_contract[std]
tests/test_fv_point_research_problem.py::test_point_problem_refuses_unsupported_observation_contract[minimum_std]
tests/test_fv_point_research_problem.py::test_point_problem_refuses_unsupported_observation_contract[bias]
tests/test_fv_point_research_problem.py::test_point_problem_refuses_unsupported_observation_contract[outside]
tests/test_fv_point_research_problem.py::test_point_problem_refuses_unsupported_observation_contract[values_grad]
tests/test_fv_point_research_problem.py::test_point_problem_refuses_unsupported_observation_contract[std_grad]
tests/test_fv_point_research_problem.py::test_point_problem_refuses_unsupported_observation_contract[quality_grad]
tests/test_fv_point_research_problem.py::test_point_problem_refuses_unsupported_observation_contract[background_grad]
tests/test_fv_point_research_problem.py::test_point_problem_refuses_unsupported_observation_contract[verification_grad]
tests/test_fv_point_research_problem.py::test_point_problem_refuses_unsupported_observation_contract[boundary_grad]
tests/test_fv_point_research_problem.py::test_point_problem_refuses_unsupported_observation_contract[boundary_shape]
tests/test_fv_point_research_problem.py::test_point_problem_refuses_unsupported_observation_contract[boundary_nonfinite]
tests/test_fv_point_response_preflight.py::test_fixed_point_inputs_keep_correlation_and_middle_time_direction
tests/test_fv_point_response_preflight.py::test_outer_runner_requires_resource_and_complete_child[None]
tests/test_fv_point_response_preflight.py::test_outer_runner_requires_resource_and_complete_child[exit_code]
tests/test_fv_point_response_preflight.py::test_outer_runner_requires_resource_and_complete_child[resource_termination]
tests/test_fv_point_response_preflight.py::test_outer_runner_requires_resource_and_complete_child[monitor_error]
tests/test_fv_point_response_preflight.py::test_outer_runner_requires_resource_and_complete_child[rss_samples]
tests/test_fv_point_response_preflight.py::test_outer_runner_requires_resource_and_complete_child[peak_rss]
tests/test_fv_point_response_preflight.py::test_outer_runner_requires_resource_and_complete_child[child_pid]
tests/test_fv_point_response_preflight.py::test_outer_runner_requires_resource_and_complete_child[child_status]
tests/test_fv_point_response_preflight.py::test_outer_runner_requires_resource_and_complete_child[signature]
tests/test_fv_point_sampler.py::test_bilinear_sampler_preserves_constants_and_reproduces_affine_fields
tests/test_fv_point_sampler.py::test_bilinear_sampler_autograd_is_the_weighted_adjoint
tests/test_fv_point_sampler.py::test_bilinear_sampler_uses_nonnegative_unit_sum_weights
tests/test_fv_point_sampler.py::test_bilinear_sampler_rejects_outside_and_edge_points[point0]
tests/test_fv_point_sampler.py::test_bilinear_sampler_rejects_outside_and_edge_points[point1]
tests/test_fv_point_sampler.py::test_bilinear_sampler_rejects_outside_and_edge_points[point2]
tests/test_fv_point_sampler.py::test_bilinear_sampler_rejects_outside_and_edge_points[point3]
tests/test_fv_point_sampler.py::test_bilinear_sampler_rejects_outside_and_edge_points[point4]
tests/test_fv_point_sampler.py::test_bilinear_sampler_rejects_outside_and_edge_points[point5]
tests/test_fv_point_sampler.py::test_bilinear_sampler_averages_dbz_values_directly
tests/test_fv_point_sampler.py::test_bilinear_sampler_validates_shape_dtype_and_finiteness
tests/test_fv_point_sector_policy.py::test_switch_requires_actual_objective_merit_and_max_gradient_decrease
tests/test_fv_point_sector_policy.py::test_switch_rejects_roundoff_scale_and_nonfinite_merit
tests/test_fv_point_sector_policy.py::test_same_signature_delegates_to_legacy_armijo
tests/test_fv_point_sector_policy.py::test_default_and_none_hook_have_identical_quadratic_result_and_history
tests/test_fv_point_sector_policy.py::test_accepted_switch_relinearizes_at_the_new_sector
tests/test_fv_point_sector_policy.py::test_invalid_hook_result_and_hook_exception_fail_closed
tests/test_fv_point_sector_policy.py::test_trial_observer_gets_a_copy_and_cannot_mutate_history
tests/test_fv_point_sector_policy.py::test_switch_hook_uses_finite_endpoint_even_when_old_armijo_limit_is_zero
tests/test_fv_point_sector_root.py::test_pinned_prior_control_branch_and_plan_are_current
tests/test_fv_point_sector_root.py::test_runner_requires_status_resource_and_provenance[sector_root_margin_qualified-None-completed]
tests/test_fv_point_sector_root.py::test_runner_requires_status_resource_and_provenance[sector_root_low_margin-None-completed]
tests/test_fv_point_sector_root.py::test_runner_requires_status_resource_and_provenance[seed_curvature_refused-None-completed]
tests/test_fv_point_sector_root.py::test_runner_requires_status_resource_and_provenance[sector_refused-None-completed]
tests/test_fv_point_sector_root.py::test_runner_requires_status_resource_and_provenance[sector_refused-wrong_exit-failed]
tests/test_fv_point_sector_root.py::test_runner_requires_status_resource_and_provenance[sector_refused-wall_overrun-failed]
tests/test_fv_point_sector_root.py::test_runner_requires_status_resource_and_provenance[sector_root_margin_qualified-missing_final_curvature-failed]
tests/test_fv_point_sector_root.py::test_runner_requires_status_resource_and_provenance[sector_root_margin_qualified-missing_final_trace-failed]
tests/test_fv_point_sector_root.py::test_runner_requires_status_resource_and_provenance[sector_root_margin_qualified-wrong_final_control_hash-failed]
tests/test_fv_point_sector_root.py::test_runner_requires_status_resource_and_provenance[sector_root_margin_qualified-wrong_plan_hash-failed]
tests/test_fv_point_sector_root.py::test_runner_requires_status_resource_and_provenance[sector_root_low_margin-false_high_margin-failed]
tests/test_fv_point_sector_root.py::test_probe_separates_numerical_refusal_from_callback_failure[RefinementNumericalRefusal-sector_refused]
tests/test_fv_point_sector_root.py::test_probe_separates_numerical_refusal_from_callback_failure[RefinementCallbackError-running]
tests/test_fv_point_terminal_newton.py::test_pinned_last_accepted_endpoint_matches_current_fixed_problem
tests/test_fv_point_terminal_newton.py::test_terminal_runner_requires_status_specific_evidence[nominal_stationarity-None-completed]
tests/test_fv_point_terminal_newton.py::test_terminal_runner_requires_status_specific_evidence[seed_curvature_refused-None-completed]
tests/test_fv_point_terminal_newton.py::test_terminal_runner_requires_status_specific_evidence[newton_refused-None-completed]
tests/test_fv_point_terminal_newton.py::test_terminal_runner_requires_status_specific_evidence[seed_curvature_refused-wrong_exit-failed]
tests/test_fv_point_terminal_newton.py::test_terminal_runner_requires_status_specific_evidence[seed_curvature_refused-wall_overrun-failed]
tests/test_fv_point_terminal_newton.py::test_terminal_runner_requires_status_specific_evidence[nominal_stationarity-missing_final_curvature-failed]
tests/test_fv_point_terminal_newton.py::test_terminal_runner_requires_status_specific_evidence[nominal_stationarity-branch_mismatch-failed]
tests/test_fv_point_terminal_newton.py::test_terminal_runner_requires_status_specific_evidence[nominal_stationarity-source_drift-failed]
tests/test_fv_point_terminal_newton.py::test_terminal_runner_requires_status_specific_evidence[nominal_stationarity-source_map_drift-failed]
tests/test_fv_point_terminal_newton.py::test_terminal_runner_requires_status_specific_evidence[nominal_stationarity-plan_hash_drift-failed]
tests/test_fv_process_response.py::test_worker_and_runner_bind_the_same_sources
tests/test_fv_process_response.py::test_worker_attempt_id_is_provenance_only_and_legacy_reports_omit_it
tests/test_fv_process_response.py::test_worker_rejects_noncanonical_attempt_id_in_run[123E4567-E89B-42D3-A456-426614174000]
tests/test_fv_process_response.py::test_worker_rejects_noncanonical_attempt_id_in_run[{123e4567-e89b-42d3-a456-426614174000}]
tests/test_fv_process_response.py::test_worker_rejects_noncanonical_attempt_id_in_run[123e4567-e89b-12d3-a456-426614174000]
tests/test_fv_process_response.py::test_worker_rejects_noncanonical_attempt_id_in_run[123e4567-e89b-42d3-0456-426614174000]
tests/test_fv_process_response.py::test_worker_rejects_noncanonical_attempt_id_in_run[123e4567e89b42d3a456426614174000]
tests/test_fv_process_response.py::test_worker_rejects_invalid_attempt_id_in_cli
tests/test_fv_process_response.py::test_case_archives_direction_branch_and_nominal_gradient_without_pcg[_small_case-archive_names0-direction_slice0-54]
tests/test_fv_process_response.py::test_case_archives_direction_branch_and_nominal_gradient_without_pcg[_large_case-archive_names1-direction_slice1-108]
tests/test_fv_process_response.py::test_runner_requires_two_complete_independent_children_and_both_overlaps
tests/test_fv_process_response.py::test_runner_fails_closed_on_child_or_overlap_failures[nonzero_exit]
tests/test_fv_process_response.py::test_runner_fails_closed_on_child_or_overlap_failures[malformed_child]
tests/test_fv_process_response.py::test_runner_fails_closed_on_child_or_overlap_failures[source_change]
tests/test_fv_process_response.py::test_runner_fails_closed_on_child_or_overlap_failures[missing_identity]
tests/test_fv_process_response.py::test_runner_fails_closed_on_child_or_overlap_failures[missing_response_fields]
tests/test_fv_process_response.py::test_runner_fails_closed_on_child_or_overlap_failures[response_no_overlap]
tests/test_fv_process_response.py::test_runner_fails_closed_on_child_or_overlap_failures[hvp_no_overlap]
tests/test_fv_process_response.py::test_runner_fails_closed_on_child_or_overlap_failures[over_wall_limit]
tests/test_fv_process_response.py::test_runner_fails_closed_on_child_or_overlap_failures[resource_wall]
tests/test_fv_process_response.py::test_runner_fails_closed_on_child_or_overlap_failures[resource_rss]
tests/test_fv_process_response.py::test_runner_fails_closed_on_child_or_overlap_failures[monitor_error]
tests/test_fv_process_response.py::test_runner_fails_closed_on_child_or_overlap_failures[zero_samples]
tests/test_fv_process_response.py::test_runner_fails_closed_on_child_or_overlap_failures[rss_over]
tests/test_fv_process_response.py::test_runner_fails_closed_on_child_or_overlap_failures[pid_mismatch]
tests/test_fv_process_response.py::test_runner_fails_closed_on_child_or_overlap_failures[bad_hvp_interval]
tests/test_fv_research_long_horizon.py::test_long_horizon_times_layout_and_stage_count
tests/test_fv_research_long_horizon.py::test_long_horizon_forecast_matches_per_interval_analytic_echo_growth
tests/test_fv_research_long_horizon.py::test_long_horizon_scores_are_mean_of_per_lead_spatial_mse
tests/test_fv_research_long_horizon.py::test_long_horizon_refuses_short_future_boundary_schedule
tests/test_fv_research_long_horizon.py::test_ten_minute_interval_keeps_coefficient_box_cfl_with_ninety_substeps
tests/test_fv_research_long_horizon.py::test_long_horizon_refuses_verification_time_misalignment[<lambda>0]
tests/test_fv_research_long_horizon.py::test_long_horizon_refuses_verification_time_misalignment[<lambda>1]
tests/test_fv_research_long_horizon.py::test_explicit_verification_times_are_bound_into_problem_identity
tests/test_fv_research_long_horizon.py::test_growth_control_is_integrated_once_per_ten_minute_interval
tests/test_fv_research_long_horizon.py::test_bounded_nonzero_flow_long_horizon_forward_matches_synthetic_truth
tests/test_fv_research_long_horizon.py::test_nonzero_flow_uses_future_boundary_traces_in_time_order
tests/test_fv_research_multilead.py::test_multilead_layout_forecast_and_score_are_per_lead_mean
tests/test_fv_research_multilead.py::test_multilead_score_control_jvp_matches_stable_central_differences
tests/test_fv_research_multilead.py::test_multilead_contract_rejects_horizon_shape_and_schedule_mismatches[horizon]
tests/test_fv_research_multilead.py::test_multilead_contract_rejects_horizon_shape_and_schedule_mismatches[verification]
tests/test_fv_research_multilead.py::test_multilead_contract_rejects_horizon_shape_and_schedule_mismatches[future_schedule]
tests/test_fv_research_multilead.py::test_uniform_zero_face_trajectory_applies_signed_growth_once_per_interval[-0.008]
tests/test_fv_research_multilead.py::test_uniform_zero_face_trajectory_applies_signed_growth_once_per_interval[0.0]
tests/test_fv_research_multilead.py::test_uniform_zero_face_trajectory_applies_signed_growth_once_per_interval[0.008]
tests/test_fv_research_partial_observation.py::test_missing_middle_and_last_observations_are_masked_in_objective_and_whitener
tests/test_fv_research_partial_observation.py::test_partial_observations_keep_two_lead_time_and_branch_contract
tests/test_fv_research_partial_observation.py::test_research_binding_rejects_invalid_data_outside_genuine_later_missing[first_frame_missing-fully known initial active support]
tests/test_fv_research_partial_observation.py::test_research_binding_rejects_invalid_data_outside_genuine_later_missing[qc_rejected-research minmod]
tests/test_fv_research_partial_observation.py::test_research_binding_rejects_invalid_data_outside_genuine_later_missing[censored-research minmod]
tests/test_fv_research_partial_observation.py::test_research_binding_rejects_invalid_data_outside_genuine_later_missing[zero_quality-research minmod]
tests/test_fv_research_problem.py::test_common_objective_score_and_derivatives_match_frozen_reference[4x5]
tests/test_fv_research_problem.py::test_common_layout_identity_and_branch_match[4x5]
tests/test_fv_research_problem.py::test_common_contract_refuses_unsupported_variants[4x5-missing]
tests/test_fv_research_problem.py::test_common_contract_refuses_unsupported_variants[4x5-boundary]
tests/test_fv_research_problem.py::test_common_contract_refuses_unsupported_variants[4x5-operator]
tests/test_fv_research_problem.py::test_common_contract_refuses_unsupported_variants[4x5-stage_signature]
tests/test_fv_research_problem.py::test_legacy_profile_wrappers_keep_fixed_control_count[4x5]
tests/test_fv_research_problem.py::test_common_objective_score_and_derivatives_match_frozen_reference[8x10]
tests/test_fv_research_problem.py::test_common_layout_identity_and_branch_match[8x10]
tests/test_fv_research_problem.py::test_common_contract_refuses_unsupported_variants[8x10-missing]
tests/test_fv_research_problem.py::test_common_contract_refuses_unsupported_variants[8x10-boundary]
tests/test_fv_research_problem.py::test_common_contract_refuses_unsupported_variants[8x10-operator]
tests/test_fv_research_problem.py::test_common_contract_refuses_unsupported_variants[8x10-stage_signature]
tests/test_fv_research_problem.py::test_legacy_profile_wrappers_keep_fixed_control_count[8x10]
tests/test_fv_response_job_lifecycle.py::test_same_directory_second_coordinator_is_busy_before_worker
tests/test_fv_response_job_lifecycle.py::test_same_host_lock_blocks_another_process_then_releases
tests/test_fv_response_job_lifecycle.py::test_parent_path_aliases_contend_on_one_job_lock
tests/test_fv_response_job_lifecycle.py::test_job_lock_releases_after_exception_and_rejects_symlinks
tests/test_fv_response_job_lifecycle.py::test_cancellation_token_serializes_publication
tests/test_fv_response_job_lifecycle.py::test_legacy_worker_validation_does_not_require_attempt_metadata
tests/test_fv_response_job_lifecycle.py::test_cancellation_during_locked_publish_waits_and_cannot_retract
tests/test_fv_response_job_lifecycle.py::test_finished_worker_publishes_only_after_reap_and_validation
tests/test_fv_response_job_lifecycle.py::test_parent_directory_fsync_failure_prevents_worker_launch
tests/test_fv_response_job_lifecycle.py::test_attempt_artifact_mutation_after_validation_blocks_publication[raw]
tests/test_fv_response_job_lifecycle.py::test_attempt_artifact_mutation_after_validation_blocks_publication[manifest]
tests/test_fv_response_job_lifecycle.py::test_attempt_artifact_mutation_after_validation_blocks_publication[resource]
tests/test_fv_response_job_lifecycle.py::test_attempt_manifest_commit_failure_prevents_worker_launch
tests/test_fv_response_job_lifecycle.py::test_manifest_change_between_replace_and_snapshot_prevents_launch
tests/test_fv_response_job_lifecycle.py::test_publication_directory_fsync_failure_does_not_commit_token
tests/test_fv_response_job_lifecycle.py::test_cancelled_worker_with_partial_report_never_publishes
tests/test_fv_response_job_lifecycle.py::test_late_cancellation_before_publication_wins
tests/test_fv_response_job_lifecycle.py::test_pair_cancellation_is_local_and_only_success_is_published
tests/test_fv_response_job_lifecycle.py::test_worker_direct_cli_imports_from_unrelated_cwd
tests/test_fv_response_job_reconcile.py::test_missing_and_empty_job_report_no_observed_artifacts
tests/test_fv_response_job_reconcile.py::test_raw_resource_crash_window_without_publication_needs_reconciliation
tests/test_fv_response_job_reconcile.py::test_publication_without_lifecycle_needs_reconciliation
tests/test_fv_response_job_reconcile.py::test_consistent_terminal_lifecycle_allows_candidate_and_is_idempotent
tests/test_fv_response_job_reconcile.py::test_fully_bound_v2_artifacts_allow_only_unauthenticated_candidate
tests/test_fv_response_job_reconcile.py::test_any_v2_marker_disables_legacy_fallback[attempt.json]
tests/test_fv_response_job_reconcile.py::test_any_v2_marker_disables_legacy_fallback[attempt_id]
tests/test_fv_response_job_reconcile.py::test_any_v2_marker_disables_legacy_fallback[manifest_digest]
tests/test_fv_response_job_reconcile.py::test_any_v2_marker_disables_legacy_fallback[resource_digest]
tests/test_fv_response_job_reconcile.py::test_any_v2_marker_disables_legacy_fallback[schema2]
tests/test_fv_response_job_reconcile.py::test_v2_marker_in_worker_log_disables_legacy_fallback
tests/test_fv_response_job_reconcile.py::test_v2_binding_tampering_and_missing_chain_fail_closed[manifest]
tests/test_fv_response_job_reconcile.py::test_v2_binding_tampering_and_missing_chain_fail_closed[raw_id]
tests/test_fv_response_job_reconcile.py::test_v2_binding_tampering_and_missing_chain_fail_closed[resource_id]
tests/test_fv_response_job_reconcile.py::test_v2_binding_tampering_and_missing_chain_fail_closed[resource_digest]
tests/test_fv_response_job_reconcile.py::test_v2_binding_tampering_and_missing_chain_fail_closed[publication_digest]
tests/test_fv_response_job_reconcile.py::test_v2_binding_tampering_and_missing_chain_fail_closed[lifecycle_id]
tests/test_fv_response_job_reconcile.py::test_v2_binding_tampering_and_missing_chain_fail_closed[job_path]
tests/test_fv_response_job_reconcile.py::test_v2_binding_tampering_and_missing_chain_fail_closed[source_drift]
tests/test_fv_response_job_reconcile.py::test_v2_binding_tampering_and_missing_chain_fail_closed[input_drift]
tests/test_fv_response_job_reconcile.py::test_v2_binding_tampering_and_missing_chain_fail_closed[command]
tests/test_fv_response_job_reconcile.py::test_v2_copied_job_path_is_unresolved
tests/test_fv_response_job_reconcile.py::test_v2_manifest_from_different_current_source_snapshot_is_unresolved
tests/test_fv_response_job_reconcile.py::test_artifact_swap_after_snapshot_never_yields_candidate[worker.raw.json]
tests/test_fv_response_job_reconcile.py::test_artifact_swap_after_snapshot_never_yields_candidate[worker.resource.json]
tests/test_fv_response_job_reconcile.py::test_missing_worker_record_is_not_recovered[worker.raw.json]
tests/test_fv_response_job_reconcile.py::test_missing_worker_record_is_not_recovered[worker.resource.json]
tests/test_fv_response_job_reconcile.py::test_partial_raw_and_cancelled_without_publication_need_reconciliation
tests/test_fv_response_job_reconcile.py::test_contradictory_publication_or_worker_is_rejected[sha]
tests/test_fv_response_job_reconcile.py::test_contradictory_publication_or_worker_is_rejected[pid]
tests/test_fv_response_job_reconcile.py::test_contradictory_publication_or_worker_is_rejected[request]
tests/test_fv_response_job_reconcile.py::test_contradictory_publication_or_worker_is_rejected[case]
tests/test_fv_response_job_reconcile.py::test_contradictory_publication_or_worker_is_rejected[scope]
tests/test_fv_response_job_reconcile.py::test_contradictory_publication_or_worker_is_rejected[input]
tests/test_fv_response_job_reconcile.py::test_contradictory_publication_or_worker_is_rejected[response]
tests/test_fv_response_job_reconcile.py::test_contradictory_publication_or_worker_is_rejected[boolean_direct]
tests/test_fv_response_job_reconcile.py::test_contradictory_publication_or_worker_is_rejected[nan_direct]
tests/test_fv_response_job_reconcile.py::test_contradictory_publication_or_worker_is_rejected[time]
tests/test_fv_response_job_reconcile.py::test_contradictory_publication_or_worker_is_rejected[source]
tests/test_fv_response_job_reconcile.py::test_contradictory_publication_or_worker_is_rejected[archive]
tests/test_fv_response_job_reconcile.py::test_temporary_unexpected_symlink_and_malformed_records_are_rejected
tests/test_fv_response_job_reconcile.py::test_lifecycle_contradiction_forces_reconciliation[execution_status-cancelled]
tests/test_fv_response_job_reconcile.py::test_lifecycle_contradiction_forces_reconciliation[physical_validation-passed]
tests/test_fv_response_job_reconcile.py::test_lifecycle_contradiction_forces_reconciliation[runner_error-unexpected failure]
tests/test_fv_response_job_reconcile.py::test_lifecycle_contradiction_forces_reconciliation[raw_child_read_error-malformed raw report]
tests/test_fv_response_job_reconcile.py::test_copied_legacy_relative_worker_command_is_unresolved
tests/test_fv_response_job_reconcile.py::test_changed_resource_exit_is_unresolved_even_when_lifecycle_copy_agrees
tests/test_fv_response_job_reconcile.py::test_current_fixed_archive_drift_is_unresolved
tests/test_fv_response_job_reconcile.py::test_lifecycle_source_snapshot_must_match_current_sources
tests/test_fv_response_job_reconcile.py::test_two_inspectors_contend_on_shared_lock
tests/test_fv_response_job_reconcile.py::test_parent_path_aliases_use_the_same_lock_and_classification
tests/test_fv_response_job_reconcile.py::test_invalid_request_id_does_not_inspect_or_create_job_artifacts
tests/test_fv_rotation_demo.py::test_missing_candidate_does_not_shrink_large_demo_score_domain
tests/test_fv_rotation_demo.py::test_analysis_and_forecast_support_have_distinct_time_extents
tests/test_fv_scaled_research_case.py::test_scaled_fixture_has_prescribed_geometry_counts_and_fixed_pattern
tests/test_fv_scaled_research_case.py::test_scaled_schedule_support_and_cfl_box_are_bounded
tests/test_fv_scaled_research_case.py::test_scaled_functions_preserve_parameter_control_layout_and_strict_branch
tests/test_fv_scaled_research_case.py::test_scaled_functions_refuse_wrong_layout_but_trace_zero_growth
tests/test_fv_stage_observer.py::test_nested_observers_are_called_inner_then_outer_and_preserve_stage_output
tests/test_fv_stage_observer.py::test_mutating_a_diagnostic_snapshot_does_not_change_transport
tests/test_fv_stage_observer.py::test_nested_observers_receive_independent_snapshots
tests/test_fv_stage_observer.py::test_observer_context_resets_after_exception
tests/test_fv_stage_observer.py::test_concurrent_observers_match_serial_signatures_without_cross_talk
tests/test_fv_stage_observer.py::test_concurrent_strict_branch_traces_keep_each_exact_signature
tests/test_fv_stage_observer.py::test_zero_face_forward_does_not_enter_another_threads_observer
tests/test_fv_stationarity_verification.py::test_explicit_verification_checks_residual_jvps_without_legacy_promotion
tests/test_fv_stationarity_verification.py::test_verification_rejects_nonstationary_control
tests/test_fv_stationarity_verification.py::test_verification_catches_a_wrong_residual_derivative
tests/test_fv_stationarity_verification.py::test_verification_rejects_missing_observations
tests/test_fv_stationarity_verification.py::test_verification_rejects_stale_trajectory_components[support_frames]
tests/test_fv_stationarity_verification.py::test_verification_rejects_stale_trajectory_components[psi_coefficients]
tests/test_fv_stationarity_verification.py::test_verification_rejects_stale_trajectory_components[log_growth_per_step]
tests/test_fv_stationary_refinement.py::test_matrix_free_refinement_decreases_actual_stationary_residual
tests/test_fv_stationary_refinement.py::test_negative_curvature_cannot_be_polished_into_a_certificate
tests/test_fv_stationary_refinement.py::test_sensitive_face_tie_is_rejected_before_newton
tests/test_fv_stationary_refinement.py::test_stopping_uses_max_component_residual_when_l2_is_larger
tests/test_fv_stationary_sensitivity.py::test_polish_uses_gradient_merit_when_cost_change_is_unresolvable
tests/test_fv_stationary_sensitivity.py::test_polish_does_not_accept_a_zero_gradient_saddle
tests/test_fv_stationary_sensitivity.py::test_dense_hessian_rejects_nonsymmetric_and_nonfinite_derivatives
tests/test_fv_stationary_sensitivity.py::test_polish_rejects_infinite_cost_even_with_zero_gradient
tests/test_fv_stationary_sensitivity.py::test_polish_checks_every_trial_branch
tests/test_fv_stationary_sensitivity.py::test_stationary_sensitivity_scalar_quadratic_has_the_right_sign
tests/test_fv_stationary_sensitivity.py::test_stationary_sensitivity_rejects_a_nonstationary_point
tests/test_fv_stationary_sensitivity.py::test_face_signs_distinguishes_structural_and_sensitive_zero_faces
tests/test_fv_stationary_sensitivity.py::test_prepare_analysis_full_detected_domain_uses_perturbed_first_frame
tests/test_fv_stationary_sensitivity.py::test_dense_hessian_oracle_has_a_small_control_cap
tests/test_fv_stationary_sensitivity.py::test_face_box_rejects_possible_crossing_despite_matching_endpoints
tests/test_fv_stationary_sensitivity.py::test_nan_stationarity_is_not_accepted
tests/test_fv_stationary_sensitivity.py::test_fv_total_observation_sensitivity_matches_stationary_reanalysis
tests/test_fv_stationary_sensitivity.py::test_face_margin_accounts_for_cancellation_in_backend_vertex_sums
tests/test_fv_support_matrix.py::test_stratified_inventory_preserves_refusal_and_unmeasured_validation
tests/test_fv_support_matrix.py::test_validation_fraction_remains_null_until_an_attempt_exists
tests/test_fv_support_matrix.py::test_manifest_mismatch_refuses_a_changed_measurement
tests/test_fv_trajectory_contract.py::test_basis_anchor_and_full_rank_are_required
tests/test_fv_trajectory_contract.py::test_empty_psi_basis_is_a_valid_zero_flow_case
tests/test_fv_trajectory_contract.py::test_schedule_length_and_fixed_timing_types_are_checked
tests/test_fv_trajectory_contract.py::test_partial_support_is_allowed_for_donorcell_but_rejected_by_minmod
tests/test_fv_trajectory_contract.py::test_replay_preserves_support_boundary_derivative
tests/test_fv_trajectory_contract.py::test_replay_freezes_mutable_spacing_metadata_before_backward
tests/test_fv_variational_residual.py::test_fv_control_layout_and_trajectory_do_not_fabricate_global_motion
tests/test_fv_variational_residual.py::test_existing_residual_has_fv_jvp_vjp_and_normal_operator
tests/test_fv_variational_residual.py::test_existing_pcg_gn_step_reduces_the_fv_objective
tests/test_fv_variational_residual.py::test_shared_solver_returns_only_research_fv_analysis[donorcell]
tests/test_fv_variational_residual.py::test_shared_solver_returns_only_research_fv_analysis[minmod]
tests/test_fv_variational_residual.py::test_public_fv_forecast_stays_blocked_until_same_backend_is_wired
tests/test_fv_variational_residual.py::test_frozen_fv_inputs_do_not_follow_caller_mutation
tests/test_fv_variational_residual.py::test_legacy_control_layout_remains_available
tests/test_fv_variational_residual.py::test_cfl_certificate_uses_substep_seconds_not_observation_interval
tests/test_fv_variational_residual.py::test_fv_frozen_irls_gradient_matches_the_true_robust_objective
tests/test_fv_variational_residual.py::test_fv_initial_exploration_uses_actual_cost_and_preserves_other_blocks
tests/test_fv_variational_residual.py::test_no_descent_in_constant_echo_is_not_reported_as_stationarity
tests/test_fv_variational_residual.py::test_initial_exploration_does_not_hide_internal_runtime_errors
tests/test_fv_variational_residual.py::test_invalid_initial_cost_is_not_a_no_descent_result
tests/test_fv_variational_residual.py::test_zero_selected_psi_gradient_escapes_using_actual_observation_cost
tests/test_fv_variational_residual.py::test_fv_pcg_does_not_reclassify_internal_errors_as_numerical_failure
tests/test_fv_variational_residual.py::test_fv_trial_does_not_hide_internal_evaluation_errors
tests/test_fv_variational_residual.py::test_fv_trajectory_cannot_enter_legacy_fso_state_adapter
tests/test_fv_zero_face_scope.py::test_every_zero_face_is_flow_control_sensitive_in_supported_profiles[4x5]
tests/test_fv_zero_face_scope.py::test_every_zero_face_is_flow_control_sensitive_in_supported_profiles[8x10]
tests/test_fv_zero_face_scope.py::test_restricted_streamfunction_has_structural_zero_faces
tests/test_holdout_evaluation.py::test_saved_candidate_passes_despite_failing_comparison_baseline
tests/test_holdout_evaluation.py::test_candidate_corruption_fails[axis_width_relative_error-value0]
tests/test_holdout_evaluation.py::test_candidate_corruption_fails[axis_width_relative_error-value1]
tests/test_holdout_evaluation.py::test_candidate_corruption_fails[relative_echo_l2-nan]
tests/test_holdout_evaluation.py::test_candidate_corruption_fails[center_error_pixels-inf]
tests/test_holdout_evaluation.py::test_candidate_corruption_fails[minimum_echo--1e-20]
tests/test_holdout_evaluation.py::test_candidate_corruption_fails[lead_transformed_budget_residual-1e-06]
tests/test_holdout_evaluation.py::test_candidate_corruption_fails[orientation_error_degrees-3]
tests/test_holdout_evaluation.py::test_unavailable_orientation_is_incomplete_not_passed
tests/test_holdout_evaluation.py::test_incomplete_evidence_cannot_pass[missing_case]
tests/test_holdout_evaluation.py::test_incomplete_evidence_cannot_pass[duplicate_case]
tests/test_holdout_evaluation.py::test_incomplete_evidence_cannot_pass[missing_lead]
tests/test_holdout_evaluation.py::test_incomplete_evidence_cannot_pass[duplicate_lead]
tests/test_holdout_evaluation.py::test_manifest_drift_rejected
tests/test_holdout_evaluation.py::test_execution_helper_drift_rejected
tests/test_holdout_evaluation.py::test_unknown_exterior_cannot_inherit_known_zero_acceptance
tests/test_holdout_evaluation.py::test_joint_report_and_manifest_relaxation_rejected
tests/test_initial_field_lab.py::InitialFieldLabTest::test_age_changes_metadata_without_aging_the_background
tests/test_initial_field_lab.py::InitialFieldLabTest::test_background_can_be_removed_or_visibly_changed
tests/test_initial_field_lab.py::InitialFieldLabTest::test_comparison_rejects_different_valid_times
tests/test_initial_field_lab.py::InitialFieldLabTest::test_comparison_uses_fixed_reference_and_domain
tests/test_initial_field_lab.py::InitialFieldLabTest::test_comparison_without_reference_domain_has_no_score
tests/test_initial_field_lab.py::InitialFieldLabTest::test_default_experiment_runs_the_p0_nowcast
tests/test_initial_field_lab.py::InitialFieldLabTest::test_numeric_settings_reject_huge_integers_and_nonfinite_values
tests/test_initial_field_lab.py::InitialFieldLabTest::test_request_rejects_an_unsupported_lead_time
tests/test_initial_field_lab.py::InitialFieldLabTest::test_run_comparison_keeps_a_when_background_b_changes
tests/test_initial_field_lab.py::InitialFieldLabTest::test_scored_pixels_exclude_missing_persistence_on_valid_forecast
tests/test_integrate_fv_demo.py::test_integration_preserves_history_and_replaces_only_its_entries
tests/test_integrate_fv_demo.py::test_mismatched_method_leads_are_not_silently_truncated
tests/test_integrate_fv_demo.py::test_mismatched_comparison_contract_is_rejected[change0]
tests/test_integrate_fv_demo.py::test_mismatched_comparison_contract_is_rejected[change1]
tests/test_integrate_fv_demo.py::test_motion_diagnostics_use_each_methods_actual_saved_field
tests/test_ledger.py::ModelContractTests::test_digest_changes_when_any_contract_field_changes
tests/test_ledger.py::ModelContractTests::test_episode_rejects_config_digest_mismatch
tests/test_ledger.py::ModelContractTests::test_episode_rejects_grid_digest_mismatch
tests/test_ledger.py::EpisodeLedgerTests::test_analysis_provenance_sql_requires_prepared_immutable_rows
tests/test_ledger.py::EpisodeLedgerTests::test_append_load_verify_and_reopen_computed_snapshot
tests/test_ledger.py::EpisodeLedgerTests::test_append_uses_one_owned_tensor_snapshot
tests/test_ledger.py::EpisodeLedgerTests::test_backdated_decision_cannot_be_recorded_after_issue
tests/test_ledger.py::EpisodeLedgerTests::test_complete_verification_lineage_round_trips
tests/test_ledger.py::EpisodeLedgerTests::test_distinct_certificate_requests_form_one_linear_chain
tests/test_ledger.py::EpisodeLedgerTests::test_duplicate_episode_id_is_rejected
tests/test_ledger.py::EpisodeLedgerTests::test_executor_public_key_store_must_not_be_world_writable
tests/test_ledger.py::EpisodeLedgerTests::test_extended_context_schemas_remain_verifiable
tests/test_ledger.py::EpisodeLedgerTests::test_file_corruption_is_detected
tests/test_ledger.py::EpisodeLedgerTests::test_forecast_run_digest_is_validated_independently_of_contract
tests/test_ledger.py::EpisodeLedgerTests::test_forecast_run_identity_does_not_change_contract_compatibility
tests/test_ledger.py::EpisodeLedgerTests::test_holdout_plan_rechecks_clock_before_commit
tests/test_ledger.py::EpisodeLedgerTests::test_holdout_plans_v33_through_v36_load_as_cold_audit_fixtures
tests/test_ledger.py::EpisodeLedgerTests::test_invalid_and_traversal_episode_ids_are_rejected
tests/test_ledger.py::EpisodeLedgerTests::test_invalid_snapshot_forecast_run_digest_is_rejected
tests/test_ledger.py::EpisodeLedgerTests::test_legacy_holdout_plan_loads_as_read_only_audit
tests/test_ledger.py::EpisodeLedgerTests::test_legacy_learning_approval_remains_loadable
tests/test_ledger.py::EpisodeLedgerTests::test_legacy_v2_prospective_receipt_loads_as_signed_audit
tests/test_ledger.py::EpisodeLedgerTests::test_malformed_or_contradictory_snapshot_is_rejected
tests/test_ledger.py::EpisodeLedgerTests::test_operational_raw_resolution_history_is_append_only
tests/test_ledger.py::EpisodeLedgerTests::test_operator_public_key_store_must_not_be_world_writable
tests/test_ledger.py::EpisodeLedgerTests::test_pr140_generations_load_as_audit_only
tests/test_ledger.py::EpisodeLedgerTests::test_pr141_promotion_v31_loads_from_the_ledger_as_audit_only
tests/test_ledger.py::EpisodeLedgerTests::test_pr141_scientific_generations_load_as_audit_only
tests/test_ledger.py::EpisodeLedgerTests::test_previous_scalar_schema_is_migrated
tests/test_ledger.py::EpisodeLedgerTests::test_prospective_decision_and_executor_receipt_round_trip
tests/test_ledger.py::EpisodeLedgerTests::test_replay_v19_through_v26_preserve_frozen_tensor_roles
tests/test_ledger.py::EpisodeLedgerTests::test_retrospective_replay_is_a_separate_audit_record
tests/test_ledger.py::EpisodeLedgerTests::test_same_id_concurrent_append_commits_once
tests/test_ledger.py::EpisodeLedgerTests::test_schema_fifteen_evidence_contract_remains_verifiable
tests/test_ledger.py::EpisodeLedgerTests::test_schema_five_conflict_context_remains_verifiable
tests/test_ledger.py::EpisodeLedgerTests::test_schema_four_context_contract_remains_verifiable
tests/test_ledger.py::EpisodeLedgerTests::test_schema_one_episode_remains_verifiable
tests/test_ledger.py::EpisodeLedgerTests::test_schema_three_episode_without_run_identity_remains_verifiable
tests/test_ledger.py::EpisodeLedgerTests::test_sqlite_rows_cannot_be_updated_or_deleted
tests/test_ledger.py::EpisodeLedgerTests::test_typed_actions_plan_times_and_global_radius_fail_closed
tests/test_ledger.py::EpisodeLedgerTests::test_unavailable_optional_arrays_are_omitted
tests/test_ledger.py::EpisodeLedgerTests::test_untracked_episode_file_is_detected
tests/test_ledger.py::EpisodeLedgerTests::test_v29_holdout_plan_loads_as_byte_audit_only
tests/test_ledger.py::EpisodeLedgerTests::test_v2_layout_cannot_claim_schema_one
tests/test_ledger.py::EpisodeLedgerTests::test_v30_holdout_plan_loads_as_byte_audit_only
tests/test_ledger.py::EpisodeLedgerTests::test_v3_promotion_and_pre_full_input_manifest_load_audit_only
tests/test_ledger.py::EpisodeLedgerTests::test_v5_promotion_and_pre_probability_manifest_load_audit_only
tests/test_ledger.py::EpisodeLedgerTests::test_v6_promotion_and_v7_evaluation_load_audit_only
tests/test_ledger.py::EpisodeLedgerTests::test_v7_promotion_and_v4_manifest_load_audit_only
tests/test_ledger.py::EpisodeLedgerTests::test_v8_promotion_loads_as_pre_classifier_audit
tests/test_local_refinement.py::test_nonlinear_spd_refinement_matches_known_stationary_point_without_dense_solve[0.0]
tests/test_local_refinement.py::test_nonlinear_spd_refinement_matches_known_stationary_point_without_dense_solve[0.5]
tests/test_local_refinement.py::test_nonlinear_spd_refinement_matches_known_stationary_point_without_dense_solve[-0.5]
tests/test_local_refinement.py::test_sixty_four_control_case_agrees_with_analytic_reference[0.0-0.0]
tests/test_local_refinement.py::test_sixty_four_control_case_agrees_with_analytic_reference[0.0-4.0]
tests/test_local_refinement.py::test_sixty_four_control_case_agrees_with_analytic_reference[0.5-0.0]
tests/test_local_refinement.py::test_sixty_four_control_case_agrees_with_analytic_reference[0.5-4.0]
tests/test_local_refinement.py::test_sixty_four_control_case_agrees_with_analytic_reference[-0.5-0.0]
tests/test_local_refinement.py::test_sixty_four_control_case_agrees_with_analytic_reference[-0.5-4.0]
tests/test_local_refinement.py::test_initial_stationary_control_returns_without_claiming_minimum
tests/test_local_refinement.py::test_gradient_at_exact_tolerance_is_refined_instead_of_accepted
tests/test_local_refinement.py::test_normalized_armijo_rejects_overshoot_before_accepting_backtrack
tests/test_local_refinement.py::test_nonfinite_exponential_trials_are_rejected_until_a_finite_step[-7.0]
tests/test_local_refinement.py::test_nonfinite_exponential_trials_are_rejected_until_a_finite_step[-8.0]
tests/test_local_refinement.py::test_nonfinite_candidate_gradient_is_rejected_as_a_candidate[gradient0-gradient must be finite]
tests/test_local_refinement.py::test_nonfinite_candidate_gradient_is_rejected_as_a_candidate[gradient1-gradient norm must be finite]
tests/test_local_refinement.py::test_all_nonfinite_candidate_trials_end_with_a_finite_budget_refusal
tests/test_local_refinement.py::test_candidate_objective_callback_errors_propagate[ValueError]
tests/test_local_refinement.py::test_candidate_objective_callback_errors_propagate[RuntimeError]
tests/test_local_refinement.py::test_candidate_objective_callback_errors_propagate[TypeError]
tests/test_local_refinement.py::test_malformed_candidate_objective_output_propagates
tests/test_local_refinement.py::test_successful_pcg_flag_with_wrong_solution_is_rejected
tests/test_local_refinement.py::test_negative_curvature_is_rejected_by_pcg
tests/test_local_refinement.py::test_branch_value_error_rejects_trials_and_reports_no_convergence
tests/test_local_refinement.py::test_iteration_budget_reports_no_convergence
tests/test_local_refinement.py::test_nonfinite_inputs_and_objective_are_rejected
tests/test_local_response.py::test_quadratic_response_has_direct_and_implicit_terms_without_dense_solver
tests/test_local_response.py::test_physical_directional_response_is_invariant_to_control_parameter_and_objective_units
tests/test_local_response.py::test_requires_float64_stationarity_branch_and_input_identity
tests/test_local_response.py::test_rejects_non_spd_hessian_and_nonfinite_direction
tests/test_local_response.py::test_zero_rhs_accepts_only_zero_true_transpose_residual
tests/test_local_response.py::test_nonfinite_score_is_rejected_before_gradient
tests/test_local_response.py::test_true_transpose_residual_is_checked_even_when_pcg_reports_success
tests/test_local_response.py::test_rejects_empty_vectors
tests/test_m0_linearity_weights.py::test_m0_linearity_uses_score_weights_and_boolean_coverage[issued-nonuniform-0.001]
tests/test_m0_linearity_weights.py::test_m0_linearity_uses_score_weights_and_boolean_coverage[issued-nonuniform-0.0001]
tests/test_m0_linearity_weights.py::test_m0_linearity_uses_score_weights_and_boolean_coverage[issued-nonuniform-1e-05]
tests/test_m0_linearity_weights.py::test_m0_linearity_uses_score_weights_and_boolean_coverage[confidence_weighted-unit-0.001]
tests/test_m0_linearity_weights.py::test_m0_linearity_uses_score_weights_and_boolean_coverage[confidence_weighted-unit-0.0001]
tests/test_m0_linearity_weights.py::test_m0_linearity_uses_score_weights_and_boolean_coverage[confidence_weighted-unit-1e-05]
tests/test_m0_linearity_weights.py::test_m0_linearity_uses_score_weights_and_boolean_coverage[radar_dynamics_anchored-unit-0.001]
tests/test_m0_linearity_weights.py::test_m0_linearity_uses_score_weights_and_boolean_coverage[radar_dynamics_anchored-unit-0.0001]
tests/test_m0_linearity_weights.py::test_m0_linearity_uses_score_weights_and_boolean_coverage[radar_dynamics_anchored-unit-1e-05]
tests/test_m0_linearity_weights.py::test_m0_linearity_uses_score_weights_and_boolean_coverage[issued-unit-0.001]
tests/test_m0_linearity_weights.py::test_m0_linearity_uses_score_weights_and_boolean_coverage[issued-unit-0.0001]
tests/test_m0_linearity_weights.py::test_m0_linearity_uses_score_weights_and_boolean_coverage[issued-unit-1e-05]
tests/test_m0_linearity_weights.py::test_m0_linearity_uses_score_weights_and_boolean_coverage[issued-uniform-0.001]
tests/test_m0_linearity_weights.py::test_m0_linearity_uses_score_weights_and_boolean_coverage[issued-uniform-0.0001]
tests/test_m0_linearity_weights.py::test_m0_linearity_uses_score_weights_and_boolean_coverage[issued-uniform-1e-05]
tests/test_m0_linearity_weights.py::test_m0_linearity_uses_score_weights_and_boolean_coverage[issued-missing-0.001]
tests/test_m0_linearity_weights.py::test_m0_linearity_uses_score_weights_and_boolean_coverage[issued-missing-0.0001]
tests/test_m0_linearity_weights.py::test_m0_linearity_uses_score_weights_and_boolean_coverage[issued-missing-1e-05]
tests/test_matrix_free.py::MatrixFreeTests::test_advection_hvp_matches_finite_difference_in_frozen_cell
tests/test_matrix_free.py::MatrixFreeTests::test_advection_is_continuous_at_an_integer_cell_boundary
tests/test_matrix_free.py::MatrixFreeTests::test_advection_jvp_matches_finite_difference_in_frozen_cell
tests/test_matrix_free.py::MatrixFreeTests::test_forecast_hvp_matches_finite_difference_inside_remap_cell
tests/test_matrix_free.py::MatrixFreeTests::test_forecast_jvp_matches_finite_difference_inside_remap_cell
tests/test_matrix_free.py::MatrixFreeTests::test_forecast_metric_hvp_is_symmetric
tests/test_matrix_free.py::MatrixFreeTests::test_forecast_operator_jvp_vjp_identity
tests/test_matrix_free.py::MatrixFreeTests::test_hvp_is_symmetric
tests/test_matrix_free.py::MatrixFreeTests::test_jvp_vjp_dot_product_identity
tests/test_matrix_free.py::MatrixFreeTests::test_positive_state_gate_does_not_clamp_signed_jvp
tests/test_metrics.py::MetricTests::test_continuous_scores_ignore_non_finite_pairs
tests/test_metrics.py::MetricTests::test_csi_counts_hits_misses_and_false_alarms
tests/test_metrics.py::MetricTests::test_integer_inputs_are_rejected
tests/test_motion_diagnostics.py::test_rigid_rotation_changes_polar_and_covariance_axis
tests/test_motion_diagnostics.py::test_translation_preserves_axis_but_centroid_angle_is_not_rotation_proof
tests/test_motion_diagnostics.py::test_zero_missing_and_point_like_excess_are_explicitly_unavailable
tests/test_motion_diagnostics.py::test_axis_identifiability_is_independent_of_coordinate_units[1e-08]
tests/test_motion_diagnostics.py::test_axis_identifiability_is_independent_of_coordinate_units[1.0]
tests/test_motion_diagnostics.py::test_axis_identifiability_is_independent_of_coordinate_units[100000000.0]
tests/test_muscl_experiment.py::test_matches_independent_muscl_ssprk2_oracle_on_nonsmooth_field
tests/test_muscl_experiment.py::test_signed_nonsquare_face_fluxes_match_oracle
tests/test_muscl_experiment.py::test_streamfunction_faces_are_divergence_free_and_match_oracle
tests/test_muscl_experiment.py::test_cfl_half_preserves_finite_nonnegative_echo_at_supported_scales[dtype0-1e-20]
tests/test_muscl_experiment.py::test_cfl_half_preserves_finite_nonnegative_echo_at_supported_scales[dtype1-1.0]
tests/test_muscl_experiment.py::test_cfl_half_preserves_finite_nonnegative_echo_at_supported_scales[dtype2-1e+20]
tests/test_muscl_experiment.py::test_cfl_half_preserves_finite_nonnegative_echo_at_supported_scales[dtype3-1e-200]
tests/test_muscl_experiment.py::test_cfl_half_preserves_finite_nonnegative_echo_at_supported_scales[dtype4-1e+200]
tests/test_muscl_experiment.py::test_cfl_above_half_is_rejected
tests/test_muscl_experiment.py::test_no_flow_constant_integrating_factor_is_exact[-0.4]
tests/test_muscl_experiment.py::test_no_flow_constant_integrating_factor_is_exact[0.0]
tests/test_muscl_experiment.py::test_no_flow_constant_integrating_factor_is_exact[0.35]
tests/test_muscl_experiment.py::test_nonzero_growth_mass_identity_uses_transformed_outflow
tests/test_muscl_experiment.py::test_zero_exterior_outflow_has_no_periodic_reentry
tests/test_muscl_experiment.py::test_q_jvp_vjp_and_finite_difference_agree_on_fixed_limiter_branches
tests/test_muscl_experiment.py::test_psi_jvp_vjp_and_finite_difference_agree_away_from_flux_sign_changes
tests/test_muscl_experiment.py::test_minmod_known_field_is_explicitly_not_additive
tests/test_muscl_multistep.py::test_three_step_composition_matches_independent_oracle_and_weighted_budget
tests/test_muscl_multistep.py::test_three_step_q_jvp_vjp_match_actual_central_difference
tests/test_muscl_multistep.py::test_three_step_psi_jvp_vjp_match_actual_central_difference
tests/test_muscl_multistep.py::test_three_step_growth_jvp_vjp_match_actual_central_difference
tests/test_muscl_multistep.py::test_zero_growth_three_step_mass_budget_residual_has_zero_derivative
tests/test_muscl_multistep.py::test_taylor_probe_classifies_limiter_crossing_before_claiming_refinement
tests/test_nowcast.py::NowcastTests::test_advection_rejects_integer_echo_and_displacement
tests/test_nowcast.py::NowcastTests::test_affine_hard_gates_enclose_each_authoritative_float_operation
tests/test_nowcast.py::NowcastTests::test_all_missing_uses_time_aligned_stale_background
tests/test_nowcast.py::NowcastTests::test_all_missing_without_background_is_unavailable
tests/test_nowcast.py::NowcastTests::test_analysis_window_growth_does_not_decay
tests/test_nowcast.py::NowcastTests::test_background_fallback_mask_labels_continuity_forecast
tests/test_nowcast.py::NowcastTests::test_background_fraction_gate_rejects_background_dominated_state
tests/test_nowcast.py::NowcastTests::test_background_future_does_not_move_observation_state
tests/test_nowcast.py::NowcastTests::test_background_requires_an_explicit_age
tests/test_nowcast.py::NowcastTests::test_background_tendency_age_increases_uncertainty
tests/test_nowcast.py::NowcastTests::test_background_tendency_preserves_usage_and_age
tests/test_nowcast.py::NowcastTests::test_batched_remap_core_matches_individual_channels
tests/test_nowcast.py::NowcastTests::test_blended_motion_requires_both_selected_sources
tests/test_nowcast.py::NowcastTests::test_boundary_outflow_closes_the_echo_integral_budget
tests/test_nowcast.py::NowcastTests::test_boundary_outflow_is_not_treated_as_decay
tests/test_nowcast.py::NowcastTests::test_clear_sky_does_not_inflate_growth_evidence
tests/test_nowcast.py::NowcastTests::test_complete_latest_frame_has_direct_path_provenance
tests/test_nowcast.py::NowcastTests::test_confidence_gate_masks_long_leads_only
tests/test_nowcast.py::NowcastTests::test_conflicting_component_uses_recent_pair_with_psr_advantage
tests/test_nowcast.py::NowcastTests::test_conflicting_growth_without_psr_advantage_uses_persistence
tests/test_nowcast.py::NowcastTests::test_conflicting_motion_without_psr_advantage_uses_persistence
tests/test_nowcast.py::NowcastTests::test_conflicting_pairs_choose_clearly_higher_psr_pair
tests/test_nowcast.py::NowcastTests::test_consistent_component_uses_psr_and_recency_weights
tests/test_nowcast.py::NowcastTests::test_current_grid_identity_measures_sheared_cell_displacement
tests/test_nowcast.py::NowcastTests::test_current_grid_identity_rejects_nonfinite_derived_affine_metrics
tests/test_nowcast.py::NowcastTests::test_current_grid_identity_uses_only_active_degenerate_axis
tests/test_nowcast.py::NowcastTests::test_current_grid_identity_uses_shared_affine_condition_policy
tests/test_nowcast.py::NowcastTests::test_current_grid_rejects_non_projected_crs_and_wrong_shape
tests/test_nowcast.py::NowcastTests::test_current_metric_domain_binds_grid_corners_and_identity
tests/test_nowcast.py::NowcastTests::test_current_metric_uncertainty_reaches_pair_psr_and_speed_gates
tests/test_nowcast.py::NowcastTests::test_current_run_rejects_any_operational_deployment_claim
tests/test_nowcast.py::NowcastTests::test_current_v6_mps_nowcast_runs_end_to_end
tests/test_nowcast.py::NowcastTests::test_dbz_linear_round_trip
tests/test_nowcast.py::NowcastTests::test_dilation_ignores_offsets_outside_small_grid
tests/test_nowcast.py::NowcastTests::test_direct_clear_observation_precedes_echo_background
tests/test_nowcast.py::NowcastTests::test_direct_one_pixel_warp_avoids_repeated_half_pixel_diffusion
tests/test_nowcast.py::NowcastTests::test_direction_turn_uses_each_source_path_for_current_state
tests/test_nowcast.py::NowcastTests::test_earlier_pair_does_not_extrapolate_missing_latest_frame
tests/test_nowcast.py::NowcastTests::test_earlier_pair_evidence_is_carried_from_pair_endpoint
tests/test_nowcast.py::NowcastTests::test_earlier_pair_requires_its_observed_endpoint
tests/test_nowcast.py::NowcastTests::test_echo_does_not_wrap_back_after_leaving_domain
tests/test_nowcast.py::NowcastTests::test_empty_echo_uses_persistence_fallback
tests/test_nowcast.py::NowcastTests::test_equal_zero_pair_confidence_has_no_false_advantage
tests/test_nowcast.py::NowcastTests::test_far_qc_hole_does_not_reject_echo_pair
tests/test_nowcast.py::NowcastTests::test_float32_velocity_uncertainty_rounds_outward
tests/test_nowcast.py::NowcastTests::test_forecast_config_must_match_its_run_contract
tests/test_nowcast.py::NowcastTests::test_forecast_evidence_bundle_is_shared_and_reproducible
tests/test_nowcast.py::NowcastTests::test_forecast_rejects_out_of_contract_state_dynamics
tests/test_nowcast.py::NowcastTests::test_forecast_rejects_state_grid_outside_run_contract
tests/test_nowcast.py::NowcastTests::test_fractional_advection_is_non_negative_and_does_not_gain_mass
tests/test_nowcast.py::NowcastTests::test_fractional_impulse_has_only_four_local_destinations
tests/test_nowcast.py::NowcastTests::test_fractional_observation_support_blends_with_background
tests/test_nowcast.py::NowcastTests::test_fractional_sparse_merge_preserves_constant_echo
tests/test_nowcast.py::NowcastTests::test_fractional_support_is_not_promoted_to_full_support
tests/test_nowcast.py::NowcastTests::test_fractional_support_weights_strong_current_echo
tests/test_nowcast.py::NowcastTests::test_full_forecast_remaps_each_lead_once_even_with_audit
tests/test_nowcast.py::NowcastTests::test_full_support_uses_an_unknown_inflow_boundary
tests/test_nowcast.py::NowcastTests::test_future_fallback_does_not_replace_observation_paths
tests/test_nowcast.py::NowcastTests::test_grid_affine_maps_row_col_to_projected_velocity
tests/test_nowcast.py::NowcastTests::test_grid_affine_rejects_singular_or_inconsistent_geometry
tests/test_nowcast.py::NowcastTests::test_grid_time_contract_is_canonical_and_part_of_run_identity
tests/test_nowcast.py::NowcastTests::test_grid_time_contract_rejects_invalid_time_and_background_age
tests/test_nowcast.py::NowcastTests::test_growth_and_decay_keep_echo_positive_for_eighteen_steps
tests/test_nowcast.py::NowcastTests::test_growth_confidence_penalizes_shape_misalignment
tests/test_nowcast.py::NowcastTests::test_growth_confidence_uses_echo_evidence_not_only_motion_psr
tests/test_nowcast.py::NowcastTests::test_growth_confidence_uses_physical_area_across_resolutions
tests/test_nowcast.py::NowcastTests::test_growth_disagreement_raises_live_growth_uncertainty
tests/test_nowcast.py::NowcastTests::test_growth_evidence_preserves_saturation_excess
tests/test_nowcast.py::NowcastTests::test_growth_is_recovered
tests/test_nowcast.py::NowcastTests::test_growth_is_reestimated_with_selected_motion
tests/test_nowcast.py::NowcastTests::test_growth_minimum_area_fails_closed_at_projection_margin
tests/test_nowcast.py::NowcastTests::test_growth_overlap_area_is_resolution_invariant
tests/test_nowcast.py::NowcastTests::test_growth_saturation_raises_live_growth_uncertainty
tests/test_nowcast.py::NowcastTests::test_growth_uses_normalized_advected_support
tests/test_nowcast.py::NowcastTests::test_growth_with_three_pixels_of_overlap_is_unavailable
tests/test_nowcast.py::NowcastTests::test_high_confidence_long_pair_replaces_lone_adjacent_pair
tests/test_nowcast.py::NowcastTests::test_high_dynamic_range_does_not_hide_negative_echo
tests/test_nowcast.py::NowcastTests::test_high_pair_psr_does_not_replace_missing_growth_evidence
tests/test_nowcast.py::NowcastTests::test_integrator_contract_names_positive_local_remap
tests/test_nowcast.py::NowcastTests::test_invalid_config_is_rejected
tests/test_nowcast.py::NowcastTests::test_invalid_shape_is_rejected
tests/test_nowcast.py::NowcastTests::test_irregular_mask_rejects_mask_dominated_motion
tests/test_nowcast.py::NowcastTests::test_issuance_rejects_digest_consistent_invalid_dynamics
tests/test_nowcast.py::NowcastTests::test_issuance_rejects_digest_consistent_invalid_structure
tests/test_nowcast.py::NowcastTests::test_issuance_rejects_growth_count_evidence_mismatch
tests/test_nowcast.py::NowcastTests::test_issuance_rejects_inconsistent_local_evidence_channels
tests/test_nowcast.py::NowcastTests::test_issuance_rejects_modified_forecast_evidence_bundle
tests/test_nowcast.py::NowcastTests::test_large_displacement_does_not_expand_cell_tolerance
tests/test_nowcast.py::NowcastTests::test_latest_only_background_uses_stationary_persistence
tests/test_nowcast.py::NowcastTests::test_legacy_metric_domain_report_is_audit_only
tests/test_nowcast.py::NowcastTests::test_live_forecast_confidence_decays_with_lead_time
tests/test_nowcast.py::NowcastTests::test_local_dynamics_evidence_gates_confidence_and_radar_mask
tests/test_nowcast.py::NowcastTests::test_local_dynamics_evidence_requires_a_nearby_past_echo
tests/test_nowcast.py::NowcastTests::test_local_growth_distinguishes_growth_from_decay
tests/test_nowcast.py::NowcastTests::test_local_motion_uses_selected_earlier_pair_only
tests/test_nowcast.py::NowcastTests::test_local_path_verification_rejects_opposing_echo_motion
tests/test_nowcast.py::NowcastTests::test_long_lead_uses_one_direct_warp
tests/test_nowcast.py::NowcastTests::test_long_pair_confidence_ignores_irrelevant_domain_coverage
tests/test_nowcast.py::NowcastTests::test_long_pair_conflict_without_confidence_advantage_is_independent
tests/test_nowcast.py::NowcastTests::test_low_precision_echo_rejects_material_negative_values
tests/test_nowcast.py::NowcastTests::test_low_precision_tolerance_does_not_hide_stale_cell
tests/test_nowcast.py::NowcastTests::test_low_psr_pairs_fail_closed_to_persistence
tests/test_nowcast.py::NowcastTests::test_metric_domain_evidence_is_content_addressed_and_bounds_area
tests/test_nowcast.py::NowcastTests::test_metric_domain_generator_source_binding_is_ci_checkable
tests/test_nowcast.py::NowcastTests::test_metric_domain_report_reductions_are_independently_recomputed
tests/test_nowcast.py::NowcastTests::test_middle_missing_normalizes_twenty_minute_growth
tests/test_nowcast.py::NowcastTests::test_middle_missing_rejects_motion_at_search_boundary
tests/test_nowcast.py::NowcastTests::test_missing_aligned_previous_echo_is_not_maximum_growth
tests/test_nowcast.py::NowcastTests::test_missing_first_frame_uses_remaining_observation_pair
tests/test_nowcast.py::NowcastTests::test_missing_pairs_are_less_confident_than_strong_pairs
tests/test_nowcast.py::NowcastTests::test_missing_pixel_is_not_published_as_observed_clear
tests/test_nowcast.py::NowcastTests::test_motion_and_growth_use_their_own_selected_pairs
tests/test_nowcast.py::NowcastTests::test_motion_improves_an_independent_analytic_gaussian_truth
tests/test_nowcast.py::NowcastTests::test_motion_is_recovered_in_a_two_row_frame
tests/test_nowcast.py::NowcastTests::test_motion_is_recovered_without_suppressing_edge_echo
tests/test_nowcast.py::NowcastTests::test_moving_echo_uses_only_time_normalized_available_pairs
tests/test_nowcast.py::NowcastTests::test_near_echo_qc_hole_rejects_mask_dominated_motion
tests/test_nowcast.py::NowcastTests::test_nonfinite_displacement_is_rejected
tests/test_nowcast.py::NowcastTests::test_nonfinite_physical_echo_is_rejected
tests/test_nowcast.py::NowcastTests::test_nonzero_offset_state_match_is_path_only
tests/test_nowcast.py::NowcastTests::test_observation_pair_precedes_conflicting_background_pair
tests/test_nowcast.py::NowcastTests::test_observation_path_is_published_without_future_tendency
tests/test_nowcast.py::NowcastTests::test_old_background_without_latest_source_is_unavailable
tests/test_nowcast.py::NowcastTests::test_one_offset_past_echo_verifies_one_current_echo
tests/test_nowcast.py::NowcastTests::test_one_past_echo_cannot_verify_two_current_echoes
tests/test_nowcast.py::NowcastTests::test_operational_publication_excludes_unverified_persistence
tests/test_nowcast.py::NowcastTests::test_opposite_motion_below_search_limit_is_not_blended
tests/test_nowcast.py::NowcastTests::test_p1_issuance_rejects_verified_support_without_evidence
tests/test_nowcast.py::NowcastTests::test_p1_total_uncertainty_keeps_model_floor_and_saturation
tests/test_nowcast.py::NowcastTests::test_pair_disagreement_raises_live_velocity_uncertainty
tests/test_nowcast.py::NowcastTests::test_pair_psr_changes_dynamics_uncertainty
tests/test_nowcast.py::NowcastTests::test_pair_velocity_disagreement_is_resolution_invariant
tests/test_nowcast.py::NowcastTests::test_pair_without_common_echo_does_not_slow_valid_motion
tests/test_nowcast.py::NowcastTests::test_partial_latest_frame_is_completed_from_previous_state
tests/test_nowcast.py::NowcastTests::test_past_path_evidence_never_promotes_state
tests/test_nowcast.py::NowcastTests::test_phase_correlation_psr_accepts_a_distinct_shift
tests/test_nowcast.py::NowcastTests::test_phase_correlation_rejects_peak_at_search_boundary
tests/test_nowcast.py::NowcastTests::test_phase_correlation_rejects_peak_outside_motion_range
tests/test_nowcast.py::NowcastTests::test_physical_echo_rejects_material_negative_values
tests/test_nowcast.py::NowcastTests::test_physical_footprint_rejects_radius_larger_than_grid
tests/test_nowcast.py::NowcastTests::test_physical_footprint_uses_exact_projected_distance
tests/test_nowcast.py::NowcastTests::test_physical_motion_limit_requires_grid_contract
tests/test_nowcast.py::NowcastTests::test_physical_pair_echo_neighborhood_uses_exact_distance
tests/test_nowcast.py::NowcastTests::test_physical_pair_settings_require_grid_contract
tests/test_nowcast.py::NowcastTests::test_physical_psr_is_translation_invariant
tests/test_nowcast.py::NowcastTests::test_publication_mask_uses_advected_fractional_support
tests/test_nowcast.py::NowcastTests::test_radar_anchored_policy_rejects_background_only_state
tests/test_nowcast.py::NowcastTests::test_recent_pair_excludes_unconnected_earliest_source
tests/test_nowcast.py::NowcastTests::test_roundoff_negative_echo_is_corrected_and_reported
tests/test_nowcast.py::NowcastTests::test_roundoff_tolerance_cannot_create_negative_transport_weight
tests/test_nowcast.py::NowcastTests::test_selected_phase_peak_retains_subpixel_input_gradient
tests/test_nowcast.py::NowcastTests::test_sharp_echoes_remain_local_and_conserve_echo_integral
tests/test_nowcast.py::NowcastTests::test_source_support_cannot_return_after_leaving_boundary
tests/test_nowcast.py::NowcastTests::test_sparse_recent_frames_do_not_discard_complete_older_state
tests/test_nowcast.py::NowcastTests::test_stale_frozen_remap_cell_is_rejected
tests/test_nowcast.py::NowcastTests::test_stationary_echo_stays_stationary
tests/test_nowcast.py::NowcastTests::test_subpixel_search_limit_accepts_zero_motion
tests/test_nowcast.py::NowcastTests::test_tiny_actual_background_contribution_preserves_provenance
tests/test_nowcast.py::NowcastTests::test_tiny_support_tail_does_not_force_growth_limit
tests/test_nowcast.py::NowcastTests::test_translation_is_recovered
tests/test_nowcast.py::NowcastTests::test_transport_diagnostics_close_boundary_budget
tests/test_nowcast.py::NowcastTests::test_transport_diagnostics_preserve_roundoff_correction
tests/test_nowcast.py::NowcastTests::test_two_clipped_growth_pairs_retain_model_mismatch
tests/test_nowcast.py::NowcastTests::test_unavailable_growth_is_not_blended_as_zero
tests/test_nowcast.py::NowcastTests::test_unavailable_growth_records_no_pair_selection
tests/test_nowcast.py::NowcastTests::test_unconnected_observation_does_not_precede_current_background
tests/test_nowcast.py::NowcastTests::test_unused_background_does_not_publish_stale_age
tests/test_numerical_review.py::NumericalReviewTests::test_ensemble_centering_rejects_relative_bias_at_small_scales
tests/test_numerical_review.py::NumericalReviewTests::test_ensemble_centering_uses_each_metric_scale
tests/test_numerical_review.py::NumericalReviewTests::test_ensemble_statistics_reject_low_precision_members
tests/test_numerical_review.py::NumericalReviewTests::test_float32_transport_without_boundary_echo_has_zero_outflow
tests/test_numerical_review.py::NumericalReviewTests::test_large_background_projection_keeps_direction
tests/test_numerical_review.py::NumericalReviewTests::test_large_control_has_finite_velocity_jacobian
tests/test_numerical_review.py::NumericalReviewTests::test_mps_velocity_background_and_control_jacobians
tests/test_numerical_review.py::NumericalReviewTests::test_normal_interval_both_tails_have_finite_gradients
tests/test_numerical_review.py::NumericalReviewTests::test_small_float32_residual_cost
tests/test_numerical_review.py::NumericalReviewTests::test_small_float32_residual_solve
tests/test_numerical_review.py::NumericalReviewTests::test_transport_outflow_counts_corner_once
tests/test_numerical_review.py::NumericalReviewTests::test_truncated_gaussian_left_tail_value_and_gradients
tests/test_numerical_review.py::NumericalReviewTests::test_valid_grid_cell_area_encloses_nominal_and_exact_value
tests/test_numerical_review.py::NumericalReviewTests::test_zero_background_velocity_derivatives
tests/test_pcg.py::PCGTests::test_iteration_limit_reports_recomputed_true_residual
tests/test_pcg.py::PCGTests::test_low_precision_norm_does_not_overflow_to_false_convergence
tests/test_pcg.py::PCGTests::test_mps_nontrivial_spd_matches_cpu_float64_oracle
tests/test_pcg.py::PCGTests::test_mps_solve_does_not_require_float64
tests/test_pcg.py::PCGTests::test_rejects_invalid_operator_shape_and_configuration
tests/test_pcg.py::PCGTests::test_solves_known_spd_system
tests/test_pcg.py::PCGTests::test_tiny_float64_system_does_not_underflow_inner_product
tests/test_pcg.py::PCGTests::test_unrepresentable_solution_raises_controlled_error
tests/test_pcg.py::PCGTests::test_uses_inverse_preconditioner
tests/test_pcg.py::PCGTests::test_zero_rhs_returns_exact_zero_without_operator_call
tests/test_pcg.py::GaussNewtonTests::test_gauss_newton_hvp_supports_vmap
tests/test_pcg.py::GaussNewtonTests::test_gauss_newton_operator_is_symmetric_psd
tests/test_pcg.py::GaussNewtonTests::test_jvp_vjp_adjoint_identity_for_residual
tests/test_pcg.py::GaussNewtonTests::test_value_gradient_and_hvp_match_linear_algebra
tests/test_pcg_observer.py::test_observed_and_unobserved_spd_solve_have_exact_same_result
tests/test_pcg_observer.py::test_overlapping_thread_observers_are_independent_and_skip_ordinary_caller
tests/test_pcg_observer.py::test_nested_observers_run_inner_before_outer
tests/test_pcg_observer.py::test_observer_context_is_cleaned_up_after_exception
tests/test_pcg_observer.py::test_preimported_local_refinement_pcg_alias_uses_active_observer
tests/test_pcg_observer.py::test_partial_reanalysis_monitor_receives_pcg_operator_calls
tests/test_phase1_learning_demonstration.py::Phase1LearningDemonstrationTests::test_radar_prior_p1_fsoi_real_resolves_and_approves
tests/test_phase1_learning_demonstration.py::Phase1LearningDemonstrationTests::test_unmaterial_delta_is_rejected_after_real_validation
tests/test_phase1_scenario_learning.py::Phase1ScenarioLearningTests::test_classification_margin_gate_is_rejected_before_learning
tests/test_phase1_scenario_learning.py::Phase1ScenarioLearningTests::test_metric_weight_is_nonuniform_and_partially_supported
tests/test_phase1_scenario_learning.py::Phase1ScenarioLearningTests::test_no_material_signal_is_rejected_after_real_validation
tests/test_phase1_scenario_learning.py::Phase1ScenarioLearningTests::test_pixel_budget_is_rejected_before_learning
tests/test_phase1_scenario_learning.py::Phase1ScenarioLearningTests::test_positive_and_negative_prior_cell_use_real_full_half_validation
tests/test_phase1_scenario_nowcast.py::Phase1NowcastScenarioTests::test_all_qc_rejected_input_is_unavailable_without_support
tests/test_phase1_scenario_nowcast.py::Phase1NowcastScenarioTests::test_border_pulse_exits_without_wrap_for_all_eighteen_leads
tests/test_phase1_scenario_nowcast.py::Phase1NowcastScenarioTests::test_clear_sky_is_observed_but_all_missing_is_unavailable
tests/test_phase1_scenario_nowcast.py::Phase1NowcastScenarioTests::test_coherent_translation_and_conflicting_motion_are_bounded
tests/test_phase1_scenario_nowcast.py::Phase1NowcastScenarioTests::test_mixed_missing_qc_and_background_preserve_source_semantics
tests/test_phase1_scenario_nowcast.py::Phase1NowcastScenarioTests::test_nonfinite_values_are_missing_and_qc_rejection_is_distinct
tests/test_phase1_scenario_nowcast.py::Phase1NowcastScenarioTests::test_rotation_and_newcell_scenarios_are_bounded_model_limitations
tests/test_phase1_scenario_numerics.py::test_skinny_grid_fractional_transport_matches_scatter_oracle[dtype0-shape0]
tests/test_phase1_scenario_numerics.py::test_skinny_grid_fractional_transport_matches_scatter_oracle[dtype0-shape1]
tests/test_phase1_scenario_numerics.py::test_skinny_grid_fractional_transport_matches_scatter_oracle[dtype1-shape0]
tests/test_phase1_scenario_numerics.py::test_skinny_grid_fractional_transport_matches_scatter_oracle[dtype1-shape1]
tests/test_phase1_scenario_numerics.py::test_skinny_grid_empty_overlap_accepts_massive_mixed_dtype_motion
tests/test_phase1_scenario_numerics.py::test_near_integer_auto_branch_matches_frozen_ad_path[dtype0-below]
tests/test_phase1_scenario_numerics.py::test_near_integer_auto_branch_matches_frozen_ad_path[dtype0-above]
tests/test_phase1_scenario_numerics.py::test_near_integer_auto_branch_matches_frozen_ad_path[dtype1-below]
tests/test_phase1_scenario_numerics.py::test_near_integer_auto_branch_matches_frozen_ad_path[dtype1-above]
tests/test_phase1_scenario_numerics.py::test_pcg_diagonal_preconditioner_handles_dynamic_scale_residual[dtype0]
tests/test_phase1_scenario_numerics.py::test_pcg_diagonal_preconditioner_handles_dynamic_scale_residual[dtype1]
tests/test_phase1_scenario_numerics.py::test_extreme_scale_metrics_match_finite_scaled_oracle[dtype0]
tests/test_phase1_scenario_numerics.py::test_extreme_scale_metrics_match_finite_scaled_oracle[dtype1]
tests/test_phase1_theoretical_demonstration.py::test_full_horizon_latent_echo_matches_independent_destination_scatter
tests/test_phase1_theoretical_demonstration.py::test_constructed_state_uses_detached_frozen_metric_weights
tests/test_prior_learning.py::test_mean_only_update_has_independent_fso_fd_and_reload_evidence[0.25]
tests/test_prior_learning.py::test_existing_checkpoint_is_resumed
tests/test_prior_learning.py::test_failed_candidate_does_not_replace_checkpoint
tests/test_prior_learning.py::test_only_mean_offset_is_trainable
tests/test_prior_spatial_cotangent.py::PriorSpatialCotangentTests::test_composed_quadratic_oracle_reaches_nonfirst_prior_rows
tests/test_prior_spatial_cotangent.py::PriorSpatialCotangentTests::test_identity_prior_and_fallback_preserve_spatial_gradient
tests/test_promotion.py::NeuralPriorPromotionTests::test_absolute_bad_band_is_not_certified_when_parent_is_equally_bad
tests/test_promotion.py::NeuralPriorPromotionTests::test_activation_write_lock_crossing_publication_fails_closed
tests/test_promotion.py::NeuralPriorPromotionTests::test_all_active_range_classifier_fails_set_precision
tests/test_promotion.py::NeuralPriorPromotionTests::test_automatic_small_sample_aggregate_does_not_use_point_bootstrap
tests/test_promotion.py::NeuralPriorPromotionTests::test_automatic_uncertainty_never_treats_zero_variance_as_certainty
tests/test_promotion.py::NeuralPriorPromotionTests::test_backdated_raw_payload_cannot_be_committed_after_deadline
tests/test_promotion.py::NeuralPriorPromotionTests::test_background_lineage_uses_model_times_not_observation_times
tests/test_promotion.py::NeuralPriorPromotionTests::test_band_family_requires_its_own_bootstrap_tail_resolution
tests/test_promotion.py::NeuralPriorPromotionTests::test_band_local_withdrawal_blocks_only_the_affected_group
tests/test_promotion.py::NeuralPriorPromotionTests::test_band_skill_evidence_preserves_tail_and_event_diagnostics
tests/test_promotion.py::NeuralPriorPromotionTests::test_binary_event_interval_rejects_fractional_event_values
tests/test_promotion.py::NeuralPriorPromotionTests::test_bootstrap_tail_resolution_fails_closed
tests/test_promotion.py::NeuralPriorPromotionTests::test_boundary_shift_cannot_hide_training_event_overlap
tests/test_promotion.py::NeuralPriorPromotionTests::test_brier_preflight_inverts_the_actual_upper_bound
tests/test_promotion.py::NeuralPriorPromotionTests::test_candidate_manifest_binds_the_candidate_neutral_event_catalog
tests/test_promotion.py::NeuralPriorPromotionTests::test_candidate_manifest_digest_detects_lineage_mutation
tests/test_promotion.py::NeuralPriorPromotionTests::test_candidate_training_event_lineage_is_a_signed_catalog_result
tests/test_promotion.py::NeuralPriorPromotionTests::test_candidate_training_events_must_be_disjoint_from_holdout_events
tests/test_promotion.py::NeuralPriorPromotionTests::test_case_object_evidence_must_match_the_track_sample
tests/test_promotion.py::NeuralPriorPromotionTests::test_centroid_support_uses_the_full_affine_grid_diameter
tests/test_promotion.py::NeuralPriorPromotionTests::test_certificate_authority_roles_cannot_share_one_key
tests/test_promotion.py::NeuralPriorPromotionTests::test_classifier_eighteen_of_twenty_does_not_certify_at_point_threshold
tests/test_promotion.py::NeuralPriorPromotionTests::test_classifier_holdout_rejects_constant_false_routing
tests/test_promotion.py::NeuralPriorPromotionTests::test_classifier_safety_gates_use_event_level_finite_sample_bounds
tests/test_promotion.py::NeuralPriorPromotionTests::test_classifier_training_event_cannot_overlap_holdout_cycle
tests/test_promotion.py::NeuralPriorPromotionTests::test_classifier_training_input_cannot_reappear_under_new_case_name
tests/test_promotion.py::NeuralPriorPromotionTests::test_classifier_training_storm_cannot_overlap_holdout
tests/test_promotion.py::NeuralPriorPromotionTests::test_clear_sky_gain_cannot_hide_echo_intensity_regression
tests/test_promotion.py::NeuralPriorPromotionTests::test_clear_sky_hurdle_score_is_floor_representation_invariant
tests/test_promotion.py::NeuralPriorPromotionTests::test_cluster_mean_cannot_hide_case_level_harm_frequency
tests/test_promotion.py::NeuralPriorPromotionTests::test_complete_mosaic_outage_uses_signed_missing_receipts
tests/test_promotion.py::NeuralPriorPromotionTests::test_component_geometry_rejects_single_pixel_evidence
tests/test_promotion.py::NeuralPriorPromotionTests::test_concurrent_distinct_operational_decisions_form_linear_chain
tests/test_promotion.py::NeuralPriorPromotionTests::test_conditional_pit_replaces_raw_truncated_z_score
tests/test_promotion.py::NeuralPriorPromotionTests::test_consistent_subthreshold_band_harm_fails_certification
tests/test_promotion.py::NeuralPriorPromotionTests::test_cpu_only_scoring_generation_has_a_stable_backend_contract
tests/test_promotion.py::NeuralPriorPromotionTests::test_cross_family_raw_identity_reuse_is_rejected
tests/test_promotion.py::NeuralPriorPromotionTests::test_cross_radar_motion_components_cannot_be_split
tests/test_promotion.py::NeuralPriorPromotionTests::test_current_deployment_requires_committed_derivation
tests/test_promotion.py::NeuralPriorPromotionTests::test_current_holdout_rejects_legacy_observation_error_plan
tests/test_promotion.py::NeuralPriorPromotionTests::test_deployment_authority_ids_cannot_alias_one_public_key
tests/test_promotion.py::NeuralPriorPromotionTests::test_deployment_certificate_binds_the_full_promotion_preimage
tests/test_promotion.py::NeuralPriorPromotionTests::test_deployment_requires_preregistered_ood_validation
tests/test_promotion.py::NeuralPriorPromotionTests::test_deployment_sized_constant_event_scores_keep_finite_uncertainty
tests/test_promotion.py::NeuralPriorPromotionTests::test_direct_evaluation_construction_is_disabled
tests/test_promotion.py::NeuralPriorPromotionTests::test_disjoint_track_extrapolation_uses_terminal_motion
tests/test_promotion.py::NeuralPriorPromotionTests::test_duplicate_site_time_receipt_is_rejected
tests/test_promotion.py::NeuralPriorPromotionTests::test_dynamic_source_coverage_cannot_predate_input
tests/test_promotion.py::NeuralPriorPromotionTests::test_dynamic_source_coverage_must_be_ledgered_before_deadline
tests/test_promotion.py::NeuralPriorPromotionTests::test_dynamic_source_coverage_rejects_unregistered_radar_index
tests/test_promotion.py::NeuralPriorPromotionTests::test_dynamic_source_coverage_resolves_after_input_availability
tests/test_promotion.py::NeuralPriorPromotionTests::test_ece_is_diagnostic_not_a_dead_policy_gate
tests/test_promotion.py::NeuralPriorPromotionTests::test_echo_miss_is_not_hidden_by_clear_sky_prevalence
tests/test_promotion.py::NeuralPriorPromotionTests::test_end_to_end_harm_blocks_promotion
tests/test_promotion.py::NeuralPriorPromotionTests::test_end_to_end_harm_is_checked_when_common_skill_is_immaterial
tests/test_promotion.py::NeuralPriorPromotionTests::test_event_association_algorithm_must_be_preregistered
tests/test_promotion.py::NeuralPriorPromotionTests::test_event_case_spatial_membership_must_fit_the_event_envelope
tests/test_promotion.py::NeuralPriorPromotionTests::test_event_catalog_adjudicator_must_be_preregistered
tests/test_promotion.py::NeuralPriorPromotionTests::test_event_catalog_append_rejects_future_catalog_time
tests/test_promotion.py::NeuralPriorPromotionTests::test_event_envelope_must_contain_the_entire_replayable_track
tests/test_promotion.py::NeuralPriorPromotionTests::test_event_member_input_time_must_match_preregistered_plan
tests/test_promotion.py::NeuralPriorPromotionTests::test_event_weighted_estimand_is_invariant_to_case_replication
tests/test_promotion.py::NeuralPriorPromotionTests::test_experiment_family_counts_trials_across_separate_plans
tests/test_promotion.py::NeuralPriorPromotionTests::test_family_ten_with_one_thousand_bootstraps_is_rejected
tests/test_promotion.py::NeuralPriorPromotionTests::test_five_perfect_events_do_not_produce_certain_rate_bounds
tests/test_promotion.py::NeuralPriorPromotionTests::test_float32_value_on_decimal_lattice_is_accepted
tests/test_promotion.py::NeuralPriorPromotionTests::test_fractional_second_chronology_uses_instants_not_strings
tests/test_promotion.py::NeuralPriorPromotionTests::test_full_product_semantic_replay_reaches_promotion_without_scorer_patch
tests/test_promotion.py::NeuralPriorPromotionTests::test_future_operational_provenance_does_not_require_holdout
tests/test_promotion.py::NeuralPriorPromotionTests::test_historical_evidence_cannot_be_marked_deployment_eligible
tests/test_promotion.py::NeuralPriorPromotionTests::test_holdout_factory_uses_common_domain_and_inference_evidence
tests/test_promotion.py::NeuralPriorPromotionTests::test_holdout_plan_accepts_only_one_registered_event_catalog_result
tests/test_promotion.py::NeuralPriorPromotionTests::test_holdout_plan_requires_every_preregistered_observation_error_plan
tests/test_promotion.py::NeuralPriorPromotionTests::test_identical_small_metric_sample_retains_population_uncertainty
tests/test_promotion.py::NeuralPriorPromotionTests::test_immediately_previous_contracts_remain_audit_only
tests/test_promotion.py::NeuralPriorPromotionTests::test_input_plan_must_match_actual_operational_identity
tests/test_promotion.py::NeuralPriorPromotionTests::test_issuance_gate_includes_cases_with_unavailable_required_metric
tests/test_promotion.py::NeuralPriorPromotionTests::test_large_mask_cannot_hide_tiny_valid_band_sample
tests/test_promotion.py::NeuralPriorPromotionTests::test_late_final_operational_row_is_recorded_unusable
tests/test_promotion.py::NeuralPriorPromotionTests::test_late_publication_is_deactivated_fail_closed
tests/test_promotion.py::NeuralPriorPromotionTests::test_ledger_rejects_repackaged_processing_for_the_same_weather_sample
tests/test_promotion.py::NeuralPriorPromotionTests::test_legacy_intervention_is_not_a_prospective_receipt
tests/test_promotion.py::NeuralPriorPromotionTests::test_legacy_promotion_tensor_lists_load_as_audit_only
tests/test_promotion.py::NeuralPriorPromotionTests::test_metric_bound_is_derived_from_the_metric_support
tests/test_promotion.py::NeuralPriorPromotionTests::test_metric_cell_event_minimum_is_bound_into_policy_digest
tests/test_promotion.py::NeuralPriorPromotionTests::test_metric_cell_family_includes_local_issuance_bounds
tests/test_promotion.py::NeuralPriorPromotionTests::test_metric_support_must_match_the_forecast_run_and_grid
tests/test_promotion.py::NeuralPriorPromotionTests::test_metric_support_rejects_an_uninstalled_metric_engine
tests/test_promotion.py::NeuralPriorPromotionTests::test_metric_support_reuses_spatial_identity_across_valid_times
tests/test_promotion.py::NeuralPriorPromotionTests::test_missed_echo_objects_fail_the_probability_guard
tests/test_promotion.py::NeuralPriorPromotionTests::test_missing_required_band_metric_prevents_certification
tests/test_promotion.py::NeuralPriorPromotionTests::test_mosaic_issuance_domain_requires_dynamic_resolution
tests/test_promotion.py::NeuralPriorPromotionTests::test_mosaic_range_uses_the_resolved_source_radar
tests/test_promotion.py::NeuralPriorPromotionTests::test_mutated_metric_is_detected
tests/test_promotion.py::NeuralPriorPromotionTests::test_nonfinite_issuance_effect_is_rejected
tests/test_promotion.py::NeuralPriorPromotionTests::test_one_cluster_regime_cannot_support_promotion
tests/test_promotion.py::NeuralPriorPromotionTests::test_operational_client_cannot_be_constructed_or_faked
tests/test_promotion.py::NeuralPriorPromotionTests::test_operational_commit_crossing_deadline_is_rejected
tests/test_promotion.py::NeuralPriorPromotionTests::test_operational_decision_after_deadline_is_rejected
tests/test_promotion.py::NeuralPriorPromotionTests::test_operational_domain_uses_publication_cells_as_denominator
tests/test_promotion.py::NeuralPriorPromotionTests::test_operational_fault_injection_every_stage_is_retryable
tests/test_promotion.py::NeuralPriorPromotionTests::test_operational_issuer_rechecks_provenance_and_selection
tests/test_promotion.py::NeuralPriorPromotionTests::test_operational_masks_must_match_the_holdout_plan
tests/test_promotion.py::NeuralPriorPromotionTests::test_operational_range_coordinates_must_match_frame_shape
tests/test_promotion.py::NeuralPriorPromotionTests::test_operational_range_geometry_must_match_current_radar_site
tests/test_promotion.py::NeuralPriorPromotionTests::test_operational_range_geometry_must_match_current_run_grid
tests/test_promotion.py::NeuralPriorPromotionTests::test_overlapping_windows_append_same_family
tests/test_promotion.py::NeuralPriorPromotionTests::test_overlapping_windows_share_raw_observation_identity
tests/test_promotion.py::NeuralPriorPromotionTests::test_partial_regime_certification_only_falls_back_for_missing_group
tests/test_promotion.py::NeuralPriorPromotionTests::test_physical_applicability_contract_versions_are_new_generations
tests/test_promotion.py::NeuralPriorPromotionTests::test_physical_event_catalog_must_enclose_member_issue_times
tests/test_promotion.py::NeuralPriorPromotionTests::test_physical_event_catalog_result_is_fixed_before_candidate_scoring
tests/test_promotion.py::NeuralPriorPromotionTests::test_physical_event_catalog_signature_binds_case_membership
tests/test_promotion.py::NeuralPriorPromotionTests::test_physical_event_digest_controls_outer_cluster
tests/test_promotion.py::NeuralPriorPromotionTests::test_physical_event_identity_is_not_a_free_form_label
tests/test_promotion.py::NeuralPriorPromotionTests::test_piecewise_linear_tracks_detect_mid_segment_crossing
tests/test_promotion.py::NeuralPriorPromotionTests::test_pr102_contracts_remain_audit_only
tests/test_promotion.py::NeuralPriorPromotionTests::test_pr105_contracts_remain_audit_only
tests/test_promotion.py::NeuralPriorPromotionTests::test_pr108_contracts_remain_audit_only
tests/test_promotion.py::NeuralPriorPromotionTests::test_pr110_snapshot_bundle_remains_audit_loadable
tests/test_promotion.py::NeuralPriorPromotionTests::test_pr111_semantic_bundle_remains_audit_loadable
tests/test_promotion.py::NeuralPriorPromotionTests::test_pr144_v24_durable_replay_loads_as_audit_only
tests/test_promotion.py::NeuralPriorPromotionTests::test_pre_source_composition_replay_generations_are_audit_only
tests/test_promotion.py::NeuralPriorPromotionTests::test_previous_physical_contracts_load_as_audit_only
tests/test_promotion.py::NeuralPriorPromotionTests::test_prior_holdout_evidence_has_no_intervention_selection_fields
tests/test_promotion.py::NeuralPriorPromotionTests::test_prior_uncertainty_must_not_regress_against_parent
tests/test_promotion.py::NeuralPriorPromotionTests::test_probability_skill_cannot_hide_unreliable_state_uncertainty
tests/test_promotion.py::NeuralPriorPromotionTests::test_process_log_payload_tampering_is_detected_by_rehash
tests/test_promotion.py::NeuralPriorPromotionTests::test_promotes_only_independent_material_holdout_cases
tests/test_promotion.py::NeuralPriorPromotionTests::test_promotion_audit_payload_recomputes_tensor_digests
tests/test_promotion.py::NeuralPriorPromotionTests::test_promotion_evidence_makes_preflight_a_deployment_gate
tests/test_promotion.py::NeuralPriorPromotionTests::test_promotion_policy_rejects_a_different_event_catalog_result
tests/test_promotion.py::NeuralPriorPromotionTests::test_promotion_rejects_classifier_outside_preregistered_family
tests/test_promotion.py::NeuralPriorPromotionTests::test_promotion_rejects_post_scoring_threshold_changes
tests/test_promotion.py::NeuralPriorPromotionTests::test_promotion_requires_every_preregistered_case
tests/test_promotion.py::NeuralPriorPromotionTests::test_prospective_decision_direct_construction_is_disabled
tests/test_promotion.py::NeuralPriorPromotionTests::test_prospective_plan_cannot_store_future_weather_truth
tests/test_promotion.py::NeuralPriorPromotionTests::test_prospective_plan_is_durably_registered_before_raw_slots
tests/test_promotion.py::NeuralPriorPromotionTests::test_prospective_plan_precedes_every_raw_slot
tests/test_promotion.py::NeuralPriorPromotionTests::test_pure_clear_and_pure_echo_cases_use_component_applicability
tests/test_promotion.py::NeuralPriorPromotionTests::test_qc_invalid_values_are_model_invariant
tests/test_promotion.py::NeuralPriorPromotionTests::test_quantized_gaussian_upper_tail_has_finite_large_nll
tests/test_promotion.py::NeuralPriorPromotionTests::test_quantized_point_diagnostic_uses_local_detection_limit
tests/test_promotion.py::NeuralPriorPromotionTests::test_quantized_threshold_bins_form_a_disjoint_partition
tests/test_promotion.py::NeuralPriorPromotionTests::test_quantized_threshold_uses_interval_midpoint_pit
tests/test_promotion.py::NeuralPriorPromotionTests::test_range_band_harm_is_not_hidden_by_whole_domain_skill
tests/test_promotion.py::NeuralPriorPromotionTests::test_range_band_preserves_absolute_candidate_and_parent_scores
tests/test_promotion.py::NeuralPriorPromotionTests::test_range_geometry_contract_is_explicitly_horizontal_only
tests/test_promotion.py::NeuralPriorPromotionTests::test_range_geometry_resolves_a_complete_physical_partition
tests/test_promotion.py::NeuralPriorPromotionTests::test_range_masks_must_cover_the_complete_operational_grid
tests/test_promotion.py::NeuralPriorPromotionTests::test_range_object_component_uses_object_count_not_pixel_count
tests/test_promotion.py::NeuralPriorPromotionTests::test_raw_identity_survives_ingestor_key_rotation
tests/test_promotion.py::NeuralPriorPromotionTests::test_raw_ingestor_change_after_activation_fails_closed
tests/test_promotion.py::NeuralPriorPromotionTests::test_raw_ingestor_validity_and_revocation_are_enforced
tests/test_promotion.py::NeuralPriorPromotionTests::test_raw_quality_weight_is_rejected_outside_unit_interval
tests/test_promotion.py::NeuralPriorPromotionTests::test_raw_resolution_after_case_deadline_is_rejected
tests/test_promotion.py::NeuralPriorPromotionTests::test_raw_trust_artifact_activation_change_fails_closed
tests/test_promotion.py::NeuralPriorPromotionTests::test_recovery_rechecks_processor_and_derivation_chronology
tests/test_promotion.py::NeuralPriorPromotionTests::test_regime_classifier_evidence_is_bound_to_current_input
tests/test_promotion.py::NeuralPriorPromotionTests::test_regime_classifier_rehashes_mutable_execution_contract
tests/test_promotion.py::NeuralPriorPromotionTests::test_regime_reference_signature_binds_observed_label
tests/test_promotion.py::NeuralPriorPromotionTests::test_regime_specific_uncertainty_regression_is_not_averaged_away
tests/test_promotion.py::NeuralPriorPromotionTests::test_required_metric_cell_checks_end_to_end_non_inferiority
tests/test_promotion.py::NeuralPriorPromotionTests::test_required_metric_cell_must_be_non_inferior
tests/test_promotion.py::NeuralPriorPromotionTests::test_required_metric_cell_requires_independent_events
tests/test_promotion.py::NeuralPriorPromotionTests::test_revoked_authority_and_foreign_ledger_are_rejected
tests/test_promotion.py::NeuralPriorPromotionTests::test_runtime_activation_receipt_rejects_expiry_and_resigned_outer_digest
tests/test_promotion.py::NeuralPriorPromotionTests::test_runtime_activation_sql_chain_rejects_rewind_gap_and_unsigned_rollback
tests/test_promotion.py::NeuralPriorPromotionTests::test_same_physical_storm_across_days_and_radars_is_one_cluster
tests/test_promotion.py::NeuralPriorPromotionTests::test_sample_preflight_fails_a_sparse_metric_cell
tests/test_promotion.py::NeuralPriorPromotionTests::test_sample_size_preflight_is_subset_aware
tests/test_promotion.py::NeuralPriorPromotionTests::test_sample_size_preflight_rejects_an_impossible_small_holdout
tests/test_promotion.py::NeuralPriorPromotionTests::test_sampling_unit_is_independent_of_processing_contracts
tests/test_promotion.py::NeuralPriorPromotionTests::test_scheduler_authority_must_be_independent_from_adjudicator
tests/test_promotion.py::NeuralPriorPromotionTests::test_scored_input_cannot_be_rebound_to_different_raw_volumes
tests/test_promotion.py::NeuralPriorPromotionTests::test_scoring_algorithm_must_match_the_preregistered_plan
tests/test_promotion.py::NeuralPriorPromotionTests::test_scoring_artifact_detects_a_changed_evaluation
tests/test_promotion.py::NeuralPriorPromotionTests::test_scoring_backend_is_cpu_only
tests/test_promotion.py::NeuralPriorPromotionTests::test_scoring_completion_rejects_an_unbacked_output_digest
tests/test_promotion.py::NeuralPriorPromotionTests::test_scoring_input_seals_completed_reference_truth
tests/test_promotion.py::NeuralPriorPromotionTests::test_scoring_input_seals_the_exact_forecast_realization
tests/test_promotion.py::NeuralPriorPromotionTests::test_scoring_replay_crash_durability
tests/test_promotion.py::NeuralPriorPromotionTests::test_scoring_replay_reproduces_evaluation_digest
tests/test_promotion.py::NeuralPriorPromotionTests::test_scoring_start_requires_registered_catalog_and_trusted_time
tests/test_promotion.py::NeuralPriorPromotionTests::test_second_family_continues_registry
tests/test_promotion.py::NeuralPriorPromotionTests::test_selector_rechecks_operational_partition_grid
tests/test_promotion.py::NeuralPriorPromotionTests::test_self_authorized_provenance_receipt_is_rejected
tests/test_promotion.py::NeuralPriorPromotionTests::test_self_selected_one_percent_validity_blocks_promotion
tests/test_promotion.py::NeuralPriorPromotionTests::test_semantic_replay_detects_forecast_tensor_after_rehash_attempt
tests/test_promotion.py::NeuralPriorPromotionTests::test_semantic_replay_generation_stops_before_operational_deployment
tests/test_promotion.py::NeuralPriorPromotionTests::test_semantic_replay_raw_input_must_match_forecast_run
tests/test_promotion.py::NeuralPriorPromotionTests::test_semantic_replay_requires_exact_background_time_shape
tests/test_promotion.py::NeuralPriorPromotionTests::test_semantic_replay_requires_factory_and_exact_product_types
tests/test_promotion.py::NeuralPriorPromotionTests::test_semantic_replay_requires_one_device_across_every_role
tests/test_promotion.py::NeuralPriorPromotionTests::test_semantic_replay_requires_time_resolved_quality_weight
tests/test_promotion.py::NeuralPriorPromotionTests::test_semantic_replay_role_schema_rejects_wrong_dtype
tests/test_promotion.py::NeuralPriorPromotionTests::test_simultaneous_uncertainty_count_covers_family_components_groups
tests/test_promotion.py::NeuralPriorPromotionTests::test_skill_rate_bounds_retain_finite_event_uncertainty
tests/test_promotion.py::NeuralPriorPromotionTests::test_split_events_with_an_association_edge_are_rejected
tests/test_promotion.py::NeuralPriorPromotionTests::test_state_false_support_is_a_direct_promotion_guard
tests/test_promotion.py::NeuralPriorPromotionTests::test_state_target_requires_v2_measurement_attestation
tests/test_promotion.py::NeuralPriorPromotionTests::test_state_uncertainty_regression_against_parent_blocks_promotion
tests/test_promotion.py::NeuralPriorPromotionTests::test_track_payload_tampering_is_detected_by_rehash
tests/test_promotion.py::NeuralPriorPromotionTests::test_track_rejects_hidden_extreme_segment_speed
tests/test_promotion.py::NeuralPriorPromotionTests::test_training_and_holdout_inputs_must_be_disjoint
tests/test_promotion.py::NeuralPriorPromotionTests::test_training_and_holdout_storms_must_be_disjoint
tests/test_promotion.py::NeuralPriorPromotionTests::test_training_completion_requires_a_ledger_backed_start
tests/test_promotion.py::NeuralPriorPromotionTests::test_training_dataset_derivation_replay
tests/test_promotion.py::NeuralPriorPromotionTests::test_training_raw_and_sampling_units_cannot_overlap_holdout
tests/test_promotion.py::NeuralPriorPromotionTests::test_training_raw_receipt_cannot_be_rewritten_after_reservation
tests/test_promotion.py::NeuralPriorPromotionTests::test_training_shard_rejects_oversized_file_before_hashing
tests/test_promotion.py::NeuralPriorPromotionTests::test_training_targets_are_finite_nonempty_and_inside_windows
tests/test_promotion.py::NeuralPriorPromotionTests::test_truncated_tail_score_is_stable_and_differentiable
tests/test_promotion.py::NeuralPriorPromotionTests::test_trusted_process_start_receipt_rejects_signature_tampering
tests/test_promotion.py::NeuralPriorPromotionTests::test_uncertainty_scoring_clips_before_event_aggregation
tests/test_promotion.py::NeuralPriorPromotionTests::test_uncertainty_scoring_uses_observation_error_weight
tests/test_promotion.py::NeuralPriorPromotionTests::test_uncertainty_target_requires_its_planned_verification_source
tests/test_promotion.py::NeuralPriorPromotionTests::test_uncertified_regime_requires_parent_fallback
tests/test_promotion.py::NeuralPriorPromotionTests::test_unreliable_prior_uncertainty_blocks_promotion
tests/test_promotion.py::NeuralPriorPromotionTests::test_v10_promotion_evidence_remains_audit_only
tests/test_promotion.py::NeuralPriorPromotionTests::test_v11_promotion_evidence_remains_audit_only
tests/test_promotion.py::NeuralPriorPromotionTests::test_v15_promotion_remains_audit_only
tests/test_promotion.py::NeuralPriorPromotionTests::test_v18_promotion_remains_audit_only
tests/test_promotion.py::NeuralPriorPromotionTests::test_v19_evaluation_loads_as_audit_only
tests/test_promotion.py::NeuralPriorPromotionTests::test_v6_hurdle_evaluation_remains_content_verified_audit_only
tests/test_promotion.py::NeuralPriorPromotionTests::test_verification_target_identity_rechecks_observation_error_plan
tests/test_promotion.py::NeuralPriorPromotionTests::test_wrong_single_site_radar_is_rejected
tests/test_recompute_contract.py::test_recompute_alias_forms_match_plain_grad_gradgrad_and_jvp_of_grad[identity]
tests/test_recompute_contract.py::test_recompute_alias_forms_match_plain_grad_gradgrad_and_jvp_of_grad[clone]
tests/test_recompute_contract.py::test_recompute_alias_forms_match_plain_grad_gradgrad_and_jvp_of_grad[add_zero]
tests/test_recompute_contract.py::test_recompute_alias_forms_match_plain_grad_gradgrad_and_jvp_of_grad[tuple_alias]
tests/test_recompute_contract.py::test_recompute_rejects_nonfloating_inputs_before_function_execution[bool]
tests/test_recompute_contract.py::test_recompute_rejects_nonfloating_inputs_before_function_execution[int]
tests/test_recompute_contract.py::test_recompute_rejects_cpu_autocast_for_floating_input
tests/test_recomputed_transport.py::test_recompute_tuple_with_unused_output_and_shared_input
tests/test_recomputed_transport.py::test_recompute_scalar_three_block_gradgrad_and_hvp_match_plain
tests/test_recomputed_transport.py::test_recomputed_fv_three_blocks_match_plain_value_jvp_vjp_and_mixed
tests/test_recomputed_transport.py::test_recomputed_fv_zero_flow_tie_matches_plain_first_order_only
tests/test_review_intervention.py::InterventionReviewTests::test_qc_receipt_accepts_masked_cell_std_normalization
tests/test_review_intervention.py::InterventionReviewTests::test_qc_receipt_accepts_quality_only_change_with_same_std
tests/test_review_intervention.py::InterventionReviewTests::test_qc_receipt_rejects_active_observation_std_change
tests/test_review_ledger.py::LedgerReviewRegressionTests::test_available_all_nan_evidence_roundtrips_zero_gradient_snapshot
tests/test_review_ledger.py::LedgerReviewRegressionTests::test_infinite_evidence_is_rejected_for_each_channel
tests/test_review_ledger.py::LedgerReviewRegressionTests::test_producer_evidence_channels_reject_mixed_nan
tests/test_review_ledger.py::LedgerReviewRegressionTests::test_trust_components_outside_unit_interval_are_rejected
tests/test_review_ledger.py::LedgerReviewRegressionTests::test_trust_score_tiny_out_of_range_is_rejected
tests/test_review_ledger.py::LedgerReviewRegressionTests::test_unavailable_nan_evidence_roundtrips
tests/test_review_legacy_loaders.py::ReviewLegacyLoaderTests::test_legacy_loaders_round_trip_canonical_signed_payloads
tests/test_review_legacy_loaders.py::ReviewLegacyLoaderTests::test_low_confidence_replay_records_low_confidence_reason
tests/test_review_legacy_loaders.py::ReviewLegacyLoaderTests::test_resigned_malformed_regime_reference_digest_is_rejected
tests/test_review_legacy_loaders.py::ReviewLegacyLoaderTests::test_runtime_activation_requires_positive_exact_integer
tests/test_review_numerics.py::NumericalFollowupTests::test_companion_devices_are_checked_before_tensor_operations
tests/test_review_numerics.py::NumericalFollowupTests::test_gauss_newton_representable_half_sum_and_gradient
tests/test_review_numerics.py::NumericalFollowupTests::test_invalid_csi_threshold_is_rejected
tests/test_review_numerics.py::NumericalFollowupTests::test_metrics_large_values_and_gradients
tests/test_review_numerics.py::NumericalFollowupTests::test_metrics_ordinary_derivatives_and_zero_subgradient
tests/test_review_numerics.py::NumericalFollowupTests::test_metrics_preserve_cancellation_and_small_values
tests/test_review_numerics.py::NumericalFollowupTests::test_metrics_representable_result_after_overflowing_raw_difference
tests/test_review_numerics.py::NumericalFollowupTests::test_narrow_normal_interval_values_and_endpoint_derivatives
tests/test_review_numerics.py::NumericalFollowupTests::test_narrow_normal_parameter_derivatives
tests/test_review_numerics.py::NumericalFollowupTests::test_truncated_gaussian_large_scale_has_finite_likelihood
tests/test_review_numerics.py::NumericalFollowupTests::test_unsupported_precision_is_rejected_at_boundary
tests/test_review_promotion_contracts.py::test_current_input_plan_contract_rejects_v1_and_arbitrary_tags
tests/test_review_promotion_contracts.py::test_current_input_plan_requires_three_strictly_ordered_times[valid_times0]
tests/test_review_promotion_contracts.py::test_current_input_plan_requires_three_strictly_ordered_times[valid_times1]
tests/test_review_promotion_contracts.py::test_current_input_plan_requires_three_strictly_ordered_times[valid_times2]
tests/test_review_promotion_contracts.py::test_current_input_plan_requires_three_strictly_ordered_times[valid_times3]
tests/test_review_promotion_contracts.py::test_operational_issuance_domain_rejects_bogus_source_kind
tests/test_review_promotion_contracts.py::test_physical_event_track_allows_valid_constant_velocity
tests/test_review_promotion_contracts.py::test_physical_event_track_preserves_subsecond_intervals[constant-velocity]
tests/test_review_promotion_contracts.py::test_physical_event_track_preserves_subsecond_intervals[acceleration-below-limit]
tests/test_review_promotion_contracts.py::test_physical_event_track_rejects_subsecond_acceleration_in_constructor
tests/test_review_promotion_contracts.py::test_physical_event_track_validator_rejects_rehashed_acceleration_tamper
tests/test_review_promotion_contracts.py::test_range_band_evaluation_rejects_impossible_cross_field_evidence[kwargs0]
tests/test_review_promotion_contracts.py::test_range_band_evaluation_rejects_impossible_cross_field_evidence[kwargs1]
tests/test_review_promotion_contracts.py::test_range_band_evaluation_rejects_impossible_cross_field_evidence[kwargs2]
tests/test_review_promotion_contracts.py::test_range_band_evaluation_rejects_impossible_cross_field_evidence[kwargs3]
tests/test_review_promotion_contracts.py::test_range_band_evaluation_rejects_impossible_cross_field_evidence[kwargs4]
tests/test_review_promotion_contracts.py::test_range_band_evaluation_rejects_impossible_cross_field_evidence[kwargs5]
tests/test_review_promotion_contracts.py::test_range_band_evaluation_preserves_valid_set_difference_transitions[kwargs0]
tests/test_review_promotion_contracts.py::test_range_band_evaluation_preserves_valid_set_difference_transitions[kwargs1]
tests/test_review_promotion_contracts.py::test_range_band_evaluation_preserves_valid_set_difference_transitions[kwargs2]
tests/test_review_promotion_contracts.py::test_range_band_evaluation_preserves_valid_set_difference_transitions[kwargs3]
tests/test_review_promotion_statistics.py::PromotionStatisticsReviewTests::test_automatic_metric_cells_ignore_bootstrap_tail_resolution
tests/test_review_run_identity.py::RunIdentityReviewTests::test_affine_conversion_preserves_float32_and_float64_paths
tests/test_review_run_identity.py::RunIdentityReviewTests::test_affine_conversion_rejects_integer_inputs
tests/test_review_run_identity.py::RunIdentityReviewTests::test_current_background_digest_requires_presence_match
tests/test_review_run_identity.py::RunIdentityReviewTests::test_current_bundle_builder_and_validator_accept_both_background_states
tests/test_review_run_identity.py::RunIdentityReviewTests::test_current_run_rejects_direct_input_bundle_tamper
tests/test_review_run_identity.py::RunIdentityReviewTests::test_reduced_v42_artifact_keeps_legacy_background_migration
tests/test_run_artifact.py::ForecastRunArtifactTests::test_artifact_digest_is_independent_of_numpy_memory_layout
tests/test_run_artifact.py::ForecastRunArtifactTests::test_current_deployment_binds_exact_forecast_run_lineage
tests/test_run_artifact.py::ForecastRunArtifactTests::test_current_deployment_requires_terminal_activation_receipt
tests/test_run_artifact.py::ForecastRunArtifactTests::test_current_run_rejects_deployment_selection_lineage
tests/test_run_artifact.py::ForecastRunArtifactTests::test_deployment_replay_binds_the_operational_radar_site
tests/test_run_artifact.py::ForecastRunArtifactTests::test_input_bundle_digest_covers_all_three_input_times
tests/test_run_artifact.py::ForecastRunArtifactTests::test_load_applies_archive_resource_limits_before_materialization
tests/test_run_artifact.py::ForecastRunArtifactTests::test_load_rejects_config_json_that_disagrees_with_digest
tests/test_run_artifact.py::ForecastRunArtifactTests::test_load_rejects_declared_array_size_before_materialization
tests/test_run_artifact.py::ForecastRunArtifactTests::test_load_rejects_incorrect_pair_union_count
tests/test_run_artifact.py::ForecastRunArtifactTests::test_load_rejects_malformed_phase_correlation_psr_schema
tests/test_run_artifact.py::ForecastRunArtifactTests::test_load_rejects_object_array_header_before_materialization
tests/test_run_artifact.py::ForecastRunArtifactTests::test_load_rejects_pair_selection_count_mismatch
tests/test_run_artifact.py::ForecastRunArtifactTests::test_load_rejects_resigned_forecast_confidence
tests/test_run_artifact.py::ForecastRunArtifactTests::test_load_rejects_resigned_forecast_verified_support
tests/test_run_artifact.py::ForecastRunArtifactTests::test_load_rejects_resigned_local_dynamics_support
tests/test_run_artifact.py::ForecastRunArtifactTests::test_load_rejects_resigned_local_motion_support
tests/test_run_artifact.py::ForecastRunArtifactTests::test_load_rejects_tampered_background_tendency_provenance
tests/test_run_artifact.py::ForecastRunArtifactTests::test_load_rejects_tampered_grid_time_contract
tests/test_run_artifact.py::ForecastRunArtifactTests::test_load_rejects_tampered_input_bundle_identity
tests/test_run_artifact.py::ForecastRunArtifactTests::test_load_rejects_tampered_phase_correlation_psr
tests/test_run_artifact.py::ForecastRunArtifactTests::test_load_rejects_tampered_physical_displacement
tests/test_run_artifact.py::ForecastRunArtifactTests::test_load_rejects_tampered_state
tests/test_run_artifact.py::ForecastRunArtifactTests::test_load_rejects_unknown_archive_member
tests/test_run_artifact.py::ForecastRunArtifactTests::test_load_uses_central_metadata_semantics
tests/test_run_artifact.py::ForecastRunArtifactTests::test_load_uses_the_same_file_after_resource_preflight
tests/test_run_artifact.py::ForecastRunArtifactTests::test_loader_materializes_each_archive_member_once
tests/test_run_artifact.py::ForecastRunArtifactTests::test_neural_prior_lineage_is_all_or_none
tests/test_run_artifact.py::ForecastRunArtifactTests::test_neural_prior_lineage_round_trips_with_the_run
tests/test_run_artifact.py::ForecastRunArtifactTests::test_restart_m0_uses_embedded_latest_background
tests/test_run_artifact.py::ForecastRunArtifactTests::test_restart_round_trip_preserves_m0_snapshot
tests/test_run_artifact.py::ForecastRunArtifactTests::test_round_trip_preserves_grid_time_contract
tests/test_run_artifact.py::ForecastRunArtifactTests::test_round_trip_preserves_long_pair_provenance
tests/test_run_artifact.py::ForecastRunArtifactTests::test_round_trip_preserves_motion_conditioned_growth_conflict
tests/test_run_artifact.py::ForecastRunArtifactTests::test_round_trip_preserves_scientific_projected_grid_identity
tests/test_run_artifact.py::ForecastRunArtifactTests::test_save_rejects_incompatible_forecast_integrator
tests/test_run_artifact.py::ForecastRunArtifactTests::test_save_rejects_mutated_analysis_lineage
tests/test_run_artifact.py::ForecastRunArtifactTests::test_save_rejects_mutated_metadata
tests/test_run_artifact.py::ForecastRunArtifactTests::test_signed_promotion_and_external_policy_anchor_durable_decision
tests/test_run_artifact.py::ForecastRunArtifactTests::test_tensor_digest_accepts_scalar_tensors
tests/test_run_artifact.py::ForecastRunArtifactTests::test_v42_artifact_migrates_without_prior_lineage
tests/test_run_artifact.py::ForecastRunArtifactTests::test_v44_artifact_preserves_existing_prior_lineage
tests/test_run_artifact.py::ForecastRunArtifactTests::test_v49_candidate_run_loads_as_deployment_audit
tests/test_run_artifact.py::ForecastRunArtifactTests::test_v50_deployment_lineage_loads_as_policy_audit
tests/test_run_artifact.py::ForecastRunArtifactTests::test_v51_deployment_lineage_loads_as_decision_audit
tests/test_run_artifact.py::ForecastRunArtifactTests::test_v52_deployment_geometry_loads_as_audit_only
tests/test_run_artifact.py::ForecastRunArtifactTests::test_v53_cannot_omit_deployment_lineage_contract
tests/test_run_artifact.py::ForecastRunArtifactTests::test_v62_derivation_round_trip
tests/test_runtime.py::NumericalRuntimeManifestTest::test_runtime_digest_changes_with_device_model
tests/test_runtime.py::NumericalRuntimeManifestTest::test_runtime_digest_changes_with_matmul_precision
tests/test_runtime_closure.py::RuntimeClosureTests::test_active_import_path_identity_is_relocatable
tests/test_runtime_closure.py::RuntimeClosureTests::test_active_import_path_rejects_an_ambient_root
tests/test_runtime_closure.py::RuntimeClosureTests::test_interpreter_snapshot_requires_bytecode_writes_disabled
tests/test_runtime_closure.py::RuntimeClosureTests::test_native_library_identity_is_relocatable_within_import_root
tests/test_runtime_closure.py::RuntimeClosureTests::test_product_runtime_snapshot_rejects_shadow_and_writable_deployable
tests/test_runtime_closure.py::RuntimeClosureTests::test_runtime_file_snapshot_rejects_a_symlink
tests/test_scenario_reaction_experiment.py::test_closed_form_small_q_and_zero_kappa_boundaries[0.0]
tests/test_scenario_reaction_experiment.py::test_closed_form_small_q_and_zero_kappa_boundaries[1e-14]
tests/test_scenario_reaction_experiment.py::test_closed_form_small_q_and_zero_kappa_boundaries[1e-08]
tests/test_scenario_reaction_experiment.py::test_closed_form_small_q_and_zero_kappa_boundaries[0.2]
tests/test_scenario_reaction_experiment.py::test_large_finite_dbz_stays_finite
tests/test_scenario_reaction_experiment.py::test_reaction_has_finite_origin_jvp_vjp_and_gradgrad
tests/test_scenario_reaction_experiment.py::test_fit_actual_past_decay_and_eighteen_lead_closed_form_oracle
tests/test_scenario_reaction_experiment.py::test_kappa_zero_is_identifiable_from_constant_positive_history
tests/test_scenario_reaction_experiment.py::test_float32_fit_ignores_unresolved_floor_excess
tests/test_scenario_reaction_experiment.py::test_unsupported_zero_missing_positive_growth_and_nonconstant_regimes_reject
tests/test_scenario_rigid_experiment.py::test_rigid_coordinates_mass_and_outflow[1--0.14]
tests/test_scenario_rigid_experiment.py::test_rigid_coordinates_mass_and_outflow[1-0.0]
tests/test_scenario_rigid_experiment.py::test_rigid_coordinates_mass_and_outflow[1-0.14]
tests/test_scenario_rigid_experiment.py::test_rigid_coordinates_mass_and_outflow[6--0.14]
tests/test_scenario_rigid_experiment.py::test_rigid_coordinates_mass_and_outflow[6-0.0]
tests/test_scenario_rigid_experiment.py::test_rigid_coordinates_mass_and_outflow[6-0.14]
tests/test_scenario_rigid_experiment.py::test_rigid_coordinates_mass_and_outflow[18--0.14]
tests/test_scenario_rigid_experiment.py::test_rigid_coordinates_mass_and_outflow[18-0.0]
tests/test_scenario_rigid_experiment.py::test_rigid_coordinates_mass_and_outflow[18-0.14]
tests/test_scenario_rigid_experiment.py::test_rigid_preserves_interior_mass_and_identity
tests/test_scenario_rigid_experiment.py::test_rigid_derivatives_within_cells_and_connected_outflow
tests/test_scenario_rigid_experiment.py::test_fit_signed_rotation_translation_and_eighteen_lead_positions[-0.12]
tests/test_scenario_rigid_experiment.py::test_fit_signed_rotation_translation_and_eighteen_lead_positions[0.11]
tests/test_scenario_rigid_experiment.py::test_fit_pure_signed_rotation_without_translation[-0.16]
tests/test_scenario_rigid_experiment.py::test_fit_pure_signed_rotation_without_translation[0.13]
tests/test_scenario_rigid_experiment.py::test_constant_feature_rejects_unidentifiable_omega
tests/test_sensitivity.py::SensitivityTests::test_area_weighted_echo_is_resolution_invariant
tests/test_sensitivity.py::SensitivityTests::test_background_only_state_has_no_direct_sensitivity
tests/test_sensitivity.py::SensitivityTests::test_candidate_ranking_is_dimensionless_and_benefit_directed
tests/test_sensitivity.py::SensitivityTests::test_confidence_weighted_fss_downweights_low_confidence_windows
tests/test_sensitivity.py::SensitivityTests::test_context_distinguishes_missing_psr_from_numeric_zero
tests/test_sensitivity.py::SensitivityTests::test_context_preserves_independent_pair_conflicts
tests/test_sensitivity.py::SensitivityTests::test_context_records_reconstruction_and_growth_evidence
tests/test_sensitivity.py::SensitivityTests::test_context_separates_observed_weather_from_missing_area
tests/test_sensitivity.py::SensitivityTests::test_context_uses_projected_velocity_from_grid_contract
tests/test_sensitivity.py::SensitivityTests::test_control_gradient_matches_centered_finite_difference
tests/test_sensitivity.py::SensitivityTests::test_current_metric_uncertainty_reaches_soft_fss_footprint
tests/test_sensitivity.py::SensitivityTests::test_empty_centroid_and_invalid_configs_are_explicit
tests/test_sensitivity.py::SensitivityTests::test_forecast_linear_core_matches_step_and_dbz_paths
tests/test_sensitivity.py::SensitivityTests::test_joint_evidence_rejects_spatially_disjoint_marginals
tests/test_sensitivity.py::SensitivityTests::test_latest_direct_dbz_gradient_obeys_frozen_active_set
tests/test_sensitivity.py::SensitivityTests::test_m0_uses_the_issued_forecast_confidence
tests/test_sensitivity.py::SensitivityTests::test_metric_domain_policies_freeze_distinct_weights
tests/test_sensitivity.py::SensitivityTests::test_missing_background_marks_impacts_unavailable
tests/test_sensitivity.py::SensitivityTests::test_missing_verification_is_not_recorded_as_zero_error
tests/test_sensitivity.py::SensitivityTests::test_nonfinite_background_does_not_create_fake_innovation
tests/test_sensitivity.py::SensitivityTests::test_odd_grid_tile_impacts_close_to_total
tests/test_sensitivity.py::SensitivityTests::test_pair_conflict_reduces_trust_without_changing_other_components
tests/test_sensitivity.py::SensitivityTests::test_physical_fss_uses_exact_anisotropic_affine_footprint
tests/test_sensitivity.py::SensitivityTests::test_physical_metric_settings_resolve_from_the_grid
tests/test_sensitivity.py::SensitivityTests::test_returned_acceptance_mask_is_an_independent_copy
tests/test_sensitivity.py::SensitivityTests::test_scores_and_gradients_use_only_the_issued_domain
tests/test_sensitivity.py::SensitivityTests::test_sensitivity_rejects_a_changed_acceptance_mask
tests/test_sensitivity.py::SensitivityTests::test_sensitivity_rejects_a_forecast_that_does_not_close
tests/test_sensitivity.py::SensitivityTests::test_sensitivity_rejects_a_shrunken_issued_domain
tests/test_sensitivity.py::SensitivityTests::test_sensitivity_rejects_mismatched_run_inputs
tests/test_sensitivity.py::SensitivityTests::test_sensitivity_scores_the_issued_capped_forecast
tests/test_sensitivity.py::SensitivityTests::test_sensitivity_uses_the_forecast_run_config
tests/test_sensitivity.py::SensitivityTests::test_snapshot_shapes_and_m0_scope
tests/test_sensitivity.py::SensitivityTests::test_soft_fss_handles_a_grid_smaller_than_its_window
tests/test_sensitivity.py::SensitivityTests::test_soft_fss_is_zero_for_identity_and_symmetric_for_a_miss
tests/test_sensitivity.py::SensitivityTests::test_unissued_forecast_has_no_sensitivity
tests/test_sensitivity.py::SensitivityTests::test_unlineaged_baseline_scores_are_rejected
tests/test_sensitivity.py::SensitivityTests::test_unverified_path_support_reduces_trust
tests/test_sensitivity.py::VariationalFSOTests::test_adjoint_config_validation_and_active_set_margin
tests/test_sensitivity.py::VariationalFSOTests::test_approved_learning_policy_with_supplied_branch_certificate
tests/test_sensitivity.py::VariationalFSOTests::test_baseline_branch_signature_covers_pair_and_peak_identity
tests/test_sensitivity.py::VariationalFSOTests::test_baseline_branch_validation_checks_half_perturbation
tests/test_sensitivity.py::VariationalFSOTests::test_censored_and_weight_sensitivity_match_perturb_and_resolve
tests/test_sensitivity.py::VariationalFSOTests::test_censored_perturbations_use_event_specific_factories
tests/test_sensitivity.py::VariationalFSOTests::test_confirmatory_observation_masks_and_source_identity_replay
tests/test_sensitivity.py::VariationalFSOTests::test_correlated_observation_fso_matches_perturb_and_resolve
tests/test_sensitivity.py::VariationalFSOTests::test_current_geometry_binds_grid_identity_and_derived_spacing
tests/test_sensitivity.py::VariationalFSOTests::test_current_geometry_binds_registry_crs_and_model_scope
tests/test_sensitivity.py::VariationalFSOTests::test_current_source_registry_rejects_radar_outside_metric_domain
tests/test_sensitivity.py::VariationalFSOTests::test_current_source_selection_declares_cpu_binary64_boundary
tests/test_sensitivity.py::VariationalFSOTests::test_current_v6_mps_physical_psr_fss_and_centroid_paths
tests/test_sensitivity.py::VariationalFSOTests::test_current_verification_rejects_half_precision_spatial_fields
tests/test_sensitivity.py::VariationalFSOTests::test_feasibility_margins_are_content_addressed
tests/test_sensitivity.py::VariationalFSOTests::test_fp32_reflectivity_does_not_downcast_observation_geometry
tests/test_sensitivity.py::VariationalFSOTests::test_gauss_newton_curvature_defect_has_analytic_reference
tests/test_sensitivity.py::VariationalFSOTests::test_ground_range_bounds_control_verification_selection_and_age
tests/test_sensitivity.py::VariationalFSOTests::test_historical_v9_observation_error_digest_is_immutable
tests/test_sensitivity.py::VariationalFSOTests::test_learning_policy_is_external_and_requires_physical_input
tests/test_sensitivity.py::VariationalFSOTests::test_learning_policy_trust_store_requires_root_ownership
tests/test_sensitivity.py::VariationalFSOTests::test_legacy_v13_linearization_migrates_without_prior_state
tests/test_sensitivity.py::VariationalFSOTests::test_mosaic_cell_state_is_bound_to_source_assignment
tests/test_sensitivity.py::VariationalFSOTests::test_mosaic_observation_registry_bounds_and_binds_source_indices
tests/test_sensitivity.py::VariationalFSOTests::test_observation_error_derivation_replays_exact_registry_tensors
tests/test_sensitivity.py::VariationalFSOTests::test_observation_error_gaussian_diagnostic_is_proper_and_report_only
tests/test_sensitivity.py::VariationalFSOTests::test_observation_removal_rebuilds_the_full_analysis
tests/test_sensitivity.py::VariationalFSOTests::test_observation_removal_rejects_unaccepted_input
tests/test_sensitivity.py::VariationalFSOTests::test_p1_linearization_artifact_rejects_tamper_and_runtime_mismatch
tests/test_sensitivity.py::VariationalFSOTests::test_p1_linearization_artifact_restarts_identical_fso
tests/test_sensitivity.py::VariationalFSOTests::test_p1_linearization_artifact_syncs_file_and_directory
tests/test_sensitivity.py::VariationalFSOTests::test_physical_fsoi_includes_spatial_prior_uncertainty_path
tests/test_sensitivity.py::VariationalFSOTests::test_physical_radar_perturbation_factory_connects_input_paths
tests/test_sensitivity.py::VariationalFSOTests::test_scalar_observation_sensitivity_sign_is_independent
tests/test_sensitivity.py::VariationalFSOTests::test_scientific_geometry_is_generated_from_one_float64_affine
tests/test_sensitivity.py::VariationalFSOTests::test_selected_leads_warm_start_and_resource_budgets
tests/test_sensitivity.py::VariationalFSOTests::test_sheared_grid_uses_minimum_singular_spatial_age_gate
tests/test_sensitivity.py::VariationalFSOTests::test_source_selection_never_treats_pow_exp_as_authoritative
tests/test_sensitivity.py::VariationalFSOTests::test_temporal_transcendental_overlap_leaves_source_unassigned
tests/test_sensitivity.py::VariationalFSOTests::test_top2_source_dominance_matches_quadratic_oracle
tests/test_sensitivity.py::VariationalFSOTests::test_v2_observation_derivation_inputs_are_audit_only
tests/test_sensitivity.py::VariationalFSOTests::test_variational_fso_binds_metric_domain_policy
tests/test_sensitivity.py::VariationalFSOTests::test_variational_fso_binds_verification_and_output_contents
tests/test_sensitivity.py::VariationalFSOTests::test_variational_fso_covers_all_observation_times
tests/test_sensitivity.py::VariationalFSOTests::test_variational_fso_fails_closed
tests/test_sensitivity.py::VariationalFSOTests::test_variational_fso_matches_dense_and_finite_difference
tests/test_sensitivity.py::VariationalFSOTests::test_variational_fso_matches_observation_perturb_and_resolve
tests/test_sensitivity.py::VariationalFSOTests::test_variational_fsoi_enforces_global_trust_radius
tests/test_sensitivity.py::VariationalFSOTests::test_variational_fsoi_rejects_directional_classification_change
tests/test_sensitivity.py::VariationalFSOTests::test_variational_fsoi_rejects_invalid_perturbation_contracts
tests/test_sensitivity.py::VariationalFSOTests::test_variational_fsoi_requires_and_applies_explicit_perturbation
tests/test_sensitivity.py::VariationalFSOTests::test_verification_bundle_binds_time_grid_qc_and_content
tests/test_sensitivity.py::VariationalFSOTests::test_verification_bundle_capabilities_have_one_current_generation
tests/test_sensitivity.py::VariationalFSOTests::test_verification_cell_state_preserves_censoring_without_point_score
tests/test_sensitivity.py::VariationalFSOTests::test_verification_observation_error_controls_metric_weight
tests/test_shift_zero.py::ShiftZeroTests::test_mps_domain_exit_preserves_shift_and_remap_derivatives
tests/test_shift_zero.py::ShiftZeroTests::test_out_of_domain_discards_nonfinite_values_without_mutating_input
tests/test_shift_zero.py::ShiftZeroTests::test_out_of_domain_shift_preserves_backward_connection
tests/test_shift_zero.py::ShiftZeroTests::test_storage_is_bounded_by_output_size
tests/test_shift_zero.py::ShiftZeroTests::test_values_jvp_and_vjp_match_original_for_81_shifts
tests/test_subpixel_motion_refinement.py::SubpixelMotionRefinementTests::test_broad_fast_motion_remains_a_visible_candidate_limit
tests/test_subpixel_motion_refinement.py::SubpixelMotionRefinementTests::test_signed_fractional_shifts_improve_independent_error
tests/test_subpixel_motion_refinement.py::SubpixelMotionRefinementTests::test_width_and_contrast_changes_do_not_change_shift_sign
tests/test_transport_demo.py::test_display_coarsening_preserves_echo_integral
tests/test_transport_demo.py::test_boundary_demo_distinguishes_unknown_clear_and_partial
tests/test_transport_demo.py::test_learning_probe_does_not_report_success_when_copy_fails
tests/test_transport_numerical_diffusion.py::test_single_remap_variance_and_fourier_damping[-8.3]
tests/test_transport_numerical_diffusion.py::test_single_remap_variance_and_fourier_damping[-0.5]
tests/test_transport_numerical_diffusion.py::test_single_remap_variance_and_fourier_damping[0.0]
tests/test_transport_numerical_diffusion.py::test_single_remap_variance_and_fourier_damping[0.3]
tests/test_transport_numerical_diffusion.py::test_single_remap_variance_and_fourier_damping[0.5]
tests/test_transport_numerical_diffusion.py::test_single_remap_variance_and_fourier_damping[8.75]
tests/test_transport_numerical_diffusion.py::test_forecast_does_not_accumulate_repeated_interpolation_diffusion
tests/test_transport_numerical_diffusion.py::test_smooth_cell_average_error_decreases_under_grid_refinement
tests/test_transport_trajectory.py::test_one_cell_trajectory_matches_time_dependent_boundary_recurrence[False]
tests/test_transport_trajectory.py::test_one_cell_trajectory_matches_time_dependent_boundary_recurrence[True]
tests/test_transport_trajectory.py::test_shared_trajectory_matches_direct_steps[dtype0-donorcell]
tests/test_transport_trajectory.py::test_shared_trajectory_matches_direct_steps[dtype0-minmod]
tests/test_transport_trajectory.py::test_shared_trajectory_matches_direct_steps[dtype1-donorcell]
tests/test_transport_trajectory.py::test_shared_trajectory_matches_direct_steps[dtype1-minmod]
tests/test_transport_trajectory.py::test_forecast_continuation_uses_the_same_discrete_trajectory[donorcell]
tests/test_transport_trajectory.py::test_forecast_continuation_uses_the_same_discrete_trajectory[minmod]
tests/test_transport_trajectory.py::test_replay_value_jvp_vjp_and_mixed_second_derivative[2-donorcell]
tests/test_transport_trajectory.py::test_replay_value_jvp_vjp_and_mixed_second_derivative[2-minmod]
tests/test_transport_trajectory.py::test_replay_value_jvp_vjp_and_mixed_second_derivative[9-donorcell]
tests/test_transport_trajectory.py::test_replay_value_jvp_vjp_and_mixed_second_derivative[9-minmod]
tests/test_variational.py::VariationalAnalysisTests::test_ad_hot_path_has_no_boundary_validation
tests/test_variational.py::VariationalAnalysisTests::test_amplitude_fraction_is_gated_per_time
tests/test_variational.py::VariationalAnalysisTests::test_amplitude_fraction_tolerates_one_spatial_outlier
tests/test_variational.py::VariationalAnalysisTests::test_amplitude_information_thresholds_must_be_positive
tests/test_variational.py::VariationalAnalysisTests::test_amplitude_policy_and_confidence_thresholds_are_validated
tests/test_variational.py::VariationalAnalysisTests::test_analysis_background_preserves_valid_observation
tests/test_variational.py::VariationalAnalysisTests::test_analysis_can_cross_zero_into_a_negative_remap_cell
tests/test_variational.py::VariationalAnalysisTests::test_analysis_must_improve_zero_control_reference
tests/test_variational.py::VariationalAnalysisTests::test_analysis_operator_has_gradient_above_output_cap
tests/test_variational.py::VariationalAnalysisTests::test_analysis_preserves_background_tendency_provenance
tests/test_variational.py::VariationalAnalysisTests::test_analysis_support_follows_analyzed_displacement
tests/test_variational.py::VariationalAnalysisTests::test_bilinear_quarter_weights_open_control_support
tests/test_variational.py::VariationalAnalysisTests::test_block_stationarity_is_resolution_stable
tests/test_variational.py::VariationalAnalysisTests::test_bound_learned_input_is_reentrant_and_restartable
tests/test_variational.py::VariationalAnalysisTests::test_bounded_controls_allow_inward_updates_at_saturated_baselines
tests/test_variational.py::VariationalAnalysisTests::test_causal_envelope_preserves_only_initial_anchors
tests/test_variational.py::VariationalAnalysisTests::test_causal_support_back_advects_later_detection
tests/test_variational.py::VariationalAnalysisTests::test_censored_background_is_independent_of_storage_value
tests/test_variational.py::VariationalAnalysisTests::test_censored_p1_verification_requires_precision
tests/test_variational.py::VariationalAnalysisTests::test_common_bias_contract_is_validated_and_changes_lineage
tests/test_variational.py::VariationalAnalysisTests::test_common_bias_resources_are_estimated_without_allocation
tests/test_variational.py::VariationalAnalysisTests::test_common_bias_storage_budgets_fail_closed
tests/test_variational.py::VariationalAnalysisTests::test_common_bias_whitener_matches_dense_inverse_square_root
tests/test_variational.py::VariationalAnalysisTests::test_confidence_detects_bidirectional_echo_and_area_errors
tests/test_variational.py::VariationalAnalysisTests::test_constant_active_field_has_zero_smoothness_cost
tests/test_variational.py::VariationalAnalysisTests::test_continuous_violation_allows_progress_before_threshold
tests/test_variational.py::VariationalAnalysisTests::test_continuous_violation_does_not_double_weight_quality
tests/test_variational.py::VariationalAnalysisTests::test_current_metric_uncertainty_reaches_causal_and_amplitude_support
tests/test_variational.py::VariationalAnalysisTests::test_data_identifiability_reports_zero_information_without_data
tests/test_variational.py::VariationalAnalysisTests::test_default_censored_background_uses_clear_sky_floor
tests/test_variational.py::VariationalAnalysisTests::test_degraded_analysis_skips_field_conditioned_identifiability
tests/test_variational.py::VariationalAnalysisTests::test_detected_censored_and_once_whitened_residuals
tests/test_variational.py::VariationalAnalysisTests::test_effective_pixel_count_is_quality_scale_invariant
tests/test_variational.py::VariationalAnalysisTests::test_effective_pixel_threshold_can_disable_small_sample_veto
tests/test_variational.py::VariationalAnalysisTests::test_established_echo_cannot_fill_precursor_object
tests/test_variational.py::VariationalAnalysisTests::test_established_echo_excess_growth_is_diagnosed
tests/test_variational.py::VariationalAnalysisTests::test_established_echo_inside_growth_envelope_is_not_excess
tests/test_variational.py::VariationalAnalysisTests::test_exact_physical_footprint_excludes_diagonal_causal_anchor
tests/test_variational.py::VariationalAnalysisTests::test_exact_physical_footprint_excludes_diagonal_local_maximum
tests/test_variational.py::VariationalAnalysisTests::test_external_censored_background_requires_complete_coverage
tests/test_variational.py::VariationalAnalysisTests::test_field_smoothness_prior_uses_only_active_edges
tests/test_variational.py::VariationalAnalysisTests::test_field_smoothness_rejects_sheared_grid
tests/test_variational.py::VariationalAnalysisTests::test_field_smoothness_weight_must_be_nonnegative
tests/test_variational.py::VariationalAnalysisTests::test_final_linearization_is_polished_to_stationarity
tests/test_variational.py::VariationalAnalysisTests::test_final_linearization_settings_are_validated
tests/test_variational.py::VariationalAnalysisTests::test_final_linearization_tracks_remap_branch_changes
tests/test_variational.py::VariationalAnalysisTests::test_floor_precursor_uses_prior_charged_warm_start
tests/test_variational.py::VariationalAnalysisTests::test_frozen_irls_matches_true_robust_gradient
tests/test_variational.py::VariationalAnalysisTests::test_infeasible_lm_trial_is_rejected_before_evaluation
tests/test_variational.py::VariationalAnalysisTests::test_invalid_observations_use_stale_background
tests/test_variational.py::VariationalAnalysisTests::test_invalid_observations_without_background_are_unavailable
tests/test_variational.py::VariationalAnalysisTests::test_joint_analysis_reduces_manufactured_trajectory_error
tests/test_variational.py::VariationalAnalysisTests::test_later_background_does_not_expand_p1_support
tests/test_variational.py::VariationalAnalysisTests::test_later_detected_echo_is_not_published_as_clear
tests/test_variational.py::VariationalAnalysisTests::test_later_echo_opens_anchored_causal_control_support
tests/test_variational.py::VariationalAnalysisTests::test_later_pcg_failure_preserves_accepted_analysis
tests/test_variational.py::VariationalAnalysisTests::test_latest_amplitude_threshold_constructor_remains_supported
tests/test_variational.py::VariationalAnalysisTests::test_local_echo_closes_subpixel_amplitude_error
tests/test_variational.py::VariationalAnalysisTests::test_local_max_does_not_hide_integrated_echo_deficit
tests/test_variational.py::VariationalAnalysisTests::test_low_absolute_quality_cannot_hard_veto_amplitude
tests/test_variational.py::VariationalAnalysisTests::test_low_precision_frames_are_rejected_before_fft
tests/test_variational.py::VariationalAnalysisTests::test_low_quality_echo_does_not_hard_veto_amplitude
tests/test_variational.py::VariationalAnalysisTests::test_m0_sensitivity_rejects_p1_analysis_state
tests/test_variational.py::VariationalAnalysisTests::test_matching_group_preserves_two_predicted_objects
tests/test_variational.py::VariationalAnalysisTests::test_missing_initial_frame_falls_back_to_time_aware_baseline
tests/test_variational.py::VariationalAnalysisTests::test_missing_qc_rejected_and_observed_clear_are_distinct
tests/test_variational.py::VariationalAnalysisTests::test_negative_analysis_trajectory_fails_closed
tests/test_variational.py::VariationalAnalysisTests::test_neural_prior_application_requires_reproducible_inference
tests/test_variational.py::VariationalAnalysisTests::test_neural_prior_linearization_round_trips_all_prior_contracts
tests/test_variational.py::VariationalAnalysisTests::test_neural_prior_output_changes_the_actual_p1_analysis
tests/test_variational.py::VariationalAnalysisTests::test_neural_prior_support_is_clipped_or_budgeted
tests/test_variational.py::VariationalAnalysisTests::test_neural_prior_uncertainty_residual_uses_dbz_jacobian
tests/test_variational.py::VariationalAnalysisTests::test_object_count_collapse_degrades_confidence
tests/test_variational.py::VariationalAnalysisTests::test_operational_analysis_rejects_degraded_candidate
tests/test_variational.py::VariationalAnalysisTests::test_operational_analysis_rejects_saturated_dynamics
tests/test_variational.py::VariationalAnalysisTests::test_operational_analysis_requires_complete_physical_contract
tests/test_variational.py::VariationalAnalysisTests::test_operational_candidate_requires_input_bound_deployment_selection
tests/test_variational.py::VariationalAnalysisTests::test_operational_confidence_policy_falls_back_on_under_and_over
tests/test_variational.py::VariationalAnalysisTests::test_operational_policy_falls_back_on_insufficient_information
tests/test_variational.py::VariationalAnalysisTests::test_overlapping_common_bias_factorization_is_frozen_once
tests/test_variational.py::VariationalAnalysisTests::test_overlapping_object_footprints_share_prediction_once
tests/test_variational.py::VariationalAnalysisTests::test_p1_confidence_uses_physical_posterior_uncertainty
tests/test_variational.py::VariationalAnalysisTests::test_p1_consumes_state_head_not_truncated_probability_location
tests/test_variational.py::VariationalAnalysisTests::test_p1_latest_state_fit_does_not_certify_wrong_motion
tests/test_variational.py::VariationalAnalysisTests::test_p1_motion_fit_does_not_certify_wrong_growth
tests/test_variational.py::VariationalAnalysisTests::test_p1_run_lineage_covers_config_std_and_quality
tests/test_variational.py::VariationalAnalysisTests::test_p1_run_preserves_grid_time_contract
tests/test_variational.py::VariationalAnalysisTests::test_p1_saturation_uncertainty_grows_toward_decoder_limit
tests/test_variational.py::VariationalAnalysisTests::test_p1_verification_enforces_absolute_detected_error
tests/test_variational.py::VariationalAnalysisTests::test_p1_verification_excludes_local_latest_observation_mismatch
tests/test_variational.py::VariationalAnalysisTests::test_p1_verification_excludes_negligible_precision
tests/test_variational.py::VariationalAnalysisTests::test_p1_verification_excludes_zero_quality_observation
tests/test_variational.py::VariationalAnalysisTests::test_p1_without_physical_posterior_has_zero_confidence
tests/test_variational.py::VariationalAnalysisTests::test_pcg_failure_uses_baseline_fallback
tests/test_variational.py::VariationalAnalysisTests::test_physical_distance_settings_resolve_against_grid
tests/test_variational.py::VariationalAnalysisTests::test_physical_motion_increment_requires_positive_complete_contract
tests/test_variational.py::VariationalAnalysisTests::test_physical_radar_delta_includes_the_prior_jvp
tests/test_variational.py::VariationalAnalysisTests::test_physical_smoothness_graph_weights_anisotropic_edges
tests/test_variational.py::VariationalAnalysisTests::test_posterior_saturation_requires_uncertainty_clearance
tests/test_variational.py::VariationalAnalysisTests::test_prior_execution_digest_binds_exported_graph_and_object_state
tests/test_variational.py::VariationalAnalysisTests::test_prior_execution_digest_binds_the_actual_forward_code
tests/test_variational.py::VariationalAnalysisTests::test_prior_rejects_state_that_would_require_p1_clamping
tests/test_variational.py::VariationalAnalysisTests::test_prior_runner_certifies_derivatives_at_the_live_input
tests/test_variational.py::VariationalAnalysisTests::test_prior_runner_preserves_spatial_uncertainty_outputs
tests/test_variational.py::VariationalAnalysisTests::test_prior_runner_rejects_caller_declared_execution_identity
tests/test_variational.py::VariationalAnalysisTests::test_prior_runner_rejects_mutated_non_parameter_state
tests/test_variational.py::VariationalAnalysisTests::test_prior_support_threshold_changes_probability_identity
tests/test_variational.py::VariationalAnalysisTests::test_projected_velocity_control_is_isotropic_on_anisotropic_grid
tests/test_variational.py::VariationalAnalysisTests::test_public_trajectory_refreezes_stale_remap_cells
tests/test_variational.py::VariationalAnalysisTests::test_radar_dependent_prior_exposes_matching_jvp_and_vjp
tests/test_variational.py::VariationalAnalysisTests::test_radar_dependent_prior_requires_probabilistic_validity
tests/test_variational.py::VariationalAnalysisTests::test_radar_prior_total_derivative_includes_log_std
tests/test_variational.py::VariationalAnalysisTests::test_radial_velocity_control_is_rotation_equivariant
tests/test_variational.py::VariationalAnalysisTests::test_radial_velocity_control_keeps_large_controls_inside_speed_ball
tests/test_variational.py::VariationalAnalysisTests::test_radial_velocity_control_preserves_baseline_and_local_scale
tests/test_variational.py::VariationalAnalysisTests::test_random_and_actual_adjoint_direction_defects_fail_closed
tests/test_variational.py::VariationalAnalysisTests::test_reachability_margin_changes_sign_at_threshold
tests/test_variational.py::VariationalAnalysisTests::test_rejected_lm_trial_retries_with_more_damping
tests/test_variational.py::VariationalAnalysisTests::test_research_confidence_policy_returns_degraded_analysis
tests/test_variational.py::VariationalAnalysisTests::test_residual_derivative_and_gauss_newton_contracts
tests/test_variational.py::VariationalAnalysisTests::test_retained_linearization_owns_its_tensor_storage
tests/test_variational.py::VariationalAnalysisTests::test_returned_analysis_records_local_identifiability
tests/test_variational.py::VariationalAnalysisTests::test_saturation_uncertainty_counteracts_small_decoder_jacobian
tests/test_variational.py::VariationalAnalysisTests::test_seed_warm_start_cannot_override_zero_control_reference
tests/test_variational.py::VariationalAnalysisTests::test_small_failed_precursor_object_is_not_diluted_by_large_object
tests/test_variational.py::VariationalAnalysisTests::test_small_float32_violation_can_make_relative_progress
tests/test_variational.py::VariationalAnalysisTests::test_solver_rejects_stale_active_field_index_before_evaluation
tests/test_variational.py::VariationalAnalysisTests::test_solver_reuses_pullbacks_and_field_diagnostic_adds_two
tests/test_variational.py::VariationalAnalysisTests::test_sparse_field_gradient_cannot_hide_behind_rms
tests/test_variational.py::VariationalAnalysisTests::test_state_product_must_match_analysis_radar_product
tests/test_variational.py::VariationalAnalysisTests::test_state_qc_must_match_analysis_input
tests/test_variational.py::VariationalAnalysisTests::test_state_support_decision_probability_is_contractual
tests/test_variational.py::VariationalAnalysisTests::test_state_support_threshold_must_match_analysis_detection_limit
tests/test_variational.py::VariationalAnalysisTests::test_stochastic_and_stateful_prior_inference_fail_closed
tests/test_variational.py::VariationalAnalysisTests::test_three_observation_blocks_are_explicit
tests/test_variational.py::VariationalAnalysisTests::test_tiny_causal_tail_does_not_open_control_support
tests/test_variational.py::VariationalAnalysisTests::test_tiny_causal_tail_is_not_representable
tests/test_variational.py::VariationalAnalysisTests::test_transient_intermediate_amplitude_is_checked
tests/test_variational.py::VariationalAnalysisTests::test_transient_intermediate_echo_must_be_representable
tests/test_variational.py::VariationalAnalysisTests::test_unrepresentable_latest_echo_falls_back_to_p0
tests/test_variational.py::VariationalAnalysisTests::test_unresolved_amplitude_fraction_must_be_bounded
tests/test_variational.py::VariationalAnalysisTests::test_violation_merit_breaks_time_axis_maximum_ties
tests/test_weather_scenarios_demo.py::WeatherScenarioDemoTests::test_detection_counts_use_common_raw_domain_and_empty_denominators
tests/test_weather_scenarios_demo.py::WeatherScenarioDemoTests::test_empty_score_domain_is_null_and_display_rounding_is_bounded
tests/test_weather_scenarios_demo.py::WeatherScenarioDemoTests::test_marker_renderer_embeds_json_without_unescaped_script_boundary
tests/test_weather_scenarios_demo.py::WeatherScenarioDemoTests::test_missing_coverage_keeps_null_observations_and_reduces_score_domain
tests/test_weather_scenarios_demo.py::WeatherScenarioDemoTests::test_schema_and_grid_contract_are_complete
tests/test_weather_scenarios_demo.py::WeatherScenarioDemoTests::test_translation_geometry_and_signed_score_are_independent

2281 tests collected in 1.30s
